Year,Trifd,Frs_id,Facility,Street_address,City,County,State,Zip,Latitude,Longitude,Company_name,Federal_facility,Industry_sector,Chemical,Carcinogen
2021,2820WTWCCN227GA,110070244793.0,ITW CCNA PNA CONSTRUCTION TECHNOLOGIES,2027 GATEWAY BLVD,CHARLOTTE,MECKLENBURG,NC,28208,35.24323,-80.90692,ILLINOIS TOOL WORKS INC,NO,Fabricated Metals,Manganese,NO
2021,28208CHRLT1335S,110000349267.0,CHARLOTTE PIPE & FOUNDRY CO,1335 S CLARKSON ST,CHARLOTTE,MECKLENBURG,NC,28208,35.224323,-80.861806,CHARLOTTE PIPE & FOUNDRY CO,NO,Primary Metals,Manganese compounds,NO
2021,27042HLSTDHWY31,110009844865.0,WIELAND COPPER PRODUCTS LLC,3990 US 311 HWY N,PINE HALL,STOKES,NC,27042,36.342778,-80.044166,WIELAND HOLDINGS INC,NO,Primary Metals,Nickel,YES
2021,28456FDRLPRIEGE,110009719304.0,INTERNATIONAL PAPER RIEGELWOOD MILL,865 JOHN L.RIEGEL RD,RIEGELWOOD,COLUMBUS,NC,28456,34.3522,-78.2125,INTERNATIONAL PAPER CO,NO,Paper,Barium compounds (except for barium sulfate (CAS No. 7727-43-7)),NO
2021,2845WSLRLB333NE,110000350352.0,ENTEGRIS INC.,333 NEILS EDDY ROAD,RIEGELWOOD,COLUMBUS,NC,28456,34.32599,-78.19946,ENTEGRIS INC,NO,Chemicals,Toluene,NO
2021,2710WCTRPL295TE,110044979306.0,PROGRESS RAIL,2950 TEMPLE SCHOOL RD,WINSTON SALEM,FORSYTH,NC,27107,36.05773,-80.12248,CATERPILLAR INC,NO,Transportation Equipment,Nickel,YES
2021,28677STHRNHWY70,110000351342.0,SOUTHERN STATES COOP INC,2582 SALISBURY HWY,STATESVILLE,IREDELL,NC,28677,35.757032,-80.796343,SOUTHERN STATES COOP INC,NO,Chemicals,Manganese,NO
2021,27870CHMPNNORTH,110037266990.0,WESTROCK KRAFT PAPER LLC,100 GASTON RD,ROANOKE RAPIDS,HALIFAX,NC,27870,36.476037,-77.643173,WESTROCK CO,NO,Paper,Dioxin and dioxin-like compounds,YES
2021,27536STRNMUS1SO,110010448836.0,EASTERN MINERALS INC,170 EASTERN MINERALS RD,HENDERSON,VANCE,NC,27537,36.27084,-78.40468,NA,NO,Food,Cobalt compounds,NO
2021,27573LSNPC10475,110000492636.0,LOUISIANA PACIFIC CORP. ROXBOR O OSB,10475 BOSTON RD,ROXBORO,PERSON,NC,27574,36.52113,-78.90658,LOUISIANA PACIFIC CORP,NO,Wood Products,Formaldehyde,YES
2021,2845WSLRLB333NE,110000350352.0,ENTEGRIS INC.,333 NEILS EDDY ROAD,RIEGELWOOD,COLUMBUS,NC,28456,34.32599,-78.19946,ENTEGRIS INC,NO,Chemicals,Methanol,NO
2021,2867WSTHRN3111S,110054198033.0,SWS CONCRETE-SHERRILLS FORD ROAD PLANT,3099 STEAM PLANT ROAD,SHERRILLS FORD,CATAWBA,NC,28673,35.607933,-80.979575,STEVENSON-WEIR/SOUTHERN LLC,NO,Nonmetallic Mineral Product,Lead compounds,NO
2021,27870CHMPNNORTH,110037266990.0,WESTROCK KRAFT PAPER LLC,100 GASTON RD,ROANOKE RAPIDS,HALIFAX,NC,27870,36.476037,-77.643173,WESTROCK CO,NO,Paper,Mercury  And Mercury Compounds,NO
2021,2811WPRTPS41VAN,110064433377.0,PRO-TOPS INC.,4001 VAN DYKE CT,MONROE,UNION,NC,28110,35.06697,-80.63452,NA,NO,Nonmetallic Mineral Product,Ethylbenzene,YES
2021,27013FRGHTHWY70,110000345083.0,DAIMLER TRUCKS NA LLC-CLEVELAND,11550 STATESVILLE BLVD,CLEVELAND,ROWAN,NC,27013,35.72916,-80.68949,DAIMLER TRUCKS NORTH AMERICA LLC,NO,Transportation Equipment,Xylene (mixed isomers),NO
2021,28682DKNRG8320E,110000351397.0,DUKE ENERGY CAROLINAS LLC - MARSHALL STEAM STATION,8320 E NC 150 HWY,TERRELL,CATAWBA,NC,28682,35.5983,-80.9636,DUKE ENERGY CORP,NO,Electric Utilities,"Benzo[g,h,i]perylene",NO
2021,28174WMPLR205ED,110000349178.0,PILGRIM'S PRIDE CORP WINGATE FEED MILL,205 EDGEWOOD DR,WINGATE,UNION,NC,28174,34.983133,-80.467216,JBS USA FOOD CO,NO,Food,Copper compounds,NO
2021,28636MRCNRINTER,110007663876.0,AMERICAN ROLLER BEARING & MANUFACTURING INC,1095 MCCLAIN RD,HIDDENITE,ALEXANDER,NC,28636,35.88375,-81.09311,AMERICAN ROLLER BEARING CO,NO,Fabricated Metals,Lead,YES
2021,2817WTRNGL296US,110031274323.0,TRIANGLE BRICK-WADESBORO,2960 US HIGHWAY 52 N,WADESBORO,ANSON,NC,28170,35.019923,-80.087889,TRIANGLE BRICK CO,NO,Nonmetallic Mineral Product,Zinc compounds,NO
2021,27806TXSGLHIGHW,110000586376.0,PCS PHOSPHATE CO INC,1530 NC HWY 306 S,AURORA,BEAUFORT,NC,27806,35.37745,-76.778816,POTASH HOLDING CO INC,NO,Chemicals,Selenium compounds,NO
2021,28127FBRCM181RA,110039019424.0,FIBER COMPOSITES LLC,181 RANDOM DR,NEW LONDON,STANLY,NC,28127,35.419316,-80.211766,FIBER COMPOSITES LLC,NO,Plastics and Rubber,Lead,YES
2021,28645BTLRP601HI,110000351002.0,TEIJIN AUTOMOTIVE TECHNOLOGIES NORTH CAROLINA COMPOSITES LL,601 HIBRITEN DR SW,LENOIR,CALDWELL,NC,28645,35.883,-81.5294,TEIJIN AUTOMOTIVE TECHNOLOGIES INC,NO,Plastics and Rubber,Zinc compounds,NO
2021,28306FCTPR3200N,110000349766.0,MANN + HUMMEL PUROLATOR FILTERS LLC,3200 NATAL RD,FAYETTEVILLE,CUMBERLAND,NC,28306,35.01388,-78.91885,MANN+HUMMEL USA INC,NO,Machinery,Diisocyanates,NO
2021,28677PRNML173MC,110000351306.0,PURINA ANIMAL NUTRITION LLC - STATESVILLE,173 MCNESS RD,STATESVILLE,IREDELL,NC,28677,35.75389,-80.79541,LAND O LAKES INC,NO,Food,Copper compounds,NO
2021,28273TWCKN145WE,110024942446.0,ITW COOKING EQUIPMENT,10405 WESTLAKE DR,CHARLOTTE,MECKLENBURG,NC,28273,35.14276,-80.96875,ILLINOIS TOOL WORKS INC,NO,Machinery,Manganese,NO
2021,28456FDRLPRIEGE,110009719304.0,INTERNATIONAL PAPER RIEGELWOOD MILL,865 JOHN L.RIEGEL RD,RIEGELWOOD,COLUMBUS,NC,28456,34.3522,-78.2125,INTERNATIONAL PAPER CO,NO,Paper,Manganese compounds,NO
2021,28472CMPBL1476S,110000350398.0,CAMPBELL OIL & GAS CO.,1476 S JK POWELL BLVD,WHITEVILLE,COLUMBUS,NC,28472,34.30961,-78.71479,CAMPBELL OIL & GAS CO,NO,Petroleum Bulk Terminals,Zinc (fume or dust),NO
2021,28307DPTFRDIREC,110064176877.0,U.S. ARMY FORT BRAGG,DPW ENV COMPLIANCE BRANCH BLDG 3-1137 REILLY RD,FORT BRAGG,CUMBERLAND,NC,28310,35.15705,-79.00036,US DEPARTMENT OF DEFENSE,YES,Other,Lead  And Lead Compounds,NO
2021,28075FLRDSHWY49,110000348302.0,MAUSER USA LLC,12180 UNIVERSITY CITY BLVD,HARRISBURG,CABARRUS,NC,28075,35.31658,-80.67623,MAUSER CORP,NO,Fabricated Metals,Certain glycol ethers,NO
2021,2840WSNNCH251NR,110071284149.0,SENNECA HOLDINGS (HMF EXPRESS),2501 NORTHCHASE PKWY SE,WILMINGTON,NEW HANOVER,NC,28405,34.304473,-77.868614,SENNECA HOLDINGS,NO,Fabricated Metals,Manganese,NO
2021,27806TXSGLHIGHW,110000586376.0,PCS PHOSPHATE CO INC,1530 NC HWY 306 S,AURORA,BEAUFORT,NC,27806,35.37745,-76.778816,POTASH HOLDING CO INC,NO,Chemicals,Lead  And Lead Compounds,NO
2021,27835HNDRX1101I,110002348638.0,TRIEST AG GROUP INC,1101 INDUSTRIAL BLVD,GREENVILLE,PITT,NC,27834,35.645,-77.34877,TRIEST AG GROUP INC,NO,Chemicals,"1,3-Dichloropropylene",YES
2021,27922NCRST1505R,110024423131.0,NUCOR STEEL HERTFORD COUNTY,1505 RIVER RD,COFIELD,HERTFORD,NC,27922,36.355216,-76.81115,NUCOR CORP,NO,Primary Metals,Dioxin and dioxin-like compounds,YES
2021,2780WPNCLL542EN,110060260621.0,HUBBELL LENOIR CITY ROCKY MOUNT,546 ENGLISH RD,ROCKY MOUNT,NASH,NC,27804,35.979988,-77.852888,HUBBELL INC,NO,Plastics and Rubber,Styrene,YES
2021,28456FDRLPRIEGE,110009719304.0,INTERNATIONAL PAPER RIEGELWOOD MILL,865 JOHN L.RIEGEL RD,RIEGELWOOD,COLUMBUS,NC,28456,34.3522,-78.2125,INTERNATIONAL PAPER CO,NO,Paper,Mercury  And Mercury Compounds,NO
2021,28025CHMTX2725A,110012339941.0,HEIQ CHEMTEX INC,2725 ARMENTROUT DR,CONCORD,CABARRUS,NC,28025,35.37851,-80.57505,NA,NO,Chemicals,Nonylphenol Ethoxylates,NO
2021,28127FBRCM181RA,110039019424.0,FIBER COMPOSITES LLC,181 RANDOM DR,NEW LONDON,STANLY,NC,28127,35.419316,-80.211766,FIBER COMPOSITES LLC,NO,Plastics and Rubber,Maleic anhydride,NO
2021,28716CHMPNMAINS,110009846480.0,BLUE RIDGE PAPER PRODUCTS LLC,175 MAIN ST,CANTON,HAYWOOD,NC,28716,35.5349,-82.8421,EVERGREEN PACKAGING GROUP,NO,Paper,Acetaldehyde,YES
2021,2827WBSCHR141SL,110069234466.0,BOSCH REXROTH CORP,14001 S LAKES DR,CHARLOTTE,MECKLENBURG,NC,28273,35.10315,-80.95797,ROBERT BOSCH LLC,NO,Machinery,Lead,YES
2021,28216STNLY7300R,110000349490.0,MASONITE CHARLOTTE NC EXTERIOR DOOR,7300 REAMES RD,CHARLOTTE,MECKLENBURG,NC,28216,35.32087,-80.85226,MASONITE CORP,NO,Fabricated Metals,Diisocyanates,NO
2021,27962WYRHSTROWB,110013794000.0,DOMTAR PAPER CO LLC-PLYMOUTH MILL,TROWBRIDGE RD,PLYMOUTH,MARTIN,NC,27962,35.861716,-76.779683,DOMTAR CORP,NO,Paper,Methanol,NO
2021,2726WFRTRS3874B,110054849321.0,FORTRESS WOOD PRODUCTS INC,3874 BETHEL DR EXT,HIGH POINT,RANDOLPH,NC,27260,35.912831,-80.043254,THE LESTER GROUP,NO,Wood Products,Copper compounds,NO
2021,2750WCRLNS1SUNR,110070500194.0,CAROLINA SUNROCK LLC - BUTNER,100 SUNROCK DR,BUTNER,GRANVILLE,NC,27509,36.1212,-78.76715,THE SUNROCK GROUP INC,NO,Nonmetallic Mineral Product,Lead  And Lead Compounds,NO
2021,27536BLLNCUSHWY,110001482887.0,ARDAGH GLASS INC,620 FACET RD,HENDERSON,VANCE,NC,27537,36.291066,-78.391883,ARDAGH HOLDINGS USA INC,NO,Nonmetallic Mineral Product,Ammonia,NO
2021,27285DRHTC1000D,110000345984.0,JOHN DEERE KERNERSVILLE LLC,1000 DEERE-HITACHI RD,KERNERSVILLE,FORSYTH,NC,27284,36.1368,-80.0922,DEERE-HITACHI CONSTRUCTION MACHINERY CORP,NO,Machinery,Manganese,NO
2021,28682DKNRG8320E,110000351397.0,DUKE ENERGY CAROLINAS LLC - MARSHALL STEAM STATION,8320 E NC 150 HWY,TERRELL,CATAWBA,NC,28682,35.5983,-80.9636,DUKE ENERGY CORP,NO,Electric Utilities,"Hydrochloric acid (acid aerosols including mists, vapors, gas, fog, and other airborne forms of any particle size)",NO
2021,27870CHMPNNORTH,110037266990.0,WESTROCK KRAFT PAPER LLC,100 GASTON RD,ROANOKE RAPIDS,HALIFAX,NC,27870,36.476037,-77.643173,WESTROCK CO,NO,Paper,Ammonia,NO
2021,2814WBRLCM175CI,110067605782.0,WESTLAKE ROYAL BUILDING PRODUCTS INC - PLANT 2,175 CIRCLE M DR,SALISBURY,ROWAN,NC,28147,35.63252,-80.5305,WESTLAKE CHEMICAL CORP,NO,Plastics and Rubber,Diisocyanates,NO
2021,28025LRCHN2200S,110000545134.0,AIRGAS SPECIALTY PRODUCTS-CONCORD NC,2200 SPEEDRAIL CT,CONCORD,CABARRUS,NC,28025,35.33755,-80.61329,AIRGAS INC,NO,Chemical Wholesalers,Ammonia,NO
2021,28384SFTYKHWY30,110039005377.0,SAFETY-KLEEN SYSTEMS SAINT PAULS (STP),934 N 5TH ST,SAINT PAULS,ROBESON,NC,28384,34.817116,-78.974865,CLEAN HARBORS INC,NO,Hazardous Waste,"Benzo[g,h,i]perylene",NO
2021,28214TRNSM7401O,110000492672.0,BLANCHARD TERMINAL CO - CHARLOTTE EAST NC TERMINAL,7401 OLD MT HOLLY RD,CHARLOTTE,MECKLENBURG,NC,28214,35.277522,-80.931366,MARATHON PETROLEUM CORP,NO,Petroleum Bulk Terminals,Naphthalene,YES
2021,28214TRNSM7401O,110000492672.0,BLANCHARD TERMINAL CO - CHARLOTTE EAST NC TERMINAL,7401 OLD MT HOLLY RD,CHARLOTTE,MECKLENBURG,NC,28214,35.277522,-80.931366,MARATHON PETROLEUM CORP,NO,Petroleum Bulk Terminals,Xylene (mixed isomers),NO
2021,27419RCHRDPOBOX,110000346769.0,THE PROCTER & GAMBLE MANUFACTURING CO,100 SWING RD,GREENSBORO,GUILFORD,NC,27409,36.0742,-79.91005,THE PROCTER & GAMBLE CO,NO,Chemicals,Nitrate compounds (water dissociable; reportable only when in aqueous solution),NO
2021,28472CMPBL1476S,110000350398.0,CAMPBELL OIL & GAS CO.,1476 S JK POWELL BLVD,WHITEVILLE,COLUMBUS,NC,28472,34.30961,-78.71479,CAMPBELL OIL & GAS CO,NO,Petroleum Bulk Terminals,Toluene,NO
2021,2858WTRYND182IN,110024441184.0,ROWMARK CUSTOM LAMINATIONS,182 INDUSTRIAL PARK DR,TRENTON,JONES,NC,28585,35.07059,-77.36531,ROWMARK LLC,NO,Plastics and Rubber,Methyl isobutyl ketone,YES
2021,28145NVRSL358WO,110000348990.0,UFP SALISBURY LLC,358 WOODMILL RD,SALISBURY,ROWAN,NC,28147,35.59815,-80.54285,UFP INDUSTRIES INC,NO,Wood Products,Copper compounds,NO
2021,2807WKRZTR11836,110070932184.0,KURZ TRANSFER PRODUCTS. L.P. HUNTERSVILLE,11836 PATTERSON RD,HUNTERSVILLE,MECKLENBURG,NC,28078,35.38447,-80.86459,KURZ TRANSFER PRODUCTS LP,NO,Printing,Toluene,NO
2021,27042HLSTDHWY31,110009844865.0,WIELAND COPPER PRODUCTS LLC,3990 US 311 HWY N,PINE HALL,STOKES,NC,27042,36.342778,-80.044166,WIELAND HOLDINGS INC,NO,Primary Metals,Chromium compounds (except for chromite ore mined in the Transvaal Region),NO
2021,27262NVCHM201OL,110000345886.0,ENNIS-FLINT INC - HIGH POINT FACILITY,201 OLD THOMASVILLE RD,HIGH POINT,GUILFORD,NC,27260,35.93417,-80.02944,ENNIS-FLINT INC,NO,Chemicals,Ammonia,NO
2021,28472CMPBL1476S,110000350398.0,CAMPBELL OIL & GAS CO.,1476 S JK POWELL BLVD,WHITEVILLE,COLUMBUS,NC,28472,34.30961,-78.71479,CAMPBELL OIL & GAS CO,NO,Petroleum Bulk Terminals,Xylene (mixed isomers),NO
2021,28603CRLNS22741,110000350619.0,CAROLINA SOLVENTS INC,2274 1ST ST SE,HICKORY,CATAWBA,NC,28602,35.69927,-81.34293,NA,NO,Chemicals,Xylene (mixed isomers),NO
2021,2873WCRLNR264MI,110064433368.0,CAROLINA READY MIX & BUILDERS SUPPLY LLC,264 MILLS GAP RD,FLETCHER,HENDERSON,NC,28732,35.432394,-82.473742,CONCRETE SUPPLY CO LLC,NO,Nonmetallic Mineral Product,Lead  And Lead Compounds,NO
2021,2840WSNNCH251NR,110071284149.0,SENNECA HOLDINGS (HMF EXPRESS),2501 NORTHCHASE PKWY SE,WILMINGTON,NEW HANOVER,NC,28405,34.304473,-77.868614,SENNECA HOLDINGS,NO,Fabricated Metals,Chromium,NO
2021,27962WYRHSTROWB,110013794000.0,DOMTAR PAPER CO LLC-PLYMOUTH MILL,TROWBRIDGE RD,PLYMOUTH,MARTIN,NC,27962,35.861716,-76.779683,DOMTAR CORP,NO,Paper,Mercury compounds,NO
2021,27502PTTRS82LUF,110000570720.0,POTTERS INDUSTRIES LLC,820 LUFKIN RD,APEX,WAKE,NC,27539,35.71365,-78.83641,POTTERS INTERMEDIATE HOLDINGS LP,NO,Nonmetallic Mineral Product,Lead,YES
2021,28150HCHSTHWY19,110000586642.0,CNA HOLDINGS LLC-SHELBY,2525 BLACKSBURG RD,GROVER,CLEVELAND,NC,28073,35.209183,-81.52975,CELANESE CORP,NO,Chemicals,Hydroquinone,NO
2021,28704DYNTR95GLE,110000351459.0,DAY INTERNATIONAL INC,95 GLENN BRIDGE RD,ARDEN,BUNCOMBE,NC,28704,35.46199,-82.52031,FLINT GROUP NORTH AMERICA CORP,NO,Plastics and Rubber,Styrene,YES
2021,28311KLLYS6650R,110000349784.0,THE GOODYEAR TIRE & RUBBER CO FAYETTEVILLE PLANT,6650 RAMSEY ST,FAYETTEVILLE,CUMBERLAND,NC,28311,35.17187,-78.86062,THE GOODYEAR TIRE & RUBBER CO,NO,Plastics and Rubber,"Benzo[g,h,i]perylene",NO
2021,28603CNTRY42012,110009717869.0,CENTURY FURNITURE CASEGOODS PLANT NO 1,420 12TH ST NW,HICKORY,CATAWBA,NC,28601,35.737818,-81.360176,RHF INVESTMENTS INC,NO,Furniture,Dioxin and dioxin-like compounds,YES
2021,28730TYCLC1396C,110012707295.0,TYCO ELECTRONICS/CIID,1396 CHARLOTTE HWY,FAIRVIEW,BUNCOMBE,NC,28730,35.52355,-82.40737,TE CONNECTIVITY LTD,NO,Electrical Equipment,Lead,YES
2021,27806TXSGLHIGHW,110000586376.0,PCS PHOSPHATE CO INC,1530 NC HWY 306 S,AURORA,BEAUFORT,NC,27806,35.37745,-76.778816,POTASH HOLDING CO INC,NO,Chemicals,Dioxin and dioxin-like compounds,YES
2021,28645NPTCNHIGHW,110000351020.0,NEPTCO INC,2012 HICKORY BLVD,LENOIR,CALDWELL,NC,28645,35.88018,-81.51292,CHASE CORP,NO,Plastics and Rubber,Toluene,NO
2021,28716CHMPNMAINS,110009846480.0,BLUE RIDGE PAPER PRODUCTS LLC,175 MAIN ST,CANTON,HAYWOOD,NC,28716,35.5349,-82.8421,EVERGREEN PACKAGING GROUP,NO,Paper,Dioxin and dioxin-like compounds,YES
2021,28214MRCNC8309W,110000349436.0,DYSTAR CAROLINA CHEMICAL CORP,8309 WILKINSON BLVD,CHARLOTTE,MECKLENBURG,NC,28214,35.24147,-80.98285,DYSTAR LP,NO,Chemicals,Ethylene glycol,NO
2021,28456FDRLPRIEGE,110009719304.0,INTERNATIONAL PAPER RIEGELWOOD MILL,865 JOHN L.RIEGEL RD,RIEGELWOOD,COLUMBUS,NC,28456,34.3522,-78.2125,INTERNATIONAL PAPER CO,NO,Paper,Polycyclic aromatic compounds,YES
2021,28273TWCKN145WE,110024942446.0,ITW COOKING EQUIPMENT,10405 WESTLAKE DR,CHARLOTTE,MECKLENBURG,NC,28273,35.14276,-80.96875,ILLINOIS TOOL WORKS INC,NO,Machinery,Nickel,YES
2021,27284HGHLN215DR,110000345966.0,TEX-TECH COATINGS LLC,215 DRUMMOND ST,KERNERSVILLE,FORSYTH,NC,27284,36.11828,-80.07025,TEXTECH INDUSTRIES,NO,Textiles,Toluene,NO
2021,27922NCRST1505R,110024423131.0,NUCOR STEEL HERTFORD COUNTY,1505 RIVER RD,COFIELD,HERTFORD,NC,27922,36.355216,-76.81115,NUCOR CORP,NO,Primary Metals,Copper  And Copper Compounds,NO
2021,28682DKNRG8320E,110000351397.0,DUKE ENERGY CAROLINAS LLC - MARSHALL STEAM STATION,8320 E NC 150 HWY,TERRELL,CATAWBA,NC,28682,35.5983,-80.9636,DUKE ENERGY CORP,NO,Electric Utilities,Vanadium compounds,NO
2021,27371TRYLM110LE,110009857397.0,TROY LUMBER CO,110 LESLIE ST,TROY,MONTGOMERY,NC,27371,35.367295,-79.893595,NA,NO,Wood Products,Methanol,NO
2021,28052WXDNCNORTH,110000586544.0,MANN+HUMMEL FILTRATION TECHNOLOGY - ALLEN PLANT,2900 NW BLVD,GASTONIA,GASTON,NC,28052,35.27638,-81.22267,MANN+HUMMEL USA INC,NO,Transportation Equipment,Lead,YES
2021,28306WSTNG2900D,110000349775.0,EATON - FAYETTEVILLE,2900 DOC BENNETT RD,FAYETTEVILLE,CUMBERLAND,NC,28306,34.99451,-78.89144,EATON CORP,NO,Electrical Equipment,Lead,YES
2021,28677CLRKQI77I4,110010283996.0,CLARK EQUIPMENT DBA DOOSAN INFRACORE CONSTRUCTION EQUIPMENT,1293 GLENWAY DR,STATESVILLE,IREDELL,NC,28625,35.81027,-80.86413,NA,NO,Machinery,Ethylene glycol,NO
2021,28451VCTLC2010E,110001493642.0,VICTAULIC CO - LELAND FACILITY,2010 ENTERPRISE DR,LELAND,BRUNSWICK,NC,28451,34.25922,-78.07056,VICTAULIC CO,NO,Fabricated Metals,Lead  And Lead Compounds,NO
2021,28682DKNRG8320E,110000351397.0,DUKE ENERGY CAROLINAS LLC - MARSHALL STEAM STATION,8320 E NC 150 HWY,TERRELL,CATAWBA,NC,28682,35.5983,-80.9636,DUKE ENERGY CORP,NO,Electric Utilities,Cobalt compounds,NO
2021,27102JHNSN2701W,110000345270.0,CLARIOS LLC,2701 JOHNSON CONTROLS DR,KERNERSVILLE,FORSYTH,NC,27284,36.11901,-80.16126,CLARIOS LLC,NO,Electrical Equipment,Arsenic  And Arsenic Compounds,NO
2021,27317RRWNT200CO,110001487686.0,ARROW INTERNATIONAL INC,312 COMMERCE PL,ASHEBORO,RANDOLPH,NC,27203,35.77845,-79.81504,TELEFLEX INC,NO,Miscellaneous Manufacturing,Ethylene oxide,YES
2021,27215BRLNGWILLO,110000345617.0,APOLLO CHEMICAL,2001 WILLOW SPRINGS LANE,BURLINGTON,ALAMANCE,NC,27215,36.05238,-79.48512,MOUNT VERNON MILLS INC,NO,Chemicals,Ethylene glycol,NO
2021,27962WYRHSTROWB,110013794000.0,DOMTAR PAPER CO LLC-PLYMOUTH MILL,TROWBRIDGE RD,PLYMOUTH,MARTIN,NC,27962,35.861716,-76.779683,DOMTAR CORP,NO,Paper,Hydrogen sulfide,NO
2021,2788WCNCMR1653W,110070083321.0,ICONIC MARINE GROUP LLC,1653 WHICHARDS BEACH ROAD,WASHINGTON,BEAUFORT,NC,27889,35.553,-77.0291,NA,NO,Transportation Equipment,Styrene,YES
2021,27870CHMPNNORTH,110037266990.0,WESTROCK KRAFT PAPER LLC,100 GASTON RD,ROANOKE RAPIDS,HALIFAX,NC,27870,36.476037,-77.643173,WESTROCK CO,NO,Paper,Lead  And Lead Compounds,NO
2021,27922NCRST1505R,110024423131.0,NUCOR STEEL HERTFORD COUNTY,1505 RIVER RD,COFIELD,HERTFORD,NC,27922,36.355216,-76.81115,NUCOR CORP,NO,Primary Metals,Chromium  and Chromium Compounds(except for chromite ore mined in the Transvaal Region),NO
2021,2839WTRKYM564TU,110043582138.0,TURKEYMILL,5604 TURKEY HWY,TURKEY,SAMPSON,NC,28393,34.98652,-78.22031,NA,NO,Food,Copper compounds,NO
2021,28677CLRKQI77I4,110010283996.0,CLARK EQUIPMENT DBA DOOSAN INFRACORE CONSTRUCTION EQUIPMENT,1293 GLENWAY DR,STATESVILLE,IREDELL,NC,28625,35.81027,-80.86413,NA,NO,Machinery,Lead,YES
2021,27409MPNCB233BU,110008972745.0,BRENNTAG MID-SOUTH,2 HCI BLVD,GREENSBORO,GUILFORD,NC,27409,36.06525,-79.87939,BRENNTAG NORTH AMERICA INC,NO,Chemical Wholesalers,n-Butyl alcohol,NO
2021,28456FDRLPRIEGE,110009719304.0,INTERNATIONAL PAPER RIEGELWOOD MILL,865 JOHN L.RIEGEL RD,RIEGELWOOD,COLUMBUS,NC,28456,34.3522,-78.2125,INTERNATIONAL PAPER CO,NO,Paper,Catechol,YES
2021,27804LCNCN400JE,110000347492.0,KABA ILCO CORP,400 JEFFERYS RD,ROCKY MOUNT,NASH,NC,27801,35.98742,-77.78704,KABA ILCO CORP,NO,Fabricated Metals,Lead  And Lead Compounds,NO
2021,2721WCNCRT225HA,110060261318.0,CONCRETE SUPPLY CO.  LLC - HATCHERY RD,2250 HATCHERY RD,BURLINGTON,ALAMANCE,NC,27215,36.06277,-79.46671,CONCRETE SUPPLY CO LLC,NO,Nonmetallic Mineral Product,Lead  And Lead Compounds,NO
2021,28456FDRLPRIEGE,110009719304.0,INTERNATIONAL PAPER RIEGELWOOD MILL,865 JOHN L.RIEGEL RD,RIEGELWOOD,COLUMBUS,NC,28456,34.3522,-78.2125,INTERNATIONAL PAPER CO,NO,Paper,Cresol (mixed isomers),NO
2021,27894XPRTL2400S,110024422828.0,ALLIANCE ONE INTERNATIONAL INC,2400 STANTONSBURG RD,WILSON,WILSON,NC,27894,35.690995,-77.89079,PYXUS INTERNATIONAL INC,NO,Tobacco,Nicotine and salts,NO
2021,27052DKNRGPINEH,110000604141.0,DUKE ENERGY CAROLINAS LLC - BELEWS CREEK STEAM STATION,3195 PINE HALL RD,WALNUT COVE,STOKES,NC,27052,36.281338,-80.059438,DUKE ENERGY CORP,NO,Electric Utilities,"Benzo[g,h,i]perylene",NO
2021,28704DYNTR95GLE,110000351459.0,DAY INTERNATIONAL INC,95 GLENN BRIDGE RD,ARDEN,BUNCOMBE,NC,28704,35.46199,-82.52031,FLINT GROUP NORTH AMERICA CORP,NO,Plastics and Rubber,Diisocyanates,NO
2021,28337CMPBL1106W,110000349891.0,CAMPBELL OIL & GAS CO.,1106 W BROAD ST,ELIZABETHTOWN,BLADEN,NC,28337,34.63212,-78.616874,CAMPBELL OIL & GAS CO,NO,Petroleum Bulk Terminals,Benzene,YES
2021,2710WCNTRL195AP,110055497859.0,CENTRAL CAROLINA CONCRETE LLC WINSTON-SALEM,195 APAC ST,WINSTON SALEM,FORSYTH,NC,27107,36.056769,-80.208089,CONCRETE SUPPLY CO LLC,NO,Nonmetallic Mineral Product,Lead  And Lead Compounds,NO
2021,2814WCRLNC1E17T,110012476043.0,CHROMA COLOR CORP,100 E 17TH ST,SALISBURY,ROWAN,NC,28144,35.680857,-80.44874,CHROMA COLOR CORP,NO,Plastics and Rubber,Antimony  And Antimony Compounds,NO
2021,2867WMNTRF226WF,110001495141.0,MOUNTAIRE FARMS INC.- STATESVILLE FEED MILL,2206 W FRONT ST,STATESVILLE,IREDELL,NC,28677,35.78991,-80.92589,MOUNTAIRE FARMS INC,NO,Food,Zinc compounds,NO
2021,28682DKNRG8320E,110000351397.0,DUKE ENERGY CAROLINAS LLC - MARSHALL STEAM STATION,8320 E NC 150 HWY,TERRELL,CATAWBA,NC,28682,35.5983,-80.9636,DUKE ENERGY CORP,NO,Electric Utilities,Dioxin and dioxin-like compounds,YES
2021,27536STRNMUS1SO,110010448836.0,EASTERN MINERALS INC,170 EASTERN MINERALS RD,HENDERSON,VANCE,NC,27537,36.27084,-78.40468,NA,NO,Food,Manganese  And Manganese Compounds,NO
2021,27922NCRST1505R,110024423131.0,NUCOR STEEL HERTFORD COUNTY,1505 RIVER RD,COFIELD,HERTFORD,NC,27922,36.355216,-76.81115,NUCOR CORP,NO,Primary Metals,Lead  And Lead Compounds,NO
2021,28638CHMCLPOBOX,110000350913.0,RPM WOOD FINISHES GROUP INC,3194 HICKORY BLVD,HUDSON,CALDWELL,NC,28638,35.84148,-81.46758,RPM INTERNATIONAL INC,NO,Chemicals,Methyl isobutyl ketone,YES
2021,28456FDRLPRIEGE,110009719304.0,INTERNATIONAL PAPER RIEGELWOOD MILL,865 JOHN L.RIEGEL RD,RIEGELWOOD,COLUMBUS,NC,28456,34.3522,-78.2125,INTERNATIONAL PAPER CO,NO,Paper,Lead  And Lead Compounds,NO
2021,28716CHMPNMAINS,110009846480.0,BLUE RIDGE PAPER PRODUCTS LLC,175 MAIN ST,CANTON,HAYWOOD,NC,28716,35.5349,-82.8421,EVERGREEN PACKAGING GROUP,NO,Paper,"Hydrochloric acid (acid aerosols including mists, vapors, gas, fog, and other airborne forms of any particle size)",NO
2021,27042HLSTDHWY31,110009844865.0,WIELAND COPPER PRODUCTS LLC,3990 US 311 HWY N,PINE HALL,STOKES,NC,27042,36.342778,-80.044166,WIELAND HOLDINGS INC,NO,Primary Metals,Copper,NO
2021,27870CHMPNNORTH,110037266990.0,WESTROCK KRAFT PAPER LLC,100 GASTON RD,ROANOKE RAPIDS,HALIFAX,NC,27870,36.476037,-77.643173,WESTROCK CO,NO,Paper,Barium compounds (except for barium sulfate (CAS No. 7727-43-7)),NO
2021,27565CRTNT200CE,110000347018.0,CERTAINTEED CORP.,200 CERTAINTEED RD,OXFORD,GRANVILLE,NC,27565,36.293789,-78.615014,SAINT-GOBAIN CORP,NO,Petroleum,"Benzo[g,h,i]perylene",NO
2021,27806TXSGLHIGHW,110000586376.0,PCS PHOSPHATE CO INC,1530 NC HWY 306 S,AURORA,BEAUFORT,NC,27806,35.37745,-76.778816,POTASH HOLDING CO INC,NO,Chemicals,Chromium compounds (except for chromite ore mined in the Transvaal Region),NO
2021,28307DPTFRDIREC,110064176877.0,U.S. ARMY FORT BRAGG,DPW ENV COMPLIANCE BRANCH BLDG 3-1137 REILLY RD,FORT BRAGG,CUMBERLAND,NC,28310,35.15705,-79.00036,US DEPARTMENT OF DEFENSE,YES,Other,Phosphorus (yellow or white),NO
2021,28328THLND424RA,110000349846.0,SMITHFIELD-CLINTON,424 E RAILROAD RD,CLINTON,SAMPSON,NC,28328,34.994252,-78.313318,UNITED GLOBAL FOODS US HOLDINGS INC,NO,Food,Ammonia,NO
2021,28677CLRKQI77I4,110010283996.0,CLARK EQUIPMENT DBA DOOSAN INFRACORE CONSTRUCTION EQUIPMENT,1293 GLENWAY DR,STATESVILLE,IREDELL,NC,28625,35.81027,-80.86413,NA,NO,Machinery,Nickel,YES
2021,27330STNDY2609C,110000346359.0,MOEN INC,2609 COX MILL RD,SANFORD,LEE,NC,27332,35.45538,-79.10586,FORTUNE BRANDS HOME & SECURITY INC,NO,Fabricated Metals,Lead,YES
2021,27581SRMYN539RB,110037143490.0,U.S. ARMY NATIONAL GUARD CAMP BUTNER RANGE,539 ROBERTS CHAPEL RD,STEM,GRANVILLE,NC,27581,36.181877,-78.793791,US DEPARTMENT OF DEFENSE,YES,Other,Lead  And Lead Compounds,NO
2021,27102JHNSN2701W,110000345270.0,CLARIOS LLC,2701 JOHNSON CONTROLS DR,KERNERSVILLE,FORSYTH,NC,27284,36.11901,-80.16126,CLARIOS LLC,NO,Electrical Equipment,Antimony  And Antimony Compounds,NO
2021,28603CNTRY42012,110009717869.0,CENTURY FURNITURE CASEGOODS PLANT NO 1,420 12TH ST NW,HICKORY,CATAWBA,NC,28601,35.737818,-81.360176,RHF INVESTMENTS INC,NO,Furniture,n-Butyl alcohol,NO
2021,27922NCRST1505R,110024423131.0,NUCOR STEEL HERTFORD COUNTY,1505 RIVER RD,COFIELD,HERTFORD,NC,27922,36.355216,-76.81115,NUCOR CORP,NO,Primary Metals,Manganese  And Manganese Compounds,NO
2021,28645LNRMR1658N,110009719199.0,LENOIR MIRROR CO,401 KINCAID ST SW,LENOIR,CALDWELL,NC,28645,35.871765,-81.516106,NA,NO,Nonmetallic Mineral Product,Lead  And Lead Compounds,NO
2021,2817WTRNGL296US,110031274323.0,TRIANGLE BRICK-WADESBORO,2960 US HIGHWAY 52 N,WADESBORO,ANSON,NC,28170,35.019923,-80.087889,TRIANGLE BRICK CO,NO,Nonmetallic Mineral Product,Manganese compounds,NO
2021,28208SHLND3930G,110000349329.0,NEXEO SOLUTIONS LLC,3930 GLENWOOD DR,CHARLOTTE,MECKLENBURG,NC,28208,35.2511,-80.8855,UNIVAR SOLUTIONS USA INC,NO,Chemical Wholesalers,n-Butyl alcohol,NO
2021,27262NVCHM201OL,110000345886.0,ENNIS-FLINT INC - HIGH POINT FACILITY,201 OLD THOMASVILLE RD,HIGH POINT,GUILFORD,NC,27260,35.93417,-80.02944,ENNIS-FLINT INC,NO,Chemicals,Butyl acrylate,NO
2021,2865WJLDWN25LAN,110060257225.0,JELD-WEN COMPOSITES-NORTH WILKESBORO,205 LANES DR,NORTH WILKESBORO,WILKES,NC,28659,36.191642,-81.088877,JELD-WEN INC,NO,Plastics and Rubber,Styrene,YES
2021,28387NGRSL1725U,110001492992.0,INGERSOLL RAND,1725 US HWY 1 N,SOUTHERN PINES,MOORE,NC,28387,35.189722,-79.387049,INGERSOLL-RAND CO,NO,Machinery,Lead,YES
2021,2855WSWMRH5126H,110054270114.0,S&W MOREHEAD CITY,5161 BUSINESS DR,MOREHEAD CITY,CARTERET,NC,28557,34.73726,-76.80405,TITAN AMERICA LLC,NO,Nonmetallic Mineral Product,Lead,YES
2021,28655STRND114IN,110000351155.0,HEXION INC - MORGANTON FACILITY,114 IND US TRIAL BLVD,MORGANTON,BURKE,NC,28655,35.7305,-81.749667,HEXION HOLDINGS CORP,NO,Chemicals,Methanol,NO
2021,28716CHMPNMAINS,110009846480.0,BLUE RIDGE PAPER PRODUCTS LLC,175 MAIN ST,CANTON,HAYWOOD,NC,28716,35.5349,-82.8421,EVERGREEN PACKAGING GROUP,NO,Paper,Vanadium compounds,NO
2021,27559CHMBNSTATE,110000346965.0,ARCLIN USA LLC,790 CORINTH RD,MONCURE,CHATHAM,NC,27559,35.603333,-79.048889,ARCLIN INC,NO,Chemicals,Formaldehyde,YES
2021,27894XPRTL2400S,110024422828.0,ALLIANCE ONE INTERNATIONAL INC,2400 STANTONSBURG RD,WILSON,WILSON,NC,27894,35.690995,-77.89079,PYXUS INTERNATIONAL INC,NO,Tobacco,Lead,YES
2021,2740WGRNSB1124S,110070070851.0,GREENSBORO PLANT,1124 S HOLDEN RD,GREENSBORO,GUILFORD,NC,27407,36.05822,-79.84236,RUSSELL STANDARD CORP,NO,Petroleum,Polycyclic aromatic compounds,YES
2021,28461CGNTR1281C,110043787783.0,CPI USA NORTH CAROLINA LLC,1281 POWERHOUSE DR,SOUTHPORT,BRUNSWICK,NC,28461,33.94303,-78.009397,CAPITAL POWER INC,NO,Electric Utilities,Dioxin and dioxin-like compounds,YES
2021,2811WHRSHD484HI,110055619399.0,AMERICAN ZINC PRODUCTS LLC,484 HICKS GROVE RD,MOORESBORO,RUTHERFORD,NC,28114,35.191023,-81.849132,METALS RECOVERY HOLDINGS LLC,NO,Primary Metals,Manganese compounds,NO
2021,27603SFTYK6225O,110000615111.0,SAFETY-KLEEN SYSTEMS RALEIGH (RAL),125 SOMMERVILLE PARK RD,RALEIGH,WAKE,NC,27603,35.694679,-78.652937,CLEAN HARBORS INC,NO,Hazardous Waste,Polycyclic aromatic compounds,YES
2021,28655STRND114IN,110000351155.0,HEXION INC - MORGANTON FACILITY,114 IND US TRIAL BLVD,MORGANTON,BURKE,NC,28655,35.7305,-81.749667,HEXION HOLDINGS CORP,NO,Chemicals,Formaldehyde,YES
2021,2725WNDLRX932EA,110056968456.0,INDULOR AMERICA LP,932 E ELM ST,GRAHAM,ALAMANCE,NC,27253,36.08125,-79.38037,NA,NO,Chemicals,Butyl acrylate,NO
2021,27115DRYFR2221P,110000345485.0,DFA DAIRY BRANDS FLUID LLC DBA PET DAIRY,2221 N PATTERSON AVE,WINSTON SALEM,FORSYTH,NC,27105,36.11747,-80.241629,DAIRY FARMERS OF AMERICA INC,NO,Food,Nitric acid,NO
2021,2754WRGSKN6835F,110069311159.0,ARGOS KNIGHTDALE CONCRETE PLANT,6835 FORESTVILLE RD,KNIGHTDALE,WAKE,NC,27545,35.80958,-78.48821,ARGOS USA CORP,NO,Nonmetallic Mineral Product,Lead,YES
2021,2836WSCTLNPELLD,110070795818.0,SCOTLAND COUNTY FEED MILL,PELL DR,MAXTON,SCOTLAND,NC,28364,34.764203,-79.368579,MOUNTAIRE FARMS INC,NO,Food,Zinc compounds,NO
2021,27101TRCRP1690L,110000345252.0,THE HARRIS PRODUCTS GROUP/WINSTON SALEM,1690 LOWERY ST,WINSTON SALEM,FORSYTH,NC,27101,36.093,-80.222,THE LINCOLN ELECTRIC CO,NO,Primary Metals,Copper,NO
2021,27835BRRGHINTER,110000586401.0,PATHEON MANUFACTURING SERVICES LLC PART OF THERMO FISHER SC,5900 MLK JR HWY,GREENVILLE,PITT,NC,27834,35.66016,-77.35802,THERMO FISHER SCIENTIFIC INC,NO,Chemicals,Mercury compounds,NO
2021,27261HGHPN255BE,110000751525.0,KAO SPECIALTIES AMERICAS LLC,243 WOODBINE ST,HIGH POINT,GUILFORD,NC,27260,35.92333,-80.02967,KAO CORP,NO,Chemicals,Ethylene glycol,NO
2021,2858WTRYND182IN,110024441184.0,ROWMARK CUSTOM LAMINATIONS,182 INDUSTRIAL PARK DR,TRENTON,JONES,NC,28585,35.07059,-77.36531,ROWMARK LLC,NO,Plastics and Rubber,Vinyl chloride,YES
2021,27870CHMPNNORTH,110037266990.0,WESTROCK KRAFT PAPER LLC,100 GASTON RD,ROANOKE RAPIDS,HALIFAX,NC,27870,36.476037,-77.643173,WESTROCK CO,NO,Paper,"Sulfuric acid (acid aerosols including mists, vapors, gas, fog, and other airborne forms of any particle size)",NO
2021,27806TXSGLHIGHW,110000586376.0,PCS PHOSPHATE CO INC,1530 NC HWY 306 S,AURORA,BEAUFORT,NC,27806,35.37745,-76.778816,POTASH HOLDING CO INC,NO,Chemicals,Manganese  And Manganese Compounds,NO
2021,27042HLSTDHWY31,110009844865.0,WIELAND COPPER PRODUCTS LLC,3990 US 311 HWY N,PINE HALL,STOKES,NC,27042,36.342778,-80.044166,WIELAND HOLDINGS INC,NO,Primary Metals,Aluminum (fume or dust),NO
2021,27420GLBRC7300F,110000847601.0,GILBARCO INC,7300 W FRIENDLY AVE,GREENSBORO,GUILFORD,NC,27410,36.08764,-79.9272,VONTIER CORP,NO,Machinery,Manganese,NO
2021,2820WCRLNC34SIL,110011590670.0,FIRST SOURCE WORLDWIDE CHARLOTTE,3400 SILAS AVE,CHARLOTTE,MECKLENBURG,NC,28206,35.25698,-80.81023,FIRST SOURCE WORLDWIDE LLC,NO,Chemical Wholesalers,C.I. Basic Green 4,NO
2021,2878WSTHRN21BUN,110069249101.0,SOUTHERN CONCRETE MATERIALS-WAYNESVILLE PLANT,201 BOUNDARY ST,WAYNESVILLE,HAYWOOD,NC,28786,35.49544,-82.98713,HEDRICK INDUSTRIES,NO,Nonmetallic Mineral Product,Lead  And Lead Compounds,NO
2021,27042HLSTDHWY31,110009844865.0,WIELAND COPPER PRODUCTS LLC,3990 US 311 HWY N,PINE HALL,STOKES,NC,27042,36.342778,-80.044166,WIELAND HOLDINGS INC,NO,Primary Metals,Cobalt,YES
2021,27849PRDNCHIGHW,110004027320.0,LEWISTON PROCESSING PLANT,3539 GOVERNORS RD,LEWISTON WOODVILLE,BERTIE,NC,27849,36.140066,-77.224466,PERDUE FARMS INC,NO,Food,Hydrogen sulfide,NO
2021,27801MCFBRATLAN,110018729982.0,SEPRO DISTRIBUTION CENTER,1259 ATLANTIC AVE,ROCKY MOUNT,EDGECOMBE,NC,27801,35.96624,-77.78179,SEPRO CORP,NO,Chemicals,Copper compounds,NO
2021,28677PRNML173MC,110000351306.0,PURINA ANIMAL NUTRITION LLC - STATESVILLE,173 MCNESS RD,STATESVILLE,IREDELL,NC,28677,35.75389,-80.79541,LAND O LAKES INC,NO,Food,Manganese compounds,NO
2021,28311KLLYS6650R,110000349784.0,THE GOODYEAR TIRE & RUBBER CO FAYETTEVILLE PLANT,6650 RAMSEY ST,FAYETTEVILLE,CUMBERLAND,NC,28311,35.17187,-78.86062,THE GOODYEAR TIRE & RUBBER CO,NO,Plastics and Rubber,Zinc compounds,NO
2021,28456FDRLPRIEGE,110009719304.0,INTERNATIONAL PAPER RIEGELWOOD MILL,865 JOHN L.RIEGEL RD,RIEGELWOOD,COLUMBUS,NC,28456,34.3522,-78.2125,INTERNATIONAL PAPER CO,NO,Paper,Nitrate compounds (water dissociable; reportable only when in aqueous solution),NO
2021,28402FRTRNHWY42,110009842536.0,FORTRON INDUSTRIES LLC,4600 HWY 421 NORTH,WILMINGTON,NEW HANOVER,NC,28401,34.3138,-77.9801,CELANESE CORP,NO,Chemicals,"1,4-Dichlorobenzene",YES
2021,2750WCRLNS1SUNR,110070500194.0,CAROLINA SUNROCK LLC - BUTNER,100 SUNROCK DR,BUTNER,GRANVILLE,NC,27509,36.1212,-78.76715,THE SUNROCK GROUP INC,NO,Nonmetallic Mineral Product,Mercury  And Mercury Compounds,NO
2021,2877WSTHRN1362W,110001486972.0,SOUTHERN CONCRETE MATERIALS-SYLVA PLANT,1362 W MAIN ST,SYLVA,JACKSON,NC,28779,35.372999,-83.237645,HEDRICK INDUSTRIES,NO,Nonmetallic Mineral Product,Lead  And Lead Compounds,NO
2021,28621WYRHSRT3OF,110000740663.0,WEYERHAEUSER NR CO-ELKIN PLANT,524 PRIDE WAY,ELKIN,SURRY,NC,28621,36.26471,-80.78851,WEYERHAEUSER CO,NO,Wood Products,Formaldehyde,YES
2021,28054NRYLC214WE,110000348259.0,LANXESS SOLUTIONS US INC,214 W RUBY AVE,GASTONIA,GASTON,NC,28054,35.243611,-81.1875,LANXESS CORP,NO,Chemicals,Di(2-ethylhexyl) phthalate,YES
2021,28208SHLND3930G,110000349329.0,NEXEO SOLUTIONS LLC,3930 GLENWOOD DR,CHARLOTTE,MECKLENBURG,NC,28208,35.2511,-80.8855,UNIVAR SOLUTIONS USA INC,NO,Chemical Wholesalers,Methanol,NO
2021,28150CHSBR135OL,110000349034.0,METALSAMERICA,135 OLD BOILING SPRINGS RD,SHELBY,CLEVELAND,NC,28152,35.2925,-81.585,PRIME MATERIALS RECOVERY INC,NO,Primary Metals,Copper,NO
2021,28697HLLYF103FA,110000492734.0,TYSON FARMS INC.,704 FACTORY ST,WILKESBORO,WILKES,NC,28697,36.143889,-81.163333,TYSON FOODS INC,NO,Food,Nitrate compounds (water dissociable; reportable only when in aqueous solution),NO
2021,2733WSDNTC5618C,110005971779.0,STI POLYMER INC,5618 CLYDE RHYNE DRIVE,SANFORD,LEE,NC,27330,35.549708,-79.181971,NA,NO,Chemicals,Methyl methacrylate,NO
2021,28716CHMPNMAINS,110009846480.0,BLUE RIDGE PAPER PRODUCTS LLC,175 MAIN ST,CANTON,HAYWOOD,NC,28716,35.5349,-82.8421,EVERGREEN PACKAGING GROUP,NO,Paper,Mercury compounds,NO
2021,2759WCPTVR36NRT,110071284169.0,CAPTIVEAIRE SYSTEMS INC,360 NORTHBROOK DR,YOUNGSVILLE,FRANKLIN,NC,27596,36.049586,-78.484613,CAPTIVEAIRE SYSTEMS INC,NO,Fabricated Metals,Nickel,YES
2021,2845WNSHJH3362H,110039019433.0,NASH JOHNSON & SONS FARMS INC ROSE HILL FEED MILL,3362 HWY 117 N,ROSE HILL,DUPLIN,NC,28458,34.855527,-78.036865,HOUSE OF RAEFORD,NO,Food,Copper compounds,NO
2021,2759WCPTVR36NRT,110071284169.0,CAPTIVEAIRE SYSTEMS INC,360 NORTHBROOK DR,YOUNGSVILLE,FRANKLIN,NC,27596,36.049586,-78.484613,CAPTIVEAIRE SYSTEMS INC,NO,Fabricated Metals,Chromium,NO
2021,27253NWSTH448MT,110040987144.0,CANFOR SOUTHERN PINE - GRAHAM PLANT,4408 MT. HERMON-ROCK CREEK RD,GRAHAM,ALAMANCE,NC,27253,36.000833,-79.405,CANFOR SOUTHERN PINE INC,NO,Wood Products,Lead compounds,NO
2021,28530WYRHS371HA,110002440993.0,WEYERHAEUSER CO. GREENVILLE LUMBER FACILITY,371 HANRAHAN RD,GRIFTON,PITT,NC,28530,35.40644,-77.42412,WEYERHAEUSER CO,NO,Wood Products,Methanol,NO
2021,2830WMRCNP318BL,110001476992.0,AMERICAN PHOENIX INC.,318 BLOUNT STREET,FAYETTEVILLE,CUMBERLAND,NC,28301,35.04731,-78.88473,AMERICAN PHOENIX INC,NO,Chemicals,Zinc compounds,NO
2021,27962WYRHSTROWB,110013794000.0,DOMTAR PAPER CO LLC-PLYMOUTH MILL,TROWBRIDGE RD,PLYMOUTH,MARTIN,NC,27962,35.861716,-76.779683,DOMTAR CORP,NO,Paper,Barium compounds (except for barium sulfate (CAS No. 7727-43-7)),NO
2021,27870CHMPNNORTH,110037266990.0,WESTROCK KRAFT PAPER LLC,100 GASTON RD,ROANOKE RAPIDS,HALIFAX,NC,27870,36.476037,-77.643173,WESTROCK CO,NO,Paper,"Hydrochloric acid (acid aerosols including mists, vapors, gas, fog, and other airborne forms of any particle size)",NO
2021,27806TXSGLHIGHW,110000586376.0,PCS PHOSPHATE CO INC,1530 NC HWY 306 S,AURORA,BEAUFORT,NC,27806,35.37745,-76.778816,POTASH HOLDING CO INC,NO,Chemicals,Nickel  And Nickel Compounds,YES
2021,28638CHMCLPOBOX,110000350913.0,RPM WOOD FINISHES GROUP INC,3194 HICKORY BLVD,HUDSON,CALDWELL,NC,28638,35.84148,-81.46758,RPM INTERNATIONAL INC,NO,Chemicals,Certain glycol ethers,NO
2021,27406CHMLC2410R,110000346563.0,CHEMOL CO INC,2300 RANDOLPH AVE,GREENSBORO,GUILFORD,NC,27406,36.04432,-79.78471,THE SEYDEL COS,NO,Chemicals,Ethylene glycol,NO
2021,2733WSDNTC5618C,110005971779.0,STI POLYMER INC,5618 CLYDE RHYNE DRIVE,SANFORD,LEE,NC,27330,35.549708,-79.181971,NA,NO,Chemicals,Methyl acrylate,YES
2021,28621CNTNNRTE3X,110000350842.0,WAYNE FARMS LLC - ELKIN FEEDMILL,10949 NC-268,ELKIN,SURRY,NC,28621,36.2722,-80.7806,CONTINENTAL GRAIN CO,NO,Food,Copper compounds,NO
2021,28716CHMPNMAINS,110009846480.0,BLUE RIDGE PAPER PRODUCTS LLC,175 MAIN ST,CANTON,HAYWOOD,NC,28716,35.5349,-82.8421,EVERGREEN PACKAGING GROUP,NO,Paper,Hydrogen fluoride,NO
2021,2842WSWCST5312H,110001499487.0,S&W CASTLE HAYNE PLANT,5312 HOLLY SHELTER ROAD,CASTLE HAYNE,NEW HANOVER,NC,28429,34.35637,-77.86587,TITAN AMERICA LLC,NO,Nonmetallic Mineral Product,Lead,YES
2021,27298DWRDS323ST,110020516360.0,EDWARDS WOOD PRODUCTS INC.,3230 STALEY STORE RD,LIBERTY,ALAMANCE,NC,27298,35.85687,-79.530762,EDWARDS WOOD PRODUCTS INC,NO,Wood Products,Lead  And Lead Compounds,NO
2021,27886LCTLT2801A,110000347697.0,"LS CABLE & SYSTEM U.S.A., INC.",2901 ANACONDA RD,TARBORO,EDGECOMBE,NC,27886,35.91085,-77.5804,SUPERIOR ESSEX INC,NO,Primary Metals,Antimony compounds,NO
2021,28150HCHSTHWY19,110000586642.0,CNA HOLDINGS LLC-SHELBY,2525 BLACKSBURG RD,GROVER,CLEVELAND,NC,28073,35.209183,-81.52975,CELANESE CORP,NO,Chemicals,Ethylene glycol,NO
2021,27849PRDNCHIGHW,110004027320.0,LEWISTON PROCESSING PLANT,3539 GOVERNORS RD,LEWISTON WOODVILLE,BERTIE,NC,27849,36.140066,-77.224466,PERDUE FARMS INC,NO,Food,Certain glycol ethers,NO
2021,2820WBLDTR122EX,110071284851.0,BLUEDOT-READI-MIX-EXCHANGE (PLANT #104),1022 EXCHANGE ST.,CHARLOTTE,MECKLENBURG,NC,28208,35.272236,-80.904891,BLUEDOT READI-MIX,NO,Nonmetallic Mineral Product,Lead  And Lead Compounds,NO
2021,28311KLLYS6650R,110000349784.0,THE GOODYEAR TIRE & RUBBER CO FAYETTEVILLE PLANT,6650 RAMSEY ST,FAYETTEVILLE,CUMBERLAND,NC,28311,35.17187,-78.86062,THE GOODYEAR TIRE & RUBBER CO,NO,Plastics and Rubber,Lead compounds,NO
2021,27419RCHRDPOBOX,110000346769.0,THE PROCTER & GAMBLE MANUFACTURING CO,100 SWING RD,GREENSBORO,GUILFORD,NC,27409,36.0742,-79.91005,THE PROCTER & GAMBLE CO,NO,Chemicals,Nitric acid,NO
2021,28107CRNNG14556,110000724360.0,CORNING INC,14556 HWY 601,MIDLAND,CABARRUS,NC,28107,35.214624,-80.523233,CORNING INC,NO,Nonmetallic Mineral Product,"Hydrochloric acid (acid aerosols including mists, vapors, gas, fog, and other airborne forms of any particle size)",NO
2021,28311KLLYS6650R,110000349784.0,THE GOODYEAR TIRE & RUBBER CO FAYETTEVILLE PLANT,6650 RAMSEY ST,FAYETTEVILLE,CUMBERLAND,NC,28311,35.17187,-78.86062,THE GOODYEAR TIRE & RUBBER CO,NO,Plastics and Rubber,Polycyclic aromatic compounds,YES
2021,27042HLSTDHWY31,110009844865.0,WIELAND COPPER PRODUCTS LLC,3990 US 311 HWY N,PINE HALL,STOKES,NC,27042,36.342778,-80.044166,WIELAND HOLDINGS INC,NO,Primary Metals,Arsenic,YES
2021,28052WXDNCNORTH,110000586544.0,MANN+HUMMEL FILTRATION TECHNOLOGY - ALLEN PLANT,2900 NW BLVD,GASTONIA,GASTON,NC,28052,35.27638,-81.22267,MANN+HUMMEL USA INC,NO,Transportation Equipment,Polycyclic aromatic compounds,YES
2021,27407BRLNG6008H,110012656697.0,ALBERDINGK BOLEY INC,6008 WEST GATE CITY BOULEVARD,GREENSBORO,GUILFORD,NC,27407,36.00477,-79.90461,NA,NO,Chemicals,Diisocyanates,NO
2021,27806TXSGLHIGHW,110000586376.0,PCS PHOSPHATE CO INC,1530 NC HWY 306 S,AURORA,BEAUFORT,NC,27806,35.37745,-76.778816,POTASH HOLDING CO INC,NO,Chemicals,Ammonia,NO
2021,27013FRGHTHWY70,110000345083.0,DAIMLER TRUCKS NA LLC-CLEVELAND,11550 STATESVILLE BLVD,CLEVELAND,ROWAN,NC,27013,35.72916,-80.68949,DAIMLER TRUCKS NORTH AMERICA LLC,NO,Transportation Equipment,n-Butyl alcohol,NO
2021,2811WSWSCN812SE,110071284884.0,SWS CONCRETE-MONROE PLANT,812 SEYMOURE STREET,MONROE,UNION,NC,28110,34.99615,-80.566409,STEVENSON-WEIR/SOUTHERN LLC,NO,Nonmetallic Mineral Product,Lead  And Lead Compounds,NO
2021,27105WSTNG3050W,110013398411.0,SIEMENS ENERGY WINSTON SERVICE CENTER,3050 WESTINGHOUSE RD,RURAL HALL,FORSYTH,NC,27045,36.23172,-80.32213,SIEMENS ENERGY INC,NO,Machinery,Copper,NO
2021,28352MNVLLPOBOX,110000349980.0,RAILROAD FRICTION PRODUCTS CORP,13601 AIRPORT RD,MAXTON,SCOTLAND,NC,28364,34.762788,-79.370238,WABTEC CORP,NO,Transportation Equipment,Aluminum oxide (fibrous forms),NO
2021,27302GCXXX6801I,110000346144.0,INDUSTRIAL CONNECTIONS & SOLUTIONS LLC,6801 INDUSTRIAL DR,MEBANE,ORANGE,NC,27302,36.07902,-79.23383,ABB INC,NO,Electrical Equipment,Chromium,NO
2021,27573LSNPC10475,110000492636.0,LOUISIANA PACIFIC CORP. ROXBOR O OSB,10475 BOSTON RD,ROXBORO,PERSON,NC,27574,36.52113,-78.90658,LOUISIANA PACIFIC CORP,NO,Wood Products,Acetaldehyde,YES
2021,28016LTHMCHWY16,110056969883.0,LIVENT USA CORP,HWY 161,BESSEMER CITY,GASTON,NC,28016,35.283468,-81.295636,LIVENT USA CORP,NO,Chemicals,Methanol,NO
2021,27870CHMPNNORTH,110037266990.0,WESTROCK KRAFT PAPER LLC,100 GASTON RD,ROANOKE RAPIDS,HALIFAX,NC,27870,36.476037,-77.643173,WESTROCK CO,NO,Paper,Formaldehyde,YES
2021,2816WSTHRN6941Q,110070068088.0,SWS CONCRETE-LAKE NORMAN PLANT,6963 QUARRY LN,STANLEY,LINCOLN,NC,28164,35.42896,-81.01571,STEVENSON-WEIR/SOUTHERN LLC,NO,Nonmetallic Mineral Product,Lead  And Lead Compounds,NO
2021,28451CTNGSRTE74,110004045701.0,COATINGS & ADHESIVES CORP,1901 POPULAR ST NE,LELAND,BRUNSWICK,NC,28451,34.251633,-78.070816,NA,NO,Chemicals,Ammonia,NO
2021,27263THMSB715WF,110000345939.0,THOMAS BUILT BUSES INC,715 W FAIRFIELD RD,HIGH POINT,GUILFORD,NC,27263,35.92156,-79.99726,DAIMLER TRUCKS NORTH AMERICA LLC,NO,Transportation Equipment,Manganese,NO
2021,27263THMSB715WF,110000345939.0,THOMAS BUILT BUSES INC,715 W FAIRFIELD RD,HIGH POINT,GUILFORD,NC,27263,35.92156,-79.99726,DAIMLER TRUCKS NORTH AMERICA LLC,NO,Transportation Equipment,Ethylene glycol,NO
2021,28678CRLNW165HA,110022904794.0,BESTWAY SOUTH INC,165 HALYBURTON RD,STONY POINT,IREDELL,NC,28678,35.85713,-81.03275,BURNCO COLORADO LLC,NO,Wood Products,Copper compounds,NO
2021,28748DYNMC14MRR,110037142687.0,DYNAMIC SYSTEMS INC,104 MORROW BRANCH RD,LEICESTER,MADISON,NC,28748,35.662,-82.8153,NA,NO,Plastics and Rubber,Diisocyanates,NO
2021,28164BLMNC7733L,110009857994.0,BLUM INC,7733 OLD PLANK RD,STANLEY,LINCOLN,NC,28164,35.41719,-81.01301,NA,NO,Fabricated Metals,Nickel,YES
2021,2788WSPNGX32ANA,110004055815.0,SPIN MASTER INC.,3002 ANACONDA RD,TARBORO,EDGECOMBE,NC,27886,35.91145,-77.5877,SPIN MASTER US HOLDINGS INC,NO,Plastics and Rubber,Sodium nitrite,NO
2021,27050RJRYN7855A,110000345225.0,R J REYNOLDS TOBACCO CO TVILL,7855 KING TOBACCOVILLE RD,TOBACCOVILLE,FORSYTH,NC,27050,36.233605,-80.365201,REYNOLDS AMERICAN INC,NO,Tobacco,Nicotine and salts,NO
2021,28716CHMPNMAINS,110009846480.0,BLUE RIDGE PAPER PRODUCTS LLC,175 MAIN ST,CANTON,HAYWOOD,NC,28716,35.5349,-82.8421,EVERGREEN PACKAGING GROUP,NO,Paper,Polycyclic aromatic compounds,YES
2021,2873WGFLNM49FER,110069993050.0,LINAMAR LIGHT METALS-MR,490 FERNCLIFF PARK DRIVE,MILLS RIVER,HENDERSON,NC,28732,35.427569,-82.542922,NA,NO,Primary Metals,Lead,YES
2021,28516SMRNCPINEY,110015680976.0,U.S. MARINE CORPS MCAS CHERRY PT - BT11 BOMBING RANGE - RNGE,PINEY ISLAND BT11 BOMBING RANGE,PINEY ISLAND,CARTERET,NC,28516,34.98,-76.43666,US DEPARTMENT OF DEFENSE,YES,Other,Copper,NO
2021,28516SMRNCPINEY,110015680976.0,U.S. MARINE CORPS MCAS CHERRY PT - BT11 BOMBING RANGE - RNGE,PINEY ISLAND BT11 BOMBING RANGE,PINEY ISLAND,CARTERET,NC,28516,34.98,-76.43666,US DEPARTMENT OF DEFENSE,YES,Other,Lead,YES
2021,27928TYSNF347SH,110000347900.0,MURPHY BROWN LLC NEW COLONY FEED MILL,347 SHORE DR,CRESWELL,WASHINGTON,NC,27928,35.821678,-76.512963,MURPHY BROWN LLC,NO,Food,Zinc (fume or dust),NO
2021,28144NTNLL1709J,110000348927.0,GRANGES AMERICAS INC,1709 JAKE ALEXANDER BLVD S,SALISBURY,ROWAN,NC,28146,35.64153,-80.4729,GRANGES AMERICAS INC,NO,Primary Metals,Copper,NO
2021,28352DWRDS195LD,110011046518.0,EDWARDS WOOD PRODUCTS INC.,19500 OLD LUMBERTON RD,LAURINBURG,SCOTLAND,NC,28352,34.759733,-79.405033,EDWARDS WOOD PRODUCTS INC,NO,Wood Products,Lead  And Lead Compounds,NO
2021,28086NVLKN304LI,110001476714.0,CORMETECH INC.,304 LINWOOD RD,KINGS MOUNTAIN,CLEVELAND,NC,28086,35.25198,-81.3338,CORMETECH INC,NO,Machinery,Vanadium compounds,NO
2021,27909STHTL1245F,110009846541.0,FORTRESS WOOD PRODUCTS INC,899 FOREMAN BUNDY RD,ELIZABETH CITY,PASQUOTANK,NC,27909,36.27152,-76.31923,THE LESTER GROUP,NO,Wood Products,Copper compounds,NO
2021,27603LDCST92WIT,110001488863.0,OLDCASTLE PRECAST INC,920 WITHERS RD,RALEIGH,WAKE,NC,27603,35.7293,-78.6645,CRH AMERICAS INC,NO,Nonmetallic Mineral Product,Mercury compounds,NO
2021,28302CRGLLRIVER,110009849968.0,CARGILL INC,1754 RIVER RD,FAYETTEVILLE,CUMBERLAND,NC,28312,35.087889,-78.844949,CARGILL INC,NO,Food,n-Hexane,NO
2021,2873WGFLNM49FER,110069993050.0,LINAMAR LIGHT METALS-MR,490 FERNCLIFF PARK DRIVE,MILLS RIVER,HENDERSON,NC,28732,35.427569,-82.542922,NA,NO,Primary Metals,Nickel,YES
2021,28320MRPHY255BR,110054879878.0,MURPHY-BROWN LLC BLADEBORO FEED MILL,255 BRYANT SWAMP RD,BLADENBORO,BLADEN,NC,28320,34.550391,-78.8312,MURPHY BROWN LLC,NO,Food,Zinc (fume or dust),NO
2021,28320MRPHY255BR,110054879878.0,MURPHY-BROWN LLC BLADEBORO FEED MILL,255 BRYANT SWAMP RD,BLADENBORO,BLADEN,NC,28320,34.550391,-78.8312,MURPHY BROWN LLC,NO,Food,Manganese,NO
2021,28634HLLYFSHEFF,110001478696.0,TYSON FARMS INC.,501 SHEFFIELD RD,HARMONY,IREDELL,NC,28634,35.95458,-80.72108,TYSON FOODS INC,NO,Food,Nitrate compounds (water dissociable; reportable only when in aqueous solution),NO
2021,27343RXBRS1700D,110000346386.0,DUKE ENERGY PROGRESS LLC - ROXBORO STEAM ELECTRIC PLANT,1700 DUNNAWAY RD,SEMORA,PERSON,NC,27343,36.4833,-79.0731,DUKE ENERGY CORP,NO,Electric Utilities,Dioxin and dioxin-like compounds,YES
2021,27343RXBRS1700D,110000346386.0,DUKE ENERGY PROGRESS LLC - ROXBORO STEAM ELECTRIC PLANT,1700 DUNNAWAY RD,SEMORA,PERSON,NC,27343,36.4833,-79.0731,DUKE ENERGY CORP,NO,Electric Utilities,Mercury  And Mercury Compounds,NO
2021,27343RXBRS1700D,110000346386.0,DUKE ENERGY PROGRESS LLC - ROXBORO STEAM ELECTRIC PLANT,1700 DUNNAWAY RD,SEMORA,PERSON,NC,27343,36.4833,-79.0731,DUKE ENERGY CORP,NO,Electric Utilities,Manganese compounds,NO
2021,27215HFFMN1021Q,110000345626.0,HUFFMAN OIL CO INC,1021 QUEEN ANN ST,BURLINGTON,ALAMANCE,NC,27217,36.08485,-79.41787,NA,NO,Petroleum Bulk Terminals,Xylene (mixed isomers),NO
2021,28634HLLYFSHEFF,110001478696.0,TYSON FARMS INC.,501 SHEFFIELD RD,HARMONY,IREDELL,NC,28634,35.95458,-80.72108,TYSON FOODS INC,NO,Food,Chlorine dioxide,NO
2021,28732BLRDG180MI,110018723559.0,BLUE RIDGE METALS CORP,180 MILLS GAP RD,FLETCHER,HENDERSON,NC,28732,35.43534,-82.48875,BLUE RIDGE METALS CORP,NO,Primary Metals,"Sulfuric acid (acid aerosols including mists, vapors, gas, fog, and other airborne forms of any particle size)",NO
2021,28110HLLYFSECRE,110000348516.0,TYSON FARMS INC,233 S SECREST AVE,MONROE,UNION,NC,28112,34.9815,-80.494566,TYSON FOODS INC,NO,Food,Zinc compounds,NO
2021,27709SCMMT2601W,110000347401.0,SCM METAL PRODUCTS INC,2601 WECK DR,RESEARCH TRIANGLE PARK,DURHAM,NC,27709,35.93214,-78.84981,NA,NO,Primary Metals,Zinc compounds,NO
2021,28208NTNLW5313O,110000349301.0,AIRGAS NATIONAL WELDERS,5313 OLD DOWD RD,CHARLOTTE,MECKLENBURG,NC,28208,35.228472,-80.927167,AIRGAS INC,NO,Chemical Wholesalers,Propylene,NO
2021,27712CRMTC5000I,110001500572.0,CORMETECH INC,5000 INTERNATIONAL DR,DURHAM,DURHAM,NC,27712,36.09324,-78.84781,CORMETECH INC,NO,Nonmetallic Mineral Product,Vanadium compounds,NO
2021,27856NVRSL3174B,110018681407.0,UNIVERSAL LEAF N.A. US INC,3174 BODDIE MILL POND RD,NASHVILLE,NASH,NC,27856,36.010656,-78.037205,UNIVERSAL CORP,NO,Tobacco,Nicotine and salts,NO
2021,28516PRKRMHWY10,110000586937.0,PARKER OFFSHORE LLC,2570 HWY 101,BEAUFORT,CARTERET,NC,28516,34.810966,-76.672133,NA,NO,Transportation Equipment,Styrene,YES
2021,2737WMCRFT1737H,110046123538.0,MCRAE FOOTWEAR: TROY,1737 HWY 24-27,TROY,MONTGOMERY,NC,27371,35.325289,-79.939302,MCRAE INDUSTRIES INC,NO,Leather,Diisocyanates,NO
2021,2869WJSTRT186RI,110070551070.0,U.S. CHEMICAL STORAGE LLC,1806 RIVER ST,WILKESBORO,WILKES,NC,28697,36.137753,-81.19141,JUSTRITE SAFETY GROUP,NO,Fabricated Metals,Xylene (mixed isomers),NO
2021,2821WDMSNL995ME,110069727424.0,ADAMS AN OLDCASTLE CO-CHARLOTTE,9950 METROMONT INDUSTRIAL BLVD,CHARLOTTE,MECKLENBURG,NC,28269,35.3536,-80.83121,CRH AMERICAS INC,NO,Nonmetallic Mineral Product,Lead,YES
2021,27343RXBRS1700D,110000346386.0,DUKE ENERGY PROGRESS LLC - ROXBORO STEAM ELECTRIC PLANT,1700 DUNNAWAY RD,SEMORA,PERSON,NC,27343,36.4833,-79.0731,DUKE ENERGY CORP,NO,Electric Utilities,Naphthalene,YES
2021,2869WJSTRT186RI,110070551070.0,U.S. CHEMICAL STORAGE LLC,1806 RIVER ST,WILKESBORO,WILKES,NC,28697,36.137753,-81.19141,JUSTRITE SAFETY GROUP,NO,Fabricated Metals,Manganese,NO
2021,27215HFFMN1021Q,110000345626.0,HUFFMAN OIL CO INC,1021 QUEEN ANN ST,BURLINGTON,ALAMANCE,NC,27217,36.08485,-79.41787,NA,NO,Petroleum Bulk Terminals,n-Hexane,NO
2021,2814WKZNBL485CE,110000348936.0,NOURYON SURFACE CHEMISTRY LLC,485 CEDAR SPRINGS RD,SALISBURY,ROWAN,NC,28147,35.62962,-80.53595,NOURYON CHEMICALS LLC,NO,Chemicals,Methyl methacrylate,NO
2021,2821WMTVNT6851F,110009719974.0,MOTIVA ENTERPRISES LLC CHARLOTTE NORTH & SOUTH TERMINALS,410 TOM SADLER RD,CHARLOTTE,MECKLENBURG,NC,28214,35.27994,-80.93817,MOTIVA ENTERPRISES LLC,NO,Petroleum Bulk Terminals,n-Hexane,NO
2021,28655CTPLL90CER,110000351057.0,VEKA EAST,90 CERAMIC TILE DR,MORGANTON,BURKE,NC,28655,35.70569,-81.79431,VEKA HOLDINGS,NO,Transportation Equipment,Chromium compounds (except for chromite ore mined in the Transvaal Region),NO
2021,2821WMTVNT6851F,110009719974.0,MOTIVA ENTERPRISES LLC CHARLOTTE NORTH & SOUTH TERMINALS,410 TOM SADLER RD,CHARLOTTE,MECKLENBURG,NC,28214,35.27994,-80.93817,MOTIVA ENTERPRISES LLC,NO,Petroleum Bulk Terminals,Naphthalene,YES
2021,27374MRSNN325WE,110006722029.0,ASCO POWER TECHNOLOGIES,325 WELCOME CENTER BLVD,WELCOME,DAVIDSON,NC,27374,35.9295,-80.2354,SCHNEIDER ELECTRIC USA INC,NO,Electrical Equipment,Copper,NO
2021,28054WLSHC207TE,110041964201.0,LUBRIZOL,207 TELEGRAPH DR,GASTONIA,GASTON,NC,28056,35.20176,-81.20877,BERKSHIRE HATHAWAY INC,NO,Chemicals,Butyl acrylate,NO
2021,27957RJRYNSTATE,110042039692.0,AVOCA LLC,841 AVOCA FARM ROAD,MERRY HILL,BERTIE,NC,27957,36.00056,-76.71005,ASHLAND LLC,NO,Food,Toluene,NO
2021,28752BXTRHHWY22,110018599603.0,BAXTER HEALTHCARE INC.,65 PITTS STATION RD,MARION,MCDOWELL,NC,28752,35.835833,-81.994166,BAXTER INTERNATIONAL INC,NO,Chemicals,Dioxin and dioxin-like compounds,YES
2021,2832WDBSNT9INDU,110070669640.0,DUBOSE NATIONAL ENERGY SERVICES INC.,900 INDUSTRIAL DR,CLINTON,SAMPSON,NC,28328,35.023,-78.33492,RELIANCE STEEL & ALUMINUM CO,NO,Fabricated Metals,Copper,NO
2021,2789WBLCKC252WI,110043968418.0,ERGON ASPHALT & EMULSIONS INC. - WILSON,2520 WILCO BLVD S,WILSON,WILSON,NC,27893,35.689881,-77.917223,ERGON INC,NO,Petroleum,Polycyclic aromatic compounds,YES
2021,2821WMTVNT6851F,110009719974.0,MOTIVA ENTERPRISES LLC CHARLOTTE NORTH & SOUTH TERMINALS,410 TOM SADLER RD,CHARLOTTE,MECKLENBURG,NC,28214,35.27994,-80.93817,MOTIVA ENTERPRISES LLC,NO,Petroleum Bulk Terminals,Xylene (mixed isomers),NO
2021,27828STHRNSOUTH,110007115371.0,BUTTERBALL FARMVILLE FEED MILL,3628 S. FIELDS ST.,FARMVILLE,PITT,NC,27828,35.597673,-77.592218,SEABOARD CORP,NO,Food,Zinc compounds,NO
2021,2789WBLCKC252WI,110043968418.0,ERGON ASPHALT & EMULSIONS INC. - WILSON,2520 WILCO BLVD S,WILSON,WILSON,NC,27893,35.689881,-77.917223,ERGON INC,NO,Petroleum,Lead,YES
2021,27712CRMTC5000I,110001500572.0,CORMETECH INC,5000 INTERNATIONAL DR,DURHAM,DURHAM,NC,27712,36.09324,-78.84781,CORMETECH INC,NO,Nonmetallic Mineral Product,Mercury,NO
2021,28328CMPBL224FA,110000349837.0,CAMPBELL OIL & GAS CO.,224 FAISON HWY,CLINTON,SAMPSON,NC,28328,35.00735,-78.30882,CAMPBELL OIL & GAS CO,NO,Petroleum Bulk Terminals,"1,2,4-Trimethylbenzene",NO
2021,2821WMTVNT6851F,110009719974.0,MOTIVA ENTERPRISES LLC CHARLOTTE NORTH & SOUTH TERMINALS,410 TOM SADLER RD,CHARLOTTE,MECKLENBURG,NC,28214,35.27994,-80.93817,MOTIVA ENTERPRISES LLC,NO,Petroleum Bulk Terminals,Cumene,YES
2021,2865WSCMKR18IND,110070244694.0,SOUTHERN CONCRETE MATERIALS-MORGANTON (KERRS),108 INDUSTRIAL BLVD,MORGANTON,BURKE,NC,28655,35.72803,-81.74954,HEDRICK INDUSTRIES,NO,Nonmetallic Mineral Product,Lead  And Lead Compounds,NO
2021,28655DNCRP105WA,110000351066.0,MERITOR HEAVY VEHICLE SYSTEMS LLC,105 WAMSUTTA MILL RD,MORGANTON,BURKE,NC,28655,35.74732,-81.70984,MERITOR INC,NO,Transportation Equipment,Nickel,YES
2021,28714LTCND15ALT,110024419869.0,ALTEC INDUSTRIES INC,150 ALTEC DR,BURNSVILLE,YANCEY,NC,28714,35.914386,-82.359677,ALTEC INDUSTRIES INC,NO,Transportation Equipment,Chromium,NO
2021,28345TRNTY11EVH,110000349935.0,TRINITY MANUFACTURING INC,11 E V.HOGAN DR,HAMLET,RICHMOND,NC,28345,34.918889,-79.673333,TRICAL INC,NO,Chemicals,Nitromethane,YES
2021,28345TRNTY11EVH,110000349935.0,TRINITY MANUFACTURING INC,11 E V.HOGAN DR,HAMLET,RICHMOND,NC,28345,34.918889,-79.673333,TRICAL INC,NO,Chemicals,Chlorine,NO
2021,28655CTPLL90CER,110000351057.0,VEKA EAST,90 CERAMIC TILE DR,MORGANTON,BURKE,NC,28655,35.70569,-81.79431,VEKA HOLDINGS,NO,Transportation Equipment,Manganese compounds,NO
2021,27288RXMRL816FI,110000346019.0,LOPAREX INC,816 FIELDCREST RD,EDEN,ROCKINGHAM,NC,27288,36.511945,-79.713055,LOPAREX LLC,NO,Paper,Toluene,NO
2021,28542CMPLJATTNA,110041995151.0,MCIEAST-MCB CAMLEJ MAIN FACILITY,12 POST LN,CAMP LEJEUNE,ONSLOW,NC,28547,34.669402,-77.322574,US DEPARTMENT OF DEFENSE,YES,Other,Nitrate compounds (water dissociable; reportable only when in aqueous solution),NO
2021,2726WCRLNB535AR,110018847328.0,OFS BRANDS INC PLANT 23,535 ARCHDALE BLVD,ARCHDALE,RANDOLPH,NC,27263,35.910449,-79.994202,OFS BRANDS HOLDINGS INC,NO,Furniture,Diisocyanates,NO
2021,28542CMPLJATTNA,110041995151.0,MCIEAST-MCB CAMLEJ MAIN FACILITY,12 POST LN,CAMP LEJEUNE,ONSLOW,NC,28547,34.669402,-77.322574,US DEPARTMENT OF DEFENSE,YES,Other,Xylene (mixed isomers),NO
2021,2845WRGSRD9689S,110060259250.0,ARGOS READY MIX LELAND CONCRETE PLANT,9689 SE PLOOF RD,LELAND,BRUNSWICK,NC,28451,34.21789,-78.01046,ARGOS USA CORP,NO,Nonmetallic Mineral Product,Lead,YES
2021,28333GRGPCOLDMO,110000349855.0,GEORGIA-PACIFIC WOOD PRODUCTS LLC  DUDLEY FACILITY,139 BREWINGTON RD,DUDLEY,WAYNE,NC,28333,35.25875,-78.03138,KOCH INDUSTRIES INC,NO,Wood Products,Diisocyanates,NO
2021,28610FBRPT2512B,110067042113.0,PRYSMIAN CABLES & SYSTEMS USA LLC,2512 PENNY RD,CLAREMONT,CATAWBA,NC,28610,35.7028,-81.15423,PRYSMIAN CABLES & SYSTEMS (US) INC,NO,Nonmetallic Mineral Product,Chlorine,NO
2021,28610NRNDX402PE,110039207060.0,MILLWORK & PANEL LLC,2651 PENNY RD,CLAREMONT,CATAWBA,NC,28610,35.70825,-81.15841,SAINT-GOBAIN CORP,NO,Plastics and Rubber,Manganese compounds,NO
2021,27712WNRTH4112L,110006625651.0,AISIN NORTH CAROLINA CORP,4112 OLD OXFORD HWY,DURHAM,DURHAM,NC,27712,36.08981,-78.84198,AISIN HOLDINGS OF AMERICA INC,NO,Transportation Equipment,Copper,NO
2021,27712WNRTH4112L,110006625651.0,AISIN NORTH CAROLINA CORP,4112 OLD OXFORD HWY,DURHAM,DURHAM,NC,27712,36.08981,-78.84198,AISIN HOLDINGS OF AMERICA INC,NO,Transportation Equipment,Lead,YES
2021,27520CTRPL954NC,110018692468.0,CATERPILLAR INC CLAYTON NC,954 NC HWY 42 E,CLAYTON,JOHNSTON,NC,27527,35.643462,-78.426869,CATERPILLAR INC,NO,Machinery,Methanol,NO
2021,28358LNDSY612E1,110000350021.0,LINDSEY CAMPBELL OIL CO,612 E 17TH ST,LUMBERTON,ROBESON,NC,28358,34.62886,-79.0003,CAMPBELL OIL & GAS CO,NO,Petroleum Bulk Terminals,"1,2,4-Trimethylbenzene",NO
2021,28120HCHSTPOBOX,110000348687.0,CLARIANT CORP-MOUNT HOLLY WEST PLANT,625 E CATAWBA AVE,MOUNT HOLLY,GASTON,NC,28120,35.295833,-81.006667,CLARIANT CORP,NO,Chemicals,Naphthalene,YES
2021,28120HCHSTPOBOX,110000348687.0,CLARIANT CORP-MOUNT HOLLY WEST PLANT,625 E CATAWBA AVE,MOUNT HOLLY,GASTON,NC,28120,35.295833,-81.006667,CLARIANT CORP,NO,Chemicals,Propylene oxide,YES
2021,27573CGNTR331AL,110000347045.0,CPI USA NORTH CAROLINA LLC,331 ALLIE CLAY RD,ROXBORO,PERSON,NC,27573,36.43286,-78.96017,CAPITAL POWER INC,NO,Electric Utilities,Zinc compounds,NO
2021,28024DKNRGDUKEP,110006424404.0,DUKE ENERGY CAROLINAS LLC - ROGERS ENERGY COMPLEX,573 DUKE POWER RD,MOORESBORO,RUTHERFORD,NC,28114,35.217222,-81.761111,DUKE ENERGY CORP,NO,Electric Utilities,Copper compounds,NO
2021,28024DKNRGDUKEP,110006424404.0,DUKE ENERGY CAROLINAS LLC - ROGERS ENERGY COMPLEX,573 DUKE POWER RD,MOORESBORO,RUTHERFORD,NC,28114,35.217222,-81.761111,DUKE ENERGY CORP,NO,Electric Utilities,"Sulfuric acid (acid aerosols including mists, vapors, gas, fog, and other airborne forms of any particle size)",NO
2021,27235CRLNS935WM,110009849851.0,W&W-AFCO STEEL LLC,9035 W MARKET ST,COLFAX,GUILFORD,NC,27235,36.10061,-79.99631,W & W-AFCO STEEL LLC,NO,Fabricated Metals,Manganese,NO
2021,28024DKNRGDUKEP,110006424404.0,DUKE ENERGY CAROLINAS LLC - ROGERS ENERGY COMPLEX,573 DUKE POWER RD,MOORESBORO,RUTHERFORD,NC,28114,35.217222,-81.761111,DUKE ENERGY CORP,NO,Electric Utilities,"Benzo[g,h,i]perylene",NO
2021,28024DKNRGDUKEP,110006424404.0,DUKE ENERGY CAROLINAS LLC - ROGERS ENERGY COMPLEX,573 DUKE POWER RD,MOORESBORO,RUTHERFORD,NC,28114,35.217222,-81.761111,DUKE ENERGY CORP,NO,Electric Utilities,Polycyclic aromatic compounds,YES
2021,28052FRSTN37SDA,110069533464.0,FIRESTONE FIBERS & TEXTILES CO,317 S DALTON ST,GASTONIA,GASTON,NC,28052,35.25885,-81.1989,BRIDGESTONE AMERICAS INC,NO,Textile Product,Methanol,NO
2021,28139LLDDC18IND,110018748140.0,AALLIED DIE CASTING OF N.C.,401 AALLIED DR,RUTHERFORDTON,RUTHERFORD,NC,28139,35.35602,-81.95744,RCM INDUSTRIES,NO,Primary Metals,Lead,YES
2021,27260THLLL1717E,110000345760.0,AXALTA COATING SYSTEMS USA LLC - HIGH POINT,1717 WEST ENGLISH RD,HIGH POINT,GUILFORD,NC,27262,35.945162,-80.022598,AXALTA COATING SYSTEMS LLC,NO,Chemicals,Chromium compounds (except for chromite ore mined in the Transvaal Region),NO
2021,28345PRGRSNCSR1,110004060417.0,DUKE ENERGY PROGRESS LLC - SMITH ENERGY COMPLEX,198 ENERGY WAY,HAMLET,RICHMOND,NC,28345,34.8387,-79.7396,DUKE ENERGY CORP,NO,Electric Utilities,Naphthalene,YES
2021,28206KRZTR3200W,110005985737.0,KURZ TRANSFER PRODUCTS LP,3200 WOODPARK BLVD,CHARLOTTE,MECKLENBURG,NC,28206,35.2708,-80.8245,KURZ TRANSFER PRODUCTS LP,NO,Printing,Toluene,NO
2021,27260THLLL1717E,110000345760.0,AXALTA COATING SYSTEMS USA LLC - HIGH POINT,1717 WEST ENGLISH RD,HIGH POINT,GUILFORD,NC,27262,35.945162,-80.022598,AXALTA COATING SYSTEMS LLC,NO,Chemicals,"1,2,4-Trimethylbenzene",NO
2021,2702WHSFRF251EA,110070070328.0,BRAKEBUSH BROTHERS,251 EATON RD,MOCKSVILLE,DAVIE,NC,27028,35.87944,-80.55312,BRAKEBUSH BROTHERS INC,NO,Food,Ammonia,NO
2021,27703PSCRP6ELLI,110004061005.0,IPS STRUCTURAL ADHESIVES INC.,600 ELLIS RD,DURHAM,DURHAM,NC,27703,35.97239,-78.86697,IPS CORP,NO,Chemicals,Methyl methacrylate,NO
2021,27320BHMFLROUTE,110009856165.0,DYSTAR LP,209 WATLINGTON IND US TRIAL DR,REIDSVILLE,ROCKINGHAM,NC,27320,36.32093,-79.64907,DYSTAR LP,NO,Chemicals,Maleic anhydride,NO
2021,27604MLLNC8801N,110000347214.0,MALLINCKRODT PHARMACEUTICALS,8801 CAPITAL BLVD,RALEIGH,WAKE,NC,27616,35.90059,-78.56164,SPECGX LLC,NO,Chemicals,Ammonia,NO
2021,27320BHMFLROUTE,110009856165.0,DYSTAR LP,209 WATLINGTON IND US TRIAL DR,REIDSVILLE,ROCKINGHAM,NC,27320,36.32093,-79.64907,DYSTAR LP,NO,Chemicals,Phthalic anhydride,NO
2021,28110PRNTW2011R,110000348543.0,OMNOVA SOLUTIONS INC.,2011 ROCKY RIVER RD,MONROE,UNION,NC,28110,35.02598,-80.60413,OMNOVA SOLUTIONS INC,NO,Printing,Toluene,NO
2021,28345PRGRSNCSR1,110004060417.0,DUKE ENERGY PROGRESS LLC - SMITH ENERGY COMPLEX,198 ENERGY WAY,HAMLET,RICHMOND,NC,28345,34.8387,-79.7396,DUKE ENERGY CORP,NO,Electric Utilities,Mercury  And Mercury Compounds,NO
2021,27405NDSCL2319J,110000346545.0,NOVALENT LTD,2319 JOE BROWN DR,GREENSBORO,GUILFORD,NC,27405,36.12476,-79.74434,NA,NO,Chemicals,Methanol,NO
2021,27260THLLL1717E,110000345760.0,AXALTA COATING SYSTEMS USA LLC - HIGH POINT,1717 WEST ENGLISH RD,HIGH POINT,GUILFORD,NC,27262,35.945162,-80.022598,AXALTA COATING SYSTEMS LLC,NO,Chemicals,Methyl isobutyl ketone,YES
2021,28120HCHSTPOBOX,110000348687.0,CLARIANT CORP-MOUNT HOLLY WEST PLANT,625 E CATAWBA AVE,MOUNT HOLLY,GASTON,NC,28120,35.295833,-81.006667,CLARIANT CORP,NO,Chemicals,Formaldehyde,YES
2021,28364SLGNC2120N,110000350085.0,SILGAN CONTAINERS MANUFACTURING CORP,2120 NC HWY N UNIT A,MAXTON,ROBESON,NC,28364,34.772816,-79.326733,SILGAN HOLDINGS INC,NO,Fabricated Metals,Xylene (mixed isomers),NO
2021,28364SLGNC2120N,110000350085.0,SILGAN CONTAINERS MANUFACTURING CORP,2120 NC HWY N UNIT A,MAXTON,ROBESON,NC,28364,34.772816,-79.326733,SILGAN HOLDINGS INC,NO,Fabricated Metals,n-Butyl alcohol,NO
2021,2827WSNYDRCRUMP,110071044584.0,SNYDER'S-LANCE INC.,CRUMP RD,CHARLOTTE,MECKLENBURG,NC,28273,35.12084,-80.88192,PEPPERIDGE FARM INC,NO,Food,Ammonia,NO
2021,27573CGNTR331AL,110000347045.0,CPI USA NORTH CAROLINA LLC,331 ALLIE CLAY RD,ROXBORO,PERSON,NC,27573,36.43286,-78.96017,CAPITAL POWER INC,NO,Electric Utilities,Manganese  And Manganese Compounds,NO
2021,2865WZFCHS157EP,110057628893.0,ZF CHASIS COMPONENTS LLC,1570 E P ST,NEWTON,CATAWBA,NC,28658,35.64723,-81.20169,ZF NORTH AMERICA INC,NO,Transportation Equipment,Manganese,NO
2021,27893FRSTNFIRES,110000745196.0,BRIDGESTONE AMERICAS TIRE OPERATIONS LLC,3001 FIRESTONE PKWY,WILSON,WILSON,NC,27893,35.75598,-77.86917,BRIDGESTONE AMERICAS INC,NO,Plastics and Rubber,Zinc compounds,NO
2021,27403MRFLX2110H,110000346527.0,VERTELLUS GREENSBORO LLC,2110 W GATE CITY BLVD,GREENSBORO,GUILFORD,NC,27403,36.05963,-79.82714,V GLOBAL HOLDINGS LLC,NO,Chemicals,n-Butyl alcohol,NO
2021,27709GMCRL3026C,110002357985.0,WOLFSPEED INC. (RTP),3026 CORNWALLIS RD,RESEARCH TRIANGLE PARK,DURHAM,NC,27709,35.9192,-78.8728,WOLFSPEED INC,NO,Computers and Electronic Products,Hydrogen fluoride,NO
2021,28128NSNVLSR162,110012606135.0,PERDUE AGRIBUSINESS LLC-ANSONVILLE NC ANIMAL NUTRITION,2755 OLD HWY 52 WEST,ANSONVILLE,ANSON,NC,28007,35.18,-80.110001,PERDUE FARMS INC,NO,Food,Formaldehyde,YES
2021,27403DSTNC1025H,110000346518.0,SHERWIN-WILLIAMS CO,1025 HOWARD ST,GREENSBORO,GUILFORD,NC,27403,36.06238,-79.83395,THE SHERWIN-WILLIAMS CO,NO,Chemicals,Ethylbenzene,YES
2021,28110MDLVLAIRPO,110000348525.0,CIRCOR PUMPS N.A. LLC,1710 AIRPORT RD,MONROE,UNION,NC,28110,35.02691,-80.61957,CIRCOR INTERNATIONAL INC,NO,Machinery,Cobalt,YES
2021,28451GNRLWHIGHW,110000350307.0,CAROLINA POLE LELAND,1901 WOOD TREATMENT RD,LELAND,BRUNSWICK,NC,28451,34.2504,-78.07447,KOPPERS INC,NO,Wood Products,Lead,YES
2021,27893FRSTNFIRES,110000745196.0,BRIDGESTONE AMERICAS TIRE OPERATIONS LLC,3001 FIRESTONE PKWY,WILSON,WILSON,NC,27893,35.75598,-77.86917,BRIDGESTONE AMERICAS INC,NO,Plastics and Rubber,Cobalt compounds,NO
2021,2729WGGRLX3EGGE,110070386075.0,EGGER - LEXINGTON PARTICLEBOARD PLANT,300 EGGER PARKWAY,LINWOOD,DAVIDSON,NC,27299,35.7378,-80.345,NA,NO,Wood Products,Lead  And Lead Compounds,NO
2021,28392CRLNFHWY87,110007377338.0,SMITHFIELD-TAR HEEL,15855 HWY 87 WEST,TAR HEEL,BLADEN,NC,28392,34.7465,-78.8061,UNITED GLOBAL FOODS US HOLDINGS INC,NO,Food,Hydrogen sulfide,NO
2021,27260THLLL1717E,110000345760.0,AXALTA COATING SYSTEMS USA LLC - HIGH POINT,1717 WEST ENGLISH RD,HIGH POINT,GUILFORD,NC,27262,35.945162,-80.022598,AXALTA COATING SYSTEMS LLC,NO,Chemicals,Toluene,NO
2021,27604MLLNC8801N,110000347214.0,MALLINCKRODT PHARMACEUTICALS,8801 CAPITAL BLVD,RALEIGH,WAKE,NC,27616,35.90059,-78.56164,SPECGX LLC,NO,Chemicals,Aniline,NO
2021,28302CPFRF1309I,110000349748.0,VALLEY PROTEINS INC - FAYETTEVILLE FACILITY,1309 INDUSTRIAL DR,FAYETTEVILLE,CUMBERLAND,NC,28301,35.03104,-78.86301,VALLEY PROTEINS INC,NO,Food,Ammonia,NO
2021,28360LKYST88CAT,110001493090.0,ELKAY PLUMBING PRODUCTS CO,880 CATON ROAD,LUMBERTON,ROBESON,NC,28360,34.64175,-79.07481,ELKAY MANUFACTURING CO,NO,Fabricated Metals,Cobalt,YES
2021,28804RVCSC275AI,110009296699.0,THERMO FISHER SCIENTIFIC,275 AIKEN RD,ASHEVILLE,BUNCOMBE,NC,28804,35.6849,-82.57636,THERMO FISHER SCIENTIFIC INC,NO,Machinery,Nickel,YES
2021,28110MDLVLAIRPO,110000348525.0,CIRCOR PUMPS N.A. LLC,1710 AIRPORT RD,MONROE,UNION,NC,28110,35.02691,-80.61957,CIRCOR INTERNATIONAL INC,NO,Machinery,Vanadium compounds,NO
2021,27406LYMPC4100P,110000346572.0,OLYMPIC PRODUCTS LLC,4100 PLEASANT GARDEN RD,GREENSBORO,GUILFORD,NC,27406,36.00601,-79.78029,NA,NO,Plastics and Rubber,Diethanolamine,NO
2021,28164DSMDS111HW,110057518066.0,SAMOS POLYMERS CORP,1101 HWY 27 S,STANLEY,GASTON,NC,28164,35.373426,-81.099156,NA,NO,Chemicals,"4,4'-Methylenebis(2-chloroaniline)",YES
2021,27403DSTNC1025H,110000346518.0,SHERWIN-WILLIAMS CO,1025 HOWARD ST,GREENSBORO,GUILFORD,NC,27403,36.06238,-79.83395,THE SHERWIN-WILLIAMS CO,NO,Chemicals,n-Hexane,NO
2021,28086CMMRC101CA,110012476329.0,PARKER HANNIFIN - GPD,101 CANTERBURY RD,KINGS MOUNTAIN,CLEVELAND,NC,28086,35.240556,-81.324722,PARKER HANNIFIN CORP,NO,Machinery,Lead  And Lead Compounds,NO
2021,28533SDDSMNCHWY,110000604301.0,U.S. MARINE CORPS CHERRY POINT AIR STATION,NC HWY 101 AT US 70 W,CHERRY POINT,CRAVEN,NC,285330006,34.905641,-76.893355,US DEPARTMENT OF DEFENSE,YES,Other,Ethylbenzene,YES
2021,28110MDLVLAIRPO,110000348525.0,CIRCOR PUMPS N.A. LLC,1710 AIRPORT RD,MONROE,UNION,NC,28110,35.02691,-80.61957,CIRCOR INTERNATIONAL INC,NO,Machinery,Nickel,YES
2021,2710WCMXLW284LW,110024941919.0,CONCRETE SUPPLY CO  LLC - LOWERY ST,2840 LOWERY ST,WINSTON SALEM,FORSYTH,NC,27101,36.09771,-80.19773,CONCRETE SUPPLY CO LLC,NO,Nonmetallic Mineral Product,Lead  And Lead Compounds,NO
2021,28110MDLVLAIRPO,110000348525.0,CIRCOR PUMPS N.A. LLC,1710 AIRPORT RD,MONROE,UNION,NC,28110,35.02691,-80.61957,CIRCOR INTERNATIONAL INC,NO,Machinery,Copper,NO
2021,2752WNVNRD3611P,110070943424.0,NOVO NORDISK DAPI-US,3611 POWHATAN RD,CLAYTON,JOHNSTON,NC,27527,35.61703,-78.40426,NOVO NORDISK HOLDINGS INC,NO,Chemicals,"Hydrochloric acid (acid aerosols including mists, vapors, gas, fog, and other airborne forms of any particle size)",NO
2021,28360LKYST88CAT,110001493090.0,ELKAY PLUMBING PRODUCTS CO,880 CATON ROAD,LUMBERTON,ROBESON,NC,28360,34.64175,-79.07481,ELKAY MANUFACTURING CO,NO,Fabricated Metals,Nickel,YES
2021,28273WRTHC11750,110000349711.0,BRENNTAG MID-SOUTH,11750 FRUEHAUF DR,CHARLOTTE,MECKLENBURG,NC,28273,35.12582,-80.95812,BRENNTAG NORTH AMERICA INC,NO,Chemical Wholesalers,Toluene,NO
2021,27262PRCHM1670E,110000345895.0,INNOSPEC ACTIVE CHEMICALS,510 W GRIMES AVE,HIGH POINT,GUILFORD,NC,27260,35.950596,-80.009533,INNOSPEC INC,NO,Chemicals,Toluene,NO
2021,28533SDDSMNCHWY,110000604301.0,U.S. MARINE CORPS CHERRY POINT AIR STATION,NC HWY 101 AT US 70 W,CHERRY POINT,CRAVEN,NC,285330006,34.905641,-76.893355,US DEPARTMENT OF DEFENSE,YES,Other,Benzene,YES
2021,28086CMMRC101CA,110012476329.0,PARKER HANNIFIN - GPD,101 CANTERBURY RD,KINGS MOUNTAIN,CLEVELAND,NC,28086,35.240556,-81.324722,PARKER HANNIFIN CORP,NO,Machinery,Copper,NO
2021,28110MDLVLAIRPO,110000348525.0,CIRCOR PUMPS N.A. LLC,1710 AIRPORT RD,MONROE,UNION,NC,28110,35.02691,-80.61957,CIRCOR INTERNATIONAL INC,NO,Machinery,Antimony compounds,NO
2021,28533SDDSMNCHWY,110000604301.0,U.S. MARINE CORPS CHERRY POINT AIR STATION,NC HWY 101 AT US 70 W,CHERRY POINT,CRAVEN,NC,285330006,34.905641,-76.893355,US DEPARTMENT OF DEFENSE,YES,Other,Lead,YES
2021,2732WDKNRG24ERB,110025240996.0,DUKE ENERGY CAROLINAS LLC - ROCKINGHAM COUNTY CT FACILITY,240 ERNEST DR,REIDSVILLE,ROCKINGHAM,NC,27320,36.329717,-79.82965,DUKE ENERGY CORP,NO,Electric Utilities,Naphthalene,YES
2021,2756WNTGRT48DAV,110071041884.0,INTEGRATED DNA TECHNOLOGIES,4800 DAVIS DR,MORRISVILLE,WAKE,NC,27560,35.853317,-78.864928,DANAHER CORP,NO,Chemicals,Acetonitrile,NO
2021,28402CPNDSHIGHW,110007116101.0,STEPAN CO,4600 HWY 421 N,WILMINGTON,NEW HANOVER,NC,28401,34.31065,-77.98461,STEPAN CO,NO,Chemicals,Phthalic anhydride,NO
2021,2740WSTHWN3818B,110060280020.0,HIGHLINE WARREN LLC.- GREENSBORO,112 MAXFIELD RD,GREENSBORO,GUILFORD,NC,27405,36.08558,-79.71638,HIGHLINE WARREN LLC,NO,Chemicals,Methanol,NO
2021,28402CPNDSHIGHW,110007116101.0,STEPAN CO,4600 HWY 421 N,WILMINGTON,NEW HANOVER,NC,28401,34.31065,-77.98461,STEPAN CO,NO,Chemicals,Nitrate compounds (water dissociable; reportable only when in aqueous solution),NO
2021,28603HKRSR908LE,110000350628.0,HK RESEARCH CORP,908 OLD LENOIR RD,HICKORY,CATAWBA,NC,28601,35.74538,-81.36026,NA,NO,Plastics and Rubber,Certain glycol ethers,NO
2021,28804RVCSC275AI,110009296699.0,THERMO FISHER SCIENTIFIC,275 AIKEN RD,ASHEVILLE,BUNCOMBE,NC,28804,35.6849,-82.57636,THERMO FISHER SCIENTIFIC INC,NO,Machinery,Chlorodifluoromethane (HCFC-22),NO
2021,28610CMMSC3642U,110000604329.0,COMMSCOPE INC-CLAREMONT NC FACILITY,3642 US HWY 70 E,CLAREMONT,CATAWBA,NC,28610,35.717917,-81.133929,COMMSCOPE INC,NO,Electrical Equipment,Copper,NO
2021,28804RVCSC275AI,110009296699.0,THERMO FISHER SCIENTIFIC,275 AIKEN RD,ASHEVILLE,BUNCOMBE,NC,28804,35.6849,-82.57636,THERMO FISHER SCIENTIFIC INC,NO,Machinery,Lead,YES
2021,28804RVCSC275AI,110009296699.0,THERMO FISHER SCIENTIFIC,275 AIKEN RD,ASHEVILLE,BUNCOMBE,NC,28804,35.6849,-82.57636,THERMO FISHER SCIENTIFIC INC,NO,Machinery,Antimony,NO
2021,28144NTNLSCEDAR,110056525835.0,HENKEL US OPERATIONS CORP,825 CEDAR SPRINGS RD,SALISBURY,ROWAN,NC,28147,35.63367,-80.53335,HENKEL OF AMERICA INC,NO,Chemicals,Butyl acrylate,NO
2021,27261RLNCN1431P,110000345840.0,AKZONOBEL COATINGS INC,1431 PROGRESS AVE,HIGH POINT,GUILFORD,NC,27260,35.92387,-80.02214,AKZO NOBEL NV,NO,Chemicals,Cumene,YES
2021,28144NTNLSCEDAR,110056525835.0,HENKEL US OPERATIONS CORP,825 CEDAR SPRINGS RD,SALISBURY,ROWAN,NC,28147,35.63367,-80.53335,HENKEL OF AMERICA INC,NO,Chemicals,Ethyl acrylate,YES
2021,27260PDMNT331BU,110000496491.0,PIEDMONT CHEMICAL INDUSTRIES I LLC,331 BURTON AVE,HIGH POINT,GUILFORD,NC,27262,35.93713,-80.03369,SYNTHA GROUP INC,NO,Chemicals,"1,3-Phenylenediamine",NO
2021,27260PDMNT331BU,110000496491.0,PIEDMONT CHEMICAL INDUSTRIES I LLC,331 BURTON AVE,HIGH POINT,GUILFORD,NC,27262,35.93713,-80.03369,SYNTHA GROUP INC,NO,Chemicals,Dicyclopentadiene,NO
2021,28557BLLYR135LI,110009858038.0,BALLY REFRIGERATED BOXES INC.,135 LITTLE NINE ROAD,MOREHEAD CITY,CARTERET,NC,28557,34.739493,-76.808982,BALLY REFRIGERATED BOXES INC,NO,Machinery,Nickel,YES
2021,27282CHMCN108OA,110000345957.0,UNIVAR SOLUTIONS USA INC,108 OAKDALE RD,JAMESTOWN,GUILFORD,NC,27282,35.99347,-79.93371,UNIVAR SOLUTIONS USA INC,NO,Chemical Wholesalers,p-Xylene,NO
2021,2734WCRTNT921SH,110055105201.0,CERTAINTEED GYPSUM NC INC,921 SHORE RD,SEMORA,PERSON,NC,27343,36.49011,-79.055977,SAINT-GOBAIN CORP,NO,Nonmetallic Mineral Product,Lead,YES
2021,2827WSFTYK124GD,110009717128.0,SAFETY-KLEEN SYSTEMS INC,12040 GOODRICH DR,CHARLOTTE,MECKLENBURG,NC,28273,35.12617,-80.96417,CLEAN HARBORS INC,NO,Hazardous Waste,"Benzo[g,h,i]perylene",NO
2021,28052FRGHT1400T,110000348124.0,DAIMLER TRUCKS NA LLC,1400 TULIP DR,GASTONIA,GASTON,NC,28052,35.28778,-81.20262,DAIMLER TRUCKS NORTH AMERICA LLC,NO,Transportation Equipment,Lead,YES
2021,28052FRGHT1400T,110000348124.0,DAIMLER TRUCKS NA LLC,1400 TULIP DR,GASTONIA,GASTON,NC,28052,35.28778,-81.20262,DAIMLER TRUCKS NORTH AMERICA LLC,NO,Transportation Equipment,Cobalt,YES
2021,27260PDMNT331BU,110000496491.0,PIEDMONT CHEMICAL INDUSTRIES I LLC,331 BURTON AVE,HIGH POINT,GUILFORD,NC,27262,35.93713,-80.03369,SYNTHA GROUP INC,NO,Chemicals,Vinyl acetate,YES
2021,28758BRNFRPOBOX,110018548124.0,HAYNES WIRE CO,158 N EGERTON RD,HENDERSONVILLE,HENDERSON,NC,28792,35.37292,-82.48722,HAYNES INTERNATIONAL INC,NO,Primary Metals,Cobalt,YES
2021,28677THVLS1931S,110006719168.0,SHERWIN-WILLIAMS CO,188 SIDE TRACK DR,STATESVILLE,IREDELL,NC,28625,35.76391,-80.84241,THE SHERWIN-WILLIAMS CO,NO,Chemicals,Diuron,NO
2021,28758BRNFRPOBOX,110018548124.0,HAYNES WIRE CO,158 N EGERTON RD,HENDERSONVILLE,HENDERSON,NC,28792,35.37292,-82.48722,HAYNES INTERNATIONAL INC,NO,Primary Metals,Nitric acid,NO
2021,28677THVLS1931S,110006719168.0,SHERWIN-WILLIAMS CO,188 SIDE TRACK DR,STATESVILLE,IREDELL,NC,28625,35.76391,-80.84241,THE SHERWIN-WILLIAMS CO,NO,Chemicals,Ethylene glycol,NO
2021,28677THVLS1931S,110006719168.0,SHERWIN-WILLIAMS CO,188 SIDE TRACK DR,STATESVILLE,IREDELL,NC,28625,35.76391,-80.84241,THE SHERWIN-WILLIAMS CO,NO,Chemicals,Certain glycol ethers,NO
2021,28052FRGHT1400T,110000348124.0,DAIMLER TRUCKS NA LLC,1400 TULIP DR,GASTONIA,GASTON,NC,28052,35.28778,-81.20262,DAIMLER TRUCKS NORTH AMERICA LLC,NO,Transportation Equipment,Copper,NO
2021,2808WGRNHC212CM,110070703698.0,GREENHECK FAN CORP - KINGS MOUNTAIN,212 COMMERCE BLVD,KINGS MOUNTAIN,CLEVELAND,NC,28086,35.24031,-81.41077,GREENHECK FAN CORP,NO,Machinery,Cobalt,YES
2021,27330PCFBN1616H,110002381253.0,PENTAIR WATER POOL & SPA INC.,1620 HAWKINS AVE.,SANFORD,LEE,NC,27330,35.50352,-79.17889,PENTAIR INC,NO,Plastics and Rubber,Styrene,YES
2021,27330PCFBN1616H,110002381253.0,PENTAIR WATER POOL & SPA INC.,1620 HAWKINS AVE.,SANFORD,LEE,NC,27330,35.50352,-79.17889,PENTAIR INC,NO,Plastics and Rubber,Diisocyanates,NO
2021,28144MRDNT6701S,110006860691.0,TEIJIN AUTOMOTIVE TECHNOLOGIES NORTH CAROLINA COMPOSITES LL,6701 STATESVILLE BLVD,SALISBURY,ROWAN,NC,28147,35.71943,-80.60148,TEIJIN AUTOMOTIVE TECHNOLOGIES INC,NO,Plastics and Rubber,Styrene,YES
2021,27282CHMCN108OA,110000345957.0,UNIVAR SOLUTIONS USA INC,108 OAKDALE RD,JAMESTOWN,GUILFORD,NC,27282,35.99347,-79.93371,UNIVAR SOLUTIONS USA INC,NO,Chemical Wholesalers,Xylene (mixed isomers),NO
2021,27886KHNCR4047M,110012707419.0,HITACHI ASTEMO GREENFIELD LLC,4047 MCNAIR RD,TARBORO,EDGECOMBE,NC,27886,35.878283,-77.585133,HITACHI ASTEMO AMERICAS INC,NO,Transportation Equipment,Toluene,NO
2021,2808WGRNHC212CM,110070703698.0,GREENHECK FAN CORP - KINGS MOUNTAIN,212 COMMERCE BLVD,KINGS MOUNTAIN,CLEVELAND,NC,28086,35.24031,-81.41077,GREENHECK FAN CORP,NO,Machinery,Manganese,NO
2021,27260PDMNT331BU,110000496491.0,PIEDMONT CHEMICAL INDUSTRIES I LLC,331 BURTON AVE,HIGH POINT,GUILFORD,NC,27262,35.93713,-80.03369,SYNTHA GROUP INC,NO,Chemicals,Methanol,NO
2021,27229MNTRF203MO,110006804985.0,MOUNTAIRE FARMS INC- CANDOR FEED MILL,203 MORRIS FARM RD,CANDOR,MONTGOMERY,NC,27229,35.299233,-79.715983,MOUNTAIRE FARMS INC,NO,Food,Zinc compounds,NO
2021,27292PDMNTRTE14,110000346073.0,KURZ TRANSFER PRODUCTS LP,4939 N NC HWY 150,LEXINGTON,DAVIDSON,NC,27295,35.91417,-80.33069,KURZ TRANSFER PRODUCTS LP,NO,Printing,Mixture,NO
2021,27501KDDFR141JU,110001492821.0,NATIONAL FOAM INC,141 JUNNY RD,ANGIER,HARNETT,NC,27501,35.51851,-78.73849,NA,NO,Chemicals,Ethylene glycol,NO
2021,28655BRCKTRT146,110000764913.0,BRACKETT BROTHERS,4875 BRACKETT LYLES DR,MORGANTON,BURKE,NC,28655,35.60638,-81.82185,NA,NO,Wood Products,Copper compounds,NO
2021,2761WCRLNS862BA,110018641781.0,CAROLINA SUNROCK LLC - RDU,8620 BAREFOOT INDUSTRIAL,RALEIGH,WAKE,NC,27617,35.89245,-78.745766,THE SUNROCK GROUP INC,NO,Nonmetallic Mineral Product,Lead  And Lead Compounds,NO
2021,27835GRDYWGREEN,110000347606.0,GRADY WHITE BOATS INC.,5121 MARTIN LUTHER KING JR HWY,GREENVILLE,PITT,NC,27834,35.649613,-77.34405,NA,NO,Transportation Equipment,Diisocyanates,NO
2021,27835GRDYWGREEN,110000347606.0,GRADY WHITE BOATS INC.,5121 MARTIN LUTHER KING JR HWY,GREENVILLE,PITT,NC,27834,35.649613,-77.34405,NA,NO,Transportation Equipment,Ethylbenzene,YES
2021,28402GCMPNCASTL,110000745230.0,GE CO,3901 CASTLE HAYNE RD NC HWY 133,WILMINGTON,NEW HANOVER,NC,28401,34.32184,-77.92815,GENERAL ELECTRIC CO (GE CO),NO,Chemicals,Hydrogen fluoride,NO
2021,28677THVLS1931S,110006719168.0,SHERWIN-WILLIAMS CO,188 SIDE TRACK DR,STATESVILLE,IREDELL,NC,28625,35.76391,-80.84241,THE SHERWIN-WILLIAMS CO,NO,Chemicals,3-Iodo-2-propynyl butylcarbamate,NO
2021,27835GRDYWGREEN,110000347606.0,GRADY WHITE BOATS INC.,5121 MARTIN LUTHER KING JR HWY,GREENVILLE,PITT,NC,27834,35.649613,-77.34405,NA,NO,Transportation Equipment,Certain glycol ethers,NO
2021,28302DPNTFHIGHW,110000559609.0,CHEMOURS CO - FAYETTEVILLE WORKS,22828 NC HWY 87 W,FAYETTEVILLE,BLADEN,NC,28306,34.8419,-78.8388,THE CHEMOURS CO,NO,Chemicals,Methanol,NO
2021,27877RSNLLWATER,110006848322.0,RESINALL CORP,302 N WATER ST,SEVERN,NORTHAMPTON,NC,27877,36.512899,-77.189712,ERGON INC,NO,Chemicals,Naphthalene,YES
2021,27406NTXCH520BR,110000346581.0,LANXESS CORP,520 BROOME RD,GREENSBORO,GUILFORD,NC,27406,36.03979,-79.77917,LANXESS CORP,NO,Chemicals,n-Butyl alcohol,NO
2021,27877RSNLLWATER,110006848322.0,RESINALL CORP,302 N WATER ST,SEVERN,NORTHAMPTON,NC,27877,36.512899,-77.189712,ERGON INC,NO,Chemicals,Dicyclopentadiene,NO
2021,28302DPNTFHIGHW,110000559609.0,CHEMOURS CO - FAYETTEVILLE WORKS,22828 NC HWY 87 W,FAYETTEVILLE,BLADEN,NC,28306,34.8419,-78.8388,THE CHEMOURS CO,NO,Plastics and Rubber,Ammonia,NO
2021,27355LBRTY2607O,110009849682.0,PILGRIM'S PRIDE CORP STALEY FEEDMILL,2607 OLD 421 RD,STALEY,RANDOLPH,NC,27355,35.81061,-79.55357,JBS USA FOOD CO,NO,Food,Zinc compounds,NO
2021,2820WCNCRT33WES,110001479784.0,CONCRETE SUPPLY WEST,3030 WEST TRADE ST,CHARLOTTE,MECKLENBURG,NC,28208,35.25442,-80.87131,CONCRETE SUPPLY CO LLC,NO,Nonmetallic Mineral Product,Mercury  And Mercury Compounds,NO
2021,27406NTXCH520BR,110000346581.0,LANXESS CORP,520 BROOME RD,GREENSBORO,GUILFORD,NC,27406,36.03979,-79.77917,LANXESS CORP,NO,Chemicals,Cyclohexanol,NO
2021,27406NTXCH520BR,110000346581.0,LANXESS CORP,520 BROOME RD,GREENSBORO,GUILFORD,NC,27406,36.03979,-79.77917,LANXESS CORP,NO,Chemicals,Phthalic anhydride,NO
2021,28273MRCNC10700,110000764851.0,AMERICH CORP,10700 JOHN PRICE RD,CHARLOTTE,MECKLENBURG,NC,28273,35.1222,-80.95766,AMERICH CORP,NO,Plastics and Rubber,Styrene,YES
2021,28302DPNTFHIGHW,110000559609.0,CHEMOURS CO - FAYETTEVILLE WORKS,22828 NC HWY 87 W,FAYETTEVILLE,BLADEN,NC,28306,34.8419,-78.8388,THE CHEMOURS CO,NO,Plastics and Rubber,Hexafluoropropylene oxide dimer acid,NO
2021,28302DPNTFHIGHW,110000559609.0,CHEMOURS CO - FAYETTEVILLE WORKS,22828 NC HWY 87 W,FAYETTEVILLE,BLADEN,NC,28306,34.8419,-78.8388,THE CHEMOURS CO,NO,Chemicals,Hydrogen fluoride,NO
2021,28787LCRNK9MNTI,110069261667.0,SAMOA CORP,90 MONTICELLO RD,WEAVERVILLE,BUNCOMBE,NC,28787,35.7085,-82.57218,LINTER NORTH AMERICA CORP,NO,Fabricated Metals,Lead,YES
2021,27025PNHLLLINDS,110000345118.0,PINE HALL BRICK CO INC,634 LINDSAY BRIDGE RD,MADISON,ROCKINGHAM,NC,27025,36.37608,-79.99042,PINE HALL BRICK CO INC,NO,Nonmetallic Mineral Product,Benzene,YES
2021,27025PNHLLLINDS,110000345118.0,PINE HALL BRICK CO INC,634 LINDSAY BRIDGE RD,MADISON,ROCKINGHAM,NC,27025,36.37608,-79.99042,PINE HALL BRICK CO INC,NO,Nonmetallic Mineral Product,Di(2-ethylhexyl) phthalate,YES
2021,27410SHRWN113ST,110000346741.0,SHERWIN-WILLIAMS CO,113 STAGE COACH TRAIL,GREENSBORO,GUILFORD,NC,27409,36.07644,-79.91277,THE SHERWIN-WILLIAMS CO,NO,Chemicals,n-Butyl alcohol,NO
2021,28213FLRDSHWY11,110012474697.0,GERDAU LONG STEEL NA-CHARLOTTE MILL,6601 LAKEVIEW RD,CHARLOTTE,MECKLENBURG,NC,28269,35.33902,-80.82926,GERDAU USA INC,NO,Primary Metals,Mercury  And Mercury Compounds,NO
2021,27025PNHLLLINDS,110000345118.0,PINE HALL BRICK CO INC,634 LINDSAY BRIDGE RD,MADISON,ROCKINGHAM,NC,27025,36.37608,-79.99042,PINE HALL BRICK CO INC,NO,Nonmetallic Mineral Product,"Hydrochloric acid (acid aerosols including mists, vapors, gas, fog, and other airborne forms of any particle size)",NO
2021,27410SHRWN113ST,110000346741.0,SHERWIN-WILLIAMS CO,113 STAGE COACH TRAIL,GREENSBORO,GUILFORD,NC,27409,36.07644,-79.91277,THE SHERWIN-WILLIAMS CO,NO,Chemicals,"1,2,4-Trimethylbenzene",NO
2021,28213FLRDSHWY11,110012474697.0,GERDAU LONG STEEL NA-CHARLOTTE MILL,6601 LAKEVIEW RD,CHARLOTTE,MECKLENBURG,NC,28269,35.33902,-80.82926,GERDAU USA INC,NO,Primary Metals,Chromium  and Chromium Compounds(except for chromite ore mined in the Transvaal Region),NO
2021,27410SHRWN113ST,110000346741.0,SHERWIN-WILLIAMS CO,113 STAGE COACH TRAIL,GREENSBORO,GUILFORD,NC,27409,36.07644,-79.91277,THE SHERWIN-WILLIAMS CO,NO,Chemicals,Xylene (mixed isomers),NO
2021,27410SHRWN113ST,110000346741.0,SHERWIN-WILLIAMS CO,113 STAGE COACH TRAIL,GREENSBORO,GUILFORD,NC,27409,36.07644,-79.91277,THE SHERWIN-WILLIAMS CO,NO,Chemicals,Certain glycol ethers,NO
2021,27520NTRXX8720U,110009850189.0,NATVAR,8720 US 70 W,CLAYTON,JOHNSTON,NC,27520,35.6247,-78.42423,TEKNI-PLEX INC,NO,Plastics and Rubber,Di(2-ethylhexyl) phthalate,YES
2021,28429CCDNTOFFST,110000350272.0,ELEMENTIS CHROMIUM INC,5408 HOLLY SHELTER RD,CASTLE HAYNE,NEW HANOVER,NC,28429,34.372516,-77.859466,ELEMENTIS,NO,Chemicals,Nickel  And Nickel Compounds,YES
2021,28655SGLCR307JA,110002100039.0,SGL CARBON LLC,307 JAMESTOWN RD,MORGANTON,BURKE,NC,28655,35.73239,-81.73013,SGL CARBON LLC,NO,Electrical Equipment,"Benzo[g,h,i]perylene",NO
2021,28213FLRDSHWY11,110012474697.0,GERDAU LONG STEEL NA-CHARLOTTE MILL,6601 LAKEVIEW RD,CHARLOTTE,MECKLENBURG,NC,28269,35.33902,-80.82926,GERDAU USA INC,NO,Primary Metals,Zinc compounds,NO
2021,27526NCPRD1431P,110022522536.0,OLDCASTLE PRECAST INC,1431 PRODUCTS RD,FUQUAY-VARINA,WAKE,NC,27526,35.598138,-78.77314,CRH AMERICAS INC,NO,Nonmetallic Mineral Product,Mercury compounds,NO
2021,28302CMRCSPOBOX,110022439798.0,DAK AMERICAS LLC,3216 CEDAR CREEK RD,FAYETTEVILLE,CUMBERLAND,NC,28312,34.98305,-78.78722,DAK AMERICAS LLC,NO,Chemicals,Acetaldehyde,YES
2021,28402STHTL3527H,110009846462.0,SOUTH ATLANTIC SERVICES INC,3527 HWY 421 N,WILMINGTON,NEW HANOVER,NC,28401,34.29153,-77.97009,SOUTH ATLANTIC SERVICES INC,NO,Chemicals,Maleic anhydride,NO
2021,2730WCNTRL682EW,110070069967.0,CENTRAL CAROLINA CONCRETE LLC - MEBANE,6802 E WASHINGTON ST,MEBANE,ORANGE,NC,27302,36.086161,-79.23563,CONCRETE SUPPLY CO LLC,NO,Nonmetallic Mineral Product,Lead  And Lead Compounds,NO
2021,27260THMSB1408C,110000345779.0,THOMAS BUILT BUSES INC,1408 COURTESY RD,HIGH POINT,GUILFORD,NC,27260,35.94282,-80.02078,DAIMLER TRUCKS NORTH AMERICA LLC,NO,Transportation Equipment,Manganese,NO
2021,28402STHTL3527H,110009846462.0,SOUTH ATLANTIC SERVICES INC,3527 HWY 421 N,WILMINGTON,NEW HANOVER,NC,28401,34.29153,-77.97009,SOUTH ATLANTIC SERVICES INC,NO,Chemicals,Ethylene glycol,NO
2021,27856PRDFRALTUS,110009849815.0,PERDUE NASHVILLE FEED MILL,1835 US HWY 64A,NASHVILLE,NASH,NC,27856,35.970875,-77.999312,PERDUE FARMS INC,NO,Food,Copper compounds,NO
2021,27260THMSB1408C,110000345779.0,THOMAS BUILT BUSES INC,1408 COURTESY RD,HIGH POINT,GUILFORD,NC,27260,35.94282,-80.02078,DAIMLER TRUCKS NORTH AMERICA LLC,NO,Transportation Equipment,Ethylene glycol,NO
2021,27702STHCH2000E,110000347303.0,BRENNTAG MID-SOUTH,2000 E PETTIGREW ST,DURHAM,DURHAM,NC,27703,35.979401,-78.880293,BRENNTAG NORTH AMERICA INC,NO,Chemical Wholesalers,Nitric acid,NO
2021,27702STHCH2000E,110000347303.0,BRENNTAG MID-SOUTH,2000 E PETTIGREW ST,DURHAM,DURHAM,NC,27703,35.979401,-78.880293,BRENNTAG NORTH AMERICA INC,NO,Chemical Wholesalers,N-Methyl-2-pyrrolidone,NO
2021,27359HNDPWHONDA,110056965020.0,NORTH CAROLINA MANUFACTURING,3721 NC HWY 119,SWEPSONVILLE,ALAMANCE,NC,27359,36.030792,-79.342882,AMERICAN HONDA MOTOR CO INC,NO,Machinery,Toluene,NO
2021,2737WCRLNS131WB,110071151066.0,SAPUTO CHEESE USA INC,131 WRIGHT WAY,TROY,MONTGOMERY,NC,27371,35.335328,-79.930111,SAPUTO CHEESE USA INC,NO,Food,Nitric acid,NO
2021,28732RCKWL1000R,110000351538.0,MERITOR HEAVY VEHICLE SYSTEMS LLC,1000 ROCKWELL DR,FLETCHER,HENDERSON,NC,28732,35.4137,-82.5161,MERITOR INC,NO,Transportation Equipment,Methanol,NO
2021,28217WSTNG5101W,110000349588.0,SIEMENS CHARLOTTE TURBINE GENERATOR SERVICE CENTER,5101 WESTINGHO US E BLVD,CHARLOTTE,MECKLENBURG,NC,28273,35.14332,-80.98545,SIEMENS ENERGY INC,NO,Machinery,Nickel,YES
2021,28675PNRCLECLIP,110000587044.0,AMANO PIONEER ECLIPSE CORP,1 ECLIPSE RD,SPARTA,ALLEGHANY,NC,28675,36.52273,-81.06309,AMANO USA HOLDINGS INC,NO,Chemicals,Zinc compounds,NO
2021,2813WCNCRT12148,110001499361.0,CONCRETE SUPPLY CO.  LLC - ARROWOOD,12148 NATIONS FORD RD,CHARLOTTE,MECKLENBURG,NC,28134,35.100276,-80.917104,CONCRETE SUPPLY CO LLC,NO,Nonmetallic Mineral Product,Nitrate compounds (water dissociable; reportable only when in aqueous solution),NO
2021,27730GNRLTROUTE,110000615228.0,GENERAL TIMBER INC,625 FARMVILLE MINE RD,SANFORD,CHATHAM,NC,27330,35.5648,-79.2116,NA,NO,Wood Products,Copper compounds,NO
2021,2834WHRGRL12779,110070070447.0,HARGER LIGHTNING & GROUNDING,12779 NC HIGHWAY 130 E,FAIRMONT,ROBESON,NC,28340,34.49238,-79.09803,NA,NO,Electrical Equipment,Copper,NO
2021,2811WTLLVC375AL,110018570688.0,ATI SPECIALTY MATERIALS - BAKERS SITE,3750 ALLOY WAY,MONROE,UNION,NC,28110,35.01803,-80.612762,ALLEGHENY TECHNOLOGIES INC,NO,Primary Metals,Nickel,YES
2021,27214PRCTR6200B,110009856094.0,PROCTER & GAMBLE MANUFACTURING CO,6200 BRYAN PARK RD,BROWNS SUMMIT,GUILFORD,NC,27214,36.17885,-79.73064,THE PROCTER & GAMBLE CO,NO,Chemicals,Benzene,YES
2021,27260THMSB1408C,110000345779.0,THOMAS BUILT BUSES INC,1408 COURTESY RD,HIGH POINT,GUILFORD,NC,27260,35.94282,-80.02078,DAIMLER TRUCKS NORTH AMERICA LLC,NO,Transportation Equipment,Nickel,YES
2021,27702STHCH2000E,110000347303.0,BRENNTAG MID-SOUTH,2000 E PETTIGREW ST,DURHAM,DURHAM,NC,27703,35.979401,-78.880293,BRENNTAG NORTH AMERICA INC,NO,Chemical Wholesalers,Methyl isobutyl ketone,YES
2021,27260THMSB1408C,110000345779.0,THOMAS BUILT BUSES INC,1408 COURTESY RD,HIGH POINT,GUILFORD,NC,27260,35.94282,-80.02078,DAIMLER TRUCKS NORTH AMERICA LLC,NO,Transportation Equipment,Lead,YES
2021,27870RSMRY12THS,110001483261.0,ROSEMARY POWER STATION,12TH ST,ROANOKE RAPIDS,HALIFAX,NC,27870,36.452527,-77.660408,DOMINION ENERGY INC,NO,Electric Utilities,Naphthalene,YES
2021,27820GRGPCAMPAC,110000347544.0,GEORGIA-PACIFIC CHEMICALS LLC,200 AMPAC RD,CONWAY,NORTHAMPTON,NC,27820,36.429167,-77.223611,KOCH INDUSTRIES INC,NO,Chemicals,Methanol,NO
2021,28787RLNCLREEMS,110000351681.0,DODGE MECHANICAL POWER TRANSMISSION CO,70 REEMS CREEK RD,WEAVERVILLE,BUNCOMBE,NC,28787,35.68472,-82.56483,RBC BEARINGS INC,NO,Machinery,Chromium,NO
2021,27401HBFLL3005H,110000346484.0,PIEDMONT PLATING CORP,3005 HOLTS CHAPEL RD,GREENSBORO,GUILFORD,NC,27401,36.07531,-79.75297,NA,NO,Fabricated Metals,Zinc compounds,NO
2021,27834MTLLX251IN,110015308111.0,METALLIX REFINING  INC.,251 INDUSTRIAL BLVD,GREENVILLE,PITT,NC,27834,35.64516,-77.36382,METALLIX REFINING INC,NO,Primary Metals,Copper,NO
2021,27889FLNDRFLAND,110000347722.0,FLANDERS FILTERS INC,531 FLANDERS FILTERS RD,WASHINGTON,BEAUFORT,NC,27889,35.5875,-77.106111,AMERICAN AIR FILTER CO INC,NO,Machinery,Diisocyanates,NO
2021,28241CBGGY3400W,110000349604.0,HUNTSMAN INTERNATIONAL LLC,3400 WESTINGHO US E BLVD,CHARLOTTE,MECKLENBURG,NC,28273,35.13264,-80.9635,HUNTSMAN CORP,NO,Chemicals,Certain glycol ethers,NO
2021,28159FNTXNI85AN,110000349114.0,INNOSPEC ACTIVE CHEMICALS,500 HINKLE LANE,SALISBURY,ROWAN,NC,28144,35.7037,-80.41267,INNOSPEC INC,NO,Chemicals,Methanol,NO
2021,28351PRLLRSTATE,110013793706.0,KORDSA INC.,17780 ARMSTRONG RD,LAUREL HILL,SCOTLAND,NC,28351,34.810186,-79.521413,KORDSA INC,NO,Textile Product,Formaldehyde,YES
2021,2703WTTNWL41TEC,110031097872.0,OTTENWELLER CO INC,401 TECHNOLOGY LN,MOUNT AIRY,SURRY,NC,27030,36.517702,-80.592331,OTTENWELLER CO INC,NO,Fabricated Metals,Manganese compounds,NO
2021,28159FNTXNI85AN,110000349114.0,INNOSPEC ACTIVE CHEMICALS,500 HINKLE LANE,SALISBURY,ROWAN,NC,28144,35.7037,-80.41267,INNOSPEC INC,NO,Chemicals,Zinc compounds,NO
2021,27214PRCTR6200B,110009856094.0,PROCTER & GAMBLE MANUFACTURING CO,6200 BRYAN PARK RD,BROWNS SUMMIT,GUILFORD,NC,27214,36.17885,-79.73064,THE PROCTER & GAMBLE CO,NO,Chemicals,Zinc compounds,NO
2021,27889FLNDRFLAND,110000347722.0,FLANDERS FILTERS INC,531 FLANDERS FILTERS RD,WASHINGTON,BEAUFORT,NC,27889,35.5875,-77.106111,AMERICAN AIR FILTER CO INC,NO,Machinery,Chromium,NO
2021,27330GLDNP6500Z,110000551493.0,PILGRIM'S PRIDE CORP SANFORD FACILITY,484 ZIMMERMAN RD,SANFORD,LEE,NC,27330,35.558038,-79.22948,JBS USA FOOD CO,NO,Food,Hydrogen sulfide,NO
2021,27573MYLCT10660,110057382666.0,DUKE ENERGY PROGRESS LLC-MAYO ELECTRIC GENERATING PLANT,10660 BOSTON RD,ROXBORO,PERSON,NC,27574,36.5278,-78.8917,DUKE ENERGY CORP,NO,Electric Utilities,Mercury  And Mercury Compounds,NO
2021,27573MYLCT10660,110057382666.0,DUKE ENERGY PROGRESS LLC-MAYO ELECTRIC GENERATING PLANT,10660 BOSTON RD,ROXBORO,PERSON,NC,27574,36.5278,-78.8917,DUKE ENERGY CORP,NO,Electric Utilities,Manganese compounds,NO
2021,28601HCKRY379TH,110000764959.0,HICKORY CHAIR LLC,37 9TH ST PL SE,HICKORY,CATAWBA,NC,28602,35.73756,-81.31945,NA,NO,Furniture,Lead  And Lead Compounds,NO
2021,27573MYLCT10660,110057382666.0,DUKE ENERGY PROGRESS LLC-MAYO ELECTRIC GENERATING PLANT,10660 BOSTON RD,ROXBORO,PERSON,NC,27574,36.5278,-78.8917,DUKE ENERGY CORP,NO,Electric Utilities,"Sulfuric acid (acid aerosols including mists, vapors, gas, fog, and other airborne forms of any particle size)",NO
2021,2770WCRLNS153CA,110001497425.0,CAROLINA SUNROCK LLC - MDC,1503 CAMDEN AVENUE,DURHAM,DURHAM,NC,27704,36.01592,-78.87222,THE SUNROCK GROUP INC,NO,Nonmetallic Mineral Product,Mercury  And Mercury Compounds,NO
2021,27573MYLCT10660,110057382666.0,DUKE ENERGY PROGRESS LLC-MAYO ELECTRIC GENERATING PLANT,10660 BOSTON RD,ROXBORO,PERSON,NC,27574,36.5278,-78.8917,DUKE ENERGY CORP,NO,Electric Utilities,Naphthalene,YES
2021,2728WTKNRP3518D,110069204667.0,TEKNOR APEX - NORTH CAROLINA,3518 DILLON RD,JAMESTOWN,GUILFORD,NC,27282,35.9919,-79.93883,TEKNOR APEX CO,NO,Chemicals,Antimony compounds,NO
2021,27559TRNGLUSHWY,110000346983.0,TRIANGLE BRICK - MERRY OAKS,294 KING RD,MONCURE,CHATHAM,NC,27559,35.64351,-79.00093,TRIANGLE BRICK CO,NO,Nonmetallic Mineral Product,Lead compounds,NO
2021,28025MRCHM723CO,110000348035.0,AMERICHEM INC CNC,723 COMMERCE DR,CONCORD,CABARRUS,NC,28025,35.378066,-80.58515,AMERICHEM INC,NO,Chemicals,Zinc compounds,NO
2021,2759WCPTVR35NRT,110071284168.0,CAPTIVEAIRE SYSTEMS INC,305 NORTHBROOK DR,YOUNGSVILLE,FRANKLIN,NC,27596,36.049535,-78.483319,CAPTIVEAIRE SYSTEMS INC,NO,Fabricated Metals,Chromium,NO
2021,28025MRCHM723CO,110000348035.0,AMERICHEM INC CNC,723 COMMERCE DR,CONCORD,CABARRUS,NC,28025,35.378066,-80.58515,AMERICHEM INC,NO,Chemicals,Vanadium compounds,NO
2021,27360NLNFL55CLN,110021035814.0,UNILIN FLOORING,550 CLONIGER DR,THOMASVILLE,DAVIDSON,NC,27360,35.86743,-80.05013,MOHAWK INDUSTRIES INC,NO,Wood Products,Nitrate compounds (water dissociable; reportable only when in aqueous solution),NO
2021,2877WCRLNR66LDU,110070556432.0,CAROLINA READY MIX & BUILDERS SUPPLY LLC - SWANNANOA,606 OLD US 70,SWANNANOA,BUNCOMBE,NC,28778,35.603939,-82.385027,CONCRETE SUPPLY CO LLC,NO,Nonmetallic Mineral Product,Lead  And Lead Compounds,NO
2021,275593MCPT4191H,110056955022.0,3M CO-PITTSBORO,4191 HWY 87 S,MONCURE,CHATHAM,NC,27559,35.660933,-79.167316,3M CO,NO,Nonmetallic Mineral Product,Zinc compounds,NO
2021,28139RVSBRRAILR,110000586624.0,TRELLEBORG COATED SYSTEMS US INC,715 RAILROAD AVE & HWY 74,RUTHERFORDTON,RUTHERFORD,NC,28139,35.37798,-81.94629,TRELLEBORG INDUSTRIES,NO,Textiles,Zinc compounds,NO
2021,28139RVSBRRAILR,110000586624.0,TRELLEBORG COATED SYSTEMS US INC,715 RAILROAD AVE & HWY 74,RUTHERFORDTON,RUTHERFORD,NC,28139,35.37798,-81.94629,TRELLEBORG INDUSTRIES,NO,Textiles,"N,N-Dimethylformamide",YES
2021,2770WCRLNS153CA,110001497425.0,CAROLINA SUNROCK LLC - MDC,1503 CAMDEN AVENUE,DURHAM,DURHAM,NC,27704,36.01592,-78.87222,THE SUNROCK GROUP INC,NO,Nonmetallic Mineral Product,Polycyclic aromatic compounds,YES
2021,2721WCHMTK697CU,110035820403.0,CHEMTEK INC. YANCEYVILLE MANUFACTURING FACILITY,697 COUNTY HOME RD,BLANCH,CASWELL,NC,27212,36.423287,-79.333522,CHEMTEK INC,NO,Chemicals,Polycyclic aromatic compounds,YES
2021,28334MCPGN1600S,110009855914.0,BRAINERD CHEMICAL CO LLC OF NORTH CAROLINA,1600 S WILSON AVENUES,DUNN,HARNETT,NC,28334,35.294444,-78.621111,BRAINERD CHEMICAL CO INC,NO,Chemical Wholesalers,Nitric acid,NO
2021,2703WDFSNC511HA,110070932584.0,DFA US INC.,511 HAY ST,MOUNT AIRY,SURRY,NC,27030,36.50961,-80.61853,NA,NO,Plastics and Rubber,Diisocyanates,NO
2021,2758WRGSRD525UN,110060257350.0,ARGOS READY MIX CAPITAL BLVD CONCRETE PLANT,5025 UNICON DR,WAKE FOREST,WAKE,NC,27587,35.9247,-78.53783,ARGOS USA CORP,NO,Nonmetallic Mineral Product,Lead,YES
2021,27028NGRSL501SA,110000345145.0,INGERSOLL-RAND CO-MOCKSVILLE OPERATIONS,501 SANFORD AVE,MOCKSVILLE,DAVIE,NC,27028,35.89166,-80.56909,INGERSOLL-RAND CO,NO,Machinery,Manganese,NO
2021,2791WNVVPL142NC,110071286085.0,ENVIVA PELLETS LLC - AHOSKIE FACILITY,142 NC HIGHWAY 561 E,AHOSKIE,HERTFORD,NC,27910,36.269338,-76.964464,ENVIVA LP,NO,Wood Products,Propionaldehyde,NO
2021,28613RCRPNBOX87,110000350799.0,CARPENTER CO,2009 KEISLER DAIRY RD,CONOVER,CATAWBA,NC,28613,35.693611,-81.181667,CARPENTER CO,NO,Plastics and Rubber,Toluene diisocyanate (mixed isomers),YES
2021,28613RCRPNBOX87,110000350799.0,CARPENTER CO,2009 KEISLER DAIRY RD,CONOVER,CATAWBA,NC,28613,35.693611,-81.181667,CARPENTER CO,NO,Plastics and Rubber,Diisocyanates,NO
2021,28601SHFRDLIGHL,110000350539.0,SHURTAPE TECHNOLOGIES LLC - HICKORY TAPE PLANT,1620 HIGHLAND AVENUE NE,HICKORY,CATAWBA,NC,28601,35.738,-81.309,STM INC,NO,Paper,Zinc compounds,NO
2021,27559WYRHSSTATE,110000346992.0,ARAUCO N.A. INC.,985 CORINTH RD,MONCURE,CHATHAM,NC,27559,35.60067,-79.04634,ARAUCO NORTH AMERICA INC,NO,Wood Products,Formaldehyde,YES
2021,28086RLNCL101RE,110001135487.0,ABB MOTORS & MECHANICAL INC,101 RELIANCE RD,KINGS MOUNTAIN,CLEVELAND,NC,28086,35.24917,-81.40746,NA,NO,Electrical Equipment,Nickel,YES
2021,28560WYRHSSTREE,110000350478.0,INTERNATIONAL PAPER- NEW BERN MILL,1785 WEYERHAEUSER RD,VANCEBORO,CRAVEN,NC,28586,35.212247,-77.114823,INTERNATIONAL PAPER CO,NO,Paper,Ammonia,NO
2021,27242PRDNCHWY21,110009716281.0,PERDUE FARMS INC EAGLE SPRINGS FEEDMILL,HIGHWAY 211 EAST - 351 PERDUE WAY,CANDOR,MOORE,NC,27229,35.300916,-79.703216,PERDUE FARMS INC,NO,Food,Copper compounds,NO
2021,2729WMRCHM7279L,110055577503.0,AMERICHEM INC LNC,7279 LIBERTY PARK AVE,LIBERTY,RANDOLPH,NC,27298,35.82201,-79.5589,AMERICHEM INC,NO,Chemicals,Copper compounds,NO
2021,27242PRDNCHWY21,110009716281.0,PERDUE FARMS INC EAGLE SPRINGS FEEDMILL,HIGHWAY 211 EAST - 351 PERDUE WAY,CANDOR,MOORE,NC,27229,35.300916,-79.703216,PERDUE FARMS INC,NO,Food,Zinc compounds,NO
2021,2729WMRCHM7279L,110055577503.0,AMERICHEM INC LNC,7279 LIBERTY PARK AVE,LIBERTY,RANDOLPH,NC,27298,35.82201,-79.5589,AMERICHEM INC,NO,Chemicals,Zinc compounds,NO
2021,28560WYRHSSTREE,110000350478.0,INTERNATIONAL PAPER- NEW BERN MILL,1785 WEYERHAEUSER RD,VANCEBORO,CRAVEN,NC,28586,35.212247,-77.114823,INTERNATIONAL PAPER CO,NO,Paper,Chlorine dioxide,NO
2021,28214STLFB8623O,110000349454.0,STEELFAB INC,8623 OLD DOWD RD,CHARLOTTE,MECKLENBURG,NC,28214,35.22948,-80.9771,STEELFAB INC,NO,Fabricated Metals,Copper,NO
2021,27107CRNPR4501O,110000861032.0,INGREDION INC - WINSTON SALEM PLANT,4501 OVERDALE RD,WINSTON SALEM,FORSYTH,NC,27107,36.032491,-80.228696,INGREDION INC,NO,Food,Lead compounds,NO
2021,28214STLFB8623O,110000349454.0,STEELFAB INC,8623 OLD DOWD RD,CHARLOTTE,MECKLENBURG,NC,28214,35.22948,-80.9771,STEELFAB INC,NO,Fabricated Metals,Manganese,NO
2021,28601STRCT1115L,110025331344.0,STRUCTURAL STEEL OF CAROLINA,1115 OLD LENIOR RD NW,HICKORY,CATAWBA,NC,28601,35.746608,-81.362464,STRUCTURAL STEEL OF CAROLINA,NO,Fabricated Metals,Nickel,YES
2021,28601STRCT1115L,110025331344.0,STRUCTURAL STEEL OF CAROLINA,1115 OLD LENIOR RD NW,HICKORY,CATAWBA,NC,28601,35.746608,-81.362464,STRUCTURAL STEEL OF CAROLINA,NO,Fabricated Metals,Chromium,NO
2021,2756WBGNRT9DAVI,110070244568.0,BIOGEN RTP,900 DAVIS DR,MORRISVILLE,DURHAM,NC,27560,35.86754,-78.87033,BIOGEN INC,NO,Chemicals,Acetonitrile,NO
2021,2756WBGNRT9DAVI,110070244568.0,BIOGEN RTP,900 DAVIS DR,MORRISVILLE,DURHAM,NC,27560,35.86754,-78.87033,BIOGEN INC,NO,Chemicals,Toluene,NO
2021,28906SXTLS250SN,110015324282.0,SNAP-ON POWER TOOLS INC.,250 SNAP-ON DR,MURPHY,CHEROKEE,NC,28906,35.113882,-84.004244,SNAP-ON INC,NO,Machinery,Lead,YES
2021,2810WNTRTP138BI,110070244584.0,INTERTAPE POLYMER GROUP,13800 BILL MCGEE RD,MIDLAND,CABARRUS,NC,28107,35.22763,-80.51585,INTERTAPE POLYMER GROUP,NO,Paper,Acrylamide,YES
2021,27260MRCNM500MA,110000345733.0,AMERICAN METAL TREATING INC.,500 MANLEY ST,HIGH POINT,GUILFORD,NC,27260,35.95178,-79.97732,NA,NO,Fabricated Metals,Methanol,NO
2021,28451MRCND1690N,110000350316.0,AMERICAN DISTILLATION INC,1690 NE ROYSTER RD,LELAND,BRUNSWICK,NC,28451,34.270744,-78.003706,NA,NO,Chemicals,Methanol,NO
2021,27806TXSGLHIGHW,110000586376.0,PCS PHOSPHATE CO INC,1530 NC HWY 306 S,AURORA,BEAUFORT,NC,27806,35.37745,-76.778816,POTASH HOLDING CO INC,NO,Chemicals,Hydrogen fluoride,NO
2021,28213NCLCH14700,110059780198.0,MALLARD CREEK POLYMERS,2800 MOREHEAD RD,CHARLOTTE,MECKLENBURG,NC,28262,35.350334,-80.714847,NA,NO,Chemicals,Methyl methacrylate,NO
2021,27703CRRSR4600S,110000347321.0,WOLFSPEED INC.,4600 SILICON DR,DURHAM,DURHAM,NC,27703,35.899298,-78.840802,WOLFSPEED INC,NO,Computers and Electronic Products,Certain glycol ethers,NO
2021,28523CVCTYHWY10,110007657678.0,CULPEPER OF COVE CITY LLC,11065 OLD HWY 70 W,COVE CITY,CRAVEN,NC,28523,35.190698,-77.335617,JEFFERSON HOMEBUILDERS INC,NO,Wood Products,Arsenic compounds,NO
2021,2710WSTRTF1681S,110014354475.0,STRATFORD METAL FINISHING INC,1681 S MARTIN LUTHER KING JR DR,WINSTON SALEM,FORSYTH,NC,27107,36.075808,-80.220172,NA,NO,Fabricated Metals,Chromium  and Chromium Compounds(except for chromite ore mined in the Transvaal Region),NO
2021,28560WYRHSSTREE,110000350478.0,INTERNATIONAL PAPER- NEW BERN MILL,1785 WEYERHAEUSER RD,VANCEBORO,CRAVEN,NC,28586,35.212247,-77.114823,INTERNATIONAL PAPER CO,NO,Paper,Polycyclic aromatic compounds,YES
2021,27203TLRMP801PI,110056970434.0,STARPET INC,801 PINEVIEW RD,ASHEBORO,RANDOLPH,NC,27203,35.77262,-79.82243,INDORAMA VENTURES HOLDINGS LP,NO,Chemicals,Acetaldehyde,YES
2021,28456FDRLPRIEGE,110009719304.0,INTERNATIONAL PAPER RIEGELWOOD MILL,865 JOHN L.RIEGEL RD,RIEGELWOOD,COLUMBUS,NC,28456,34.3522,-78.2125,INTERNATIONAL PAPER CO,NO,Paper,Ammonia,NO
2021,27209FNDRY530EM,110000345573.0,GREDE BISCOE,530 E MAIN,BISCOE,MONTGOMERY,NC,27209,35.3607,-79.7686,GREDE HOLDINGS LLC,NO,Primary Metals,Lead,YES
2021,2725WNDLRX932EA,110056968456.0,INDULOR AMERICA LP,932 E ELM ST,GRAHAM,ALAMANCE,NC,27253,36.08125,-79.38037,NA,NO,Chemicals,Acrylamide,YES
2021,28677STTSVHWY64,110000351351.0,STATESVILLE BRICK CO,391 BRICK YARD RD,STATESVILLE,IREDELL,NC,28677,35.71323,-81.03476,NA,NO,Nonmetallic Mineral Product,Manganese  And Manganese Compounds,NO
2021,28716CHMPNMAINS,110009846480.0,BLUE RIDGE PAPER PRODUCTS LLC,175 MAIN ST,CANTON,HAYWOOD,NC,28716,35.5349,-82.8421,EVERGREEN PACKAGING GROUP,NO,Paper,Chlorine dioxide,NO
2021,28655STRND114IN,110000351155.0,HEXION INC - MORGANTON FACILITY,114 IND US TRIAL BLVD,MORGANTON,BURKE,NC,28655,35.7305,-81.749667,HEXION HOLDINGS CORP,NO,Chemicals,Thiourea,YES
2021,28273PRLLM2001C,110000349695.0,UNIVAR SOLUTIONS USA INC,2001 CONTINENTAL BLVD,CHARLOTTE,MECKLENBURG,NC,28273,35.130446,-80.931952,UNIVAR SOLUTIONS USA INC,NO,Chemical Wholesalers,Copper compounds,NO
2021,2760WRGSPR714PE,110060259232.0,ARGOS PERSHING RD CONCRETE PLANT,714 PERSHING RD.,RALEIGH,WAKE,NC,27608,35.8046,-78.62915,ARGOS USA CORP,NO,Nonmetallic Mineral Product,Lead,YES
2021,2850WSNDRS168PA,110045405076.0,SANDERSON FARMS INC,1680 PARROTT DICKERSON RD,KINSTON,LENOIR,NC,28504,35.270358,-77.659202,SANDERSON FARMS INC,NO,Food,Zinc compounds,NO
2021,28052FRSTN37SDA,110069533464.0,FIRESTONE FIBERS & TEXTILES CO,317 S DALTON ST,GASTONIA,GASTON,NC,28052,35.25885,-81.1989,BRIDGESTONE AMERICAS INC,NO,Textile Product,Formaldehyde,YES
2021,28086CMMRC101CA,110012476329.0,PARKER HANNIFIN - GPD,101 CANTERBURY RD,KINGS MOUNTAIN,CLEVELAND,NC,28086,35.240556,-81.324722,PARKER HANNIFIN CORP,NO,Machinery,Zinc compounds,NO
2021,28120RRCHM201WE,110000348703.0,ARROCHEM INC,201 WESTLAND FARM RD,MOUNT HOLLY,GASTON,NC,28120,35.3146,-81.04322,NA,NO,Chemicals,Methanol,NO
2021,28164DSMDS111HW,110057518066.0,SAMOS POLYMERS CORP,1101 HWY 27 S,STANLEY,GASTON,NC,28164,35.373426,-81.099156,NA,NO,Chemicals,Mercury compounds,NO
2021,2847WMXPRM31IND,110071018225.0,MAXPRO MANUFACTURING,31 INDUSTRIAL BLVD,WHITEVILLE,COLUMBUS,NC,28472,34.333136,-78.769301,NA,NO,Paper,Toluene,NO
2021,2814WKZNBL485CE,110000348936.0,NOURYON SURFACE CHEMISTRY LLC,485 CEDAR SPRINGS RD,SALISBURY,ROWAN,NC,28147,35.62962,-80.53595,NOURYON CHEMICALS LLC,NO,Chemicals,Acrylic acid,NO
2021,27343RXBRS1700D,110000346386.0,DUKE ENERGY PROGRESS LLC - ROXBORO STEAM ELECTRIC PLANT,1700 DUNNAWAY RD,SEMORA,PERSON,NC,27343,36.4833,-79.0731,DUKE ENERGY CORP,NO,Electric Utilities,"Benzo[g,h,i]perylene",NO
2021,27709SCMMT2601W,110000347401.0,SCM METAL PRODUCTS INC,2601 WECK DR,RESEARCH TRIANGLE PARK,DURHAM,NC,27709,35.93214,-78.84981,NA,NO,Primary Metals,Nickel,YES
2021,27263THMSB715WF,110000345939.0,THOMAS BUILT BUSES INC,715 W FAIRFIELD RD,HIGH POINT,GUILFORD,NC,27263,35.92156,-79.99726,DAIMLER TRUCKS NORTH AMERICA LLC,NO,Transportation Equipment,Antimony compounds,NO
2021,28716CHMPNMAINS,110009846480.0,BLUE RIDGE PAPER PRODUCTS LLC,175 MAIN ST,CANTON,HAYWOOD,NC,28716,35.5349,-82.8421,EVERGREEN PACKAGING GROUP,NO,Paper,Methanol,NO
2021,28451CTNGSRTE74,110004045701.0,COATINGS & ADHESIVES CORP,1901 POPULAR ST NE,LELAND,BRUNSWICK,NC,28451,34.251633,-78.070816,NA,NO,Chemicals,Ethyl acrylate,YES
2021,28694GVTNW4THEP,110037071762.0,GE AVIATION WEST JEFFERSON,400 THE PROFESSIONAL DR,WEST JEFFERSON,ASHE,NC,28694,36.384531,-81.500174,GENERAL ELECTRIC CO (GE CO),NO,Transportation Equipment,Chromium,NO
2021,28458MRPHY210TH,110017385079.0,MURPHY-BROWN LLC CHIEF FEED MILL,210 THE CHIEF LN,ROSE HILL,DUPLIN,NC,28458,34.813976,-78.021241,MURPHY BROWN LLC,NO,Food,Zinc (fume or dust),NO
2021,28621PRDFRHWY26,110001491699.0,PERDUE FARMS INC ELKIN FEED MILL,105 GREENWOOD CIR,ELKIN,SURRY,NC,28621,36.27586,-80.766,PERDUE FARMS INC,NO,Food,Zinc compounds,NO
2021,27105RCLFL22EPL,110025316815.0,TRISEAL OPCO LLC - POLO ROAD COMPLEX,220 POLO RD,WINSTON SALEM,FORSYTH,NC,27105,36.143598,-80.258458,TEKNI-PLEX INC,NO,Paper,N-Methyl-2-pyrrolidone,NO
2021,28523CVCTYHWY10,110007657678.0,CULPEPER OF COVE CITY LLC,11065 OLD HWY 70 W,COVE CITY,CRAVEN,NC,28523,35.190698,-77.335617,JEFFERSON HOMEBUILDERS INC,NO,Wood Products,Chromium compounds (except for chromite ore mined in the Transvaal Region),NO
2021,27263HBBLL4301C,110012706802.0,HUBBELL INDUSTRIAL CONTROLS,4301 CHEYENNE DR,ARCHDALE,RANDOLPH,NC,27263,35.8931,-79.9596,HUBBELL INC,NO,Electrical Equipment,Copper,NO
2021,27052DKNRGPINEH,110000604141.0,DUKE ENERGY CAROLINAS LLC - BELEWS CREEK STEAM STATION,3195 PINE HALL RD,WALNUT COVE,STOKES,NC,27052,36.281338,-80.059438,DUKE ENERGY CORP,NO,Electric Utilities,Polycyclic aromatic compounds,YES
2021,28217WSTNG5101W,110000349588.0,SIEMENS CHARLOTTE TURBINE GENERATOR SERVICE CENTER,5101 WESTINGHO US E BLVD,CHARLOTTE,MECKLENBURG,NC,28273,35.14332,-80.98545,SIEMENS ENERGY INC,NO,Machinery,Ammonia,NO
2021,2862WMSBRY23FAN,110070814243.0,AMESBURYTRUTH,125 AMESBURY TRUTH DR,STATESVILLE,IREDELL,NC,28625,35.76479,-80.82044,AMESBURY GROUP,NO,Plastics and Rubber,Zinc compounds,NO
2021,28159FNTXNI85AN,110000349114.0,INNOSPEC ACTIVE CHEMICALS,500 HINKLE LANE,SALISBURY,ROWAN,NC,28144,35.7037,-80.41267,INNOSPEC INC,NO,Chemicals,"Hydrochloric acid (acid aerosols including mists, vapors, gas, fog, and other airborne forms of any particle size)",NO
2021,28110YLSCRHWY74,110000348570.0,"YALE SECURITY INC.,NORTON DOOR CONTROLS",3000 HWY 74 E,MONROE,UNION,NC,28112,34.980791,-80.47859,NA,NO,Fabricated Metals,Lead  And Lead Compounds,NO
2021,28213FLRDSHWY11,110012474697.0,GERDAU LONG STEEL NA-CHARLOTTE MILL,6601 LAKEVIEW RD,CHARLOTTE,MECKLENBURG,NC,28269,35.33902,-80.82926,GERDAU USA INC,NO,Primary Metals,Nickel compounds,YES
2021,27501KDDFR141JU,110001492821.0,NATIONAL FOAM INC,141 JUNNY RD,ANGIER,HARNETT,NC,27501,35.51851,-78.73849,NA,NO,Chemicals,Certain glycol ethers,NO
2021,2808WCNCRT11HLI,110044314391.0,CONCRETE SUPPLY CO - KINGS MOUTAIN,110 HOLIDAY INN DR,KINGS MOUNTAIN,CLEVELAND,NC,28086,35.22367,-81.3369,CONCRETE SUPPLY CO LLC,NO,Nonmetallic Mineral Product,Lead  And Lead Compounds,NO
2021,27282CHMCN108OA,110000345957.0,UNIVAR SOLUTIONS USA INC,108 OAKDALE RD,JAMESTOWN,GUILFORD,NC,27282,35.99347,-79.93371,UNIVAR SOLUTIONS USA INC,NO,Chemical Wholesalers,Methyl isobutyl ketone,YES
2021,28732TNCRPCANEC,110000740690.0,BORGWARNER THERMAL SYSTEMS INC,40 CANE CREEK INDUSTRIAL PARK,FLETCHER,HENDERSON,NC,28732,35.43584,-82.47971,BORGWARNER INC,NO,Fabricated Metals,Lead,YES
2021,28012DKNRG253PL,110000348008.0,DUKE ENERGY CAROLINAS LLC - ALLEN STEAM STATION,253 PLANT ALLEN RD,BELMONT,GASTON,NC,28012,35.190083,-81.008748,DUKE ENERGY CORP,NO,Electric Utilities,Lead compounds,NO
2021,27105WSTNG3050W,110013398411.0,SIEMENS ENERGY WINSTON SERVICE CENTER,3050 WESTINGHOUSE RD,RURAL HALL,FORSYTH,NC,27045,36.23172,-80.32213,SIEMENS ENERGY INC,NO,Machinery,Chromium,NO
2021,2830WSTLFB95CUN,110071263564.0,STEELFAB OF FAYETTEVILLE,950 COUNTRY CLUB DR,FAYETTEVILLE,CUMBERLAND,NC,28301,35.09883,-78.914385,STEELFAB INC,NO,Fabricated Metals,Manganese,NO
2021,28145SNHRBNLONG,110009715380.0,MERIDIAN BRICK- SALISBURY PLANT,700 S LONG ST,EAST SPENCER,ROWAN,NC,28039,35.67901,-80.4425,GENERAL SHALE BRICK INC,NO,Nonmetallic Mineral Product,Manganese compounds,NO
2021,28214TRNSM7401O,110000492672.0,BLANCHARD TERMINAL CO - CHARLOTTE EAST NC TERMINAL,7401 OLD MT HOLLY RD,CHARLOTTE,MECKLENBURG,NC,28214,35.277522,-80.931366,MARATHON PETROLEUM CORP,NO,Petroleum Bulk Terminals,"1,2,4-Trimethylbenzene",NO
2021,27420GLBRC7300F,110000847601.0,GILBARCO INC,7300 W FRIENDLY AVE,GREENSBORO,GUILFORD,NC,27410,36.08764,-79.9272,VONTIER CORP,NO,Machinery,Lead,YES
2021,28214TRNSM7401O,110000492672.0,BLANCHARD TERMINAL CO - CHARLOTTE EAST NC TERMINAL,7401 OLD MT HOLLY RD,CHARLOTTE,MECKLENBURG,NC,28214,35.277522,-80.931366,MARATHON PETROLEUM CORP,NO,Petroleum Bulk Terminals,Ethylbenzene,YES
2021,27870CHMPNNORTH,110037266990.0,WESTROCK KRAFT PAPER LLC,100 GASTON RD,ROANOKE RAPIDS,HALIFAX,NC,27870,36.476037,-77.643173,WESTROCK CO,NO,Paper,"Benzo[g,h,i]perylene",NO
2021,28150PPGNDRT4XX,110000349070.0,ELECTRIC GLASS FIBER AMERICA LLC,940 WASHBURN SWITCH RD,SHELBY,CLEVELAND,NC,28150,35.33104,-81.62436,NIPPON ELECTRIC GLASS AMERICA INC,NO,Nonmetallic Mineral Product,Lead,YES
2021,28456FDRLPRIEGE,110009719304.0,INTERNATIONAL PAPER RIEGELWOOD MILL,865 JOHN L.RIEGEL RD,RIEGELWOOD,COLUMBUS,NC,28456,34.3522,-78.2125,INTERNATIONAL PAPER CO,NO,Paper,Chloroform,YES
2021,2734WMNTRF111EA,110000543626.0,MOUNTAIRE FARMS - SILER CITY PLANT,1101 EAST THIRD STREET,SILER CITY,CHATHAM,NC,27344,35.731865,-79.450153,MOUNTAIRE FARMS INC,NO,Food,Peracetic acid,NO
2021,27559CHRKSSTATE,110006670138.0,GENERAL SHALE BRICK INC MONCURE FACILITY PLANTS 24 & 25,300 BRICK PLANT RD,MONCURE,CHATHAM,NC,27559,35.57242,-79.03562,GENERAL SHALE BRICK INC,NO,Nonmetallic Mineral Product,"Hydrochloric acid (acid aerosols including mists, vapors, gas, fog, and other airborne forms of any particle size)",NO
2021,28631MRCNP407TH,110041063265.0,GKN SINTER METALS,407 THORNBURG DR,CONOVER,CATAWBA,NC,28613,35.70852,-81.200607,GKN NORTH AMERICA INC,NO,Fabricated Metals,Copper,NO
2021,27320BHMFLROUTE,110009856165.0,DYSTAR LP,209 WATLINGTON IND US TRIAL DR,REIDSVILLE,ROCKINGHAM,NC,27320,36.32093,-79.64907,DYSTAR LP,NO,Chemicals,Butyraldehyde,NO
2021,28120HCHSTPOBOX,110000348687.0,CLARIANT CORP-MOUNT HOLLY WEST PLANT,625 E CATAWBA AVE,MOUNT HOLLY,GASTON,NC,28120,35.295833,-81.006667,CLARIANT CORP,NO,Chemicals,Nonylphenol,NO
2021,2783WRDYMX699NG,110001487490.0,ARGOS READY MIX GREENVILLE CONCRETE PLANT,699 N GREENE ST,GREENVILLE,PITT,NC,27834,35.62373,-77.37383,ARGOS USA CORP,NO,Nonmetallic Mineral Product,Lead,YES
2021,27573CGNTR331AL,110000347045.0,CPI USA NORTH CAROLINA LLC,331 ALLIE CLAY RD,ROXBORO,PERSON,NC,27573,36.43286,-78.96017,CAPITAL POWER INC,NO,Electric Utilities,Dioxin and dioxin-like compounds,YES
2021,27260STHRN1800A,110000345751.0,CASCADE DIE CASTING/ATLANTIC,1800 ALBERTSON RD,HIGH POINT,GUILFORD,NC,27260,35.92874,-80.02799,CASCADE DIE CASTING GROUP INC,NO,Primary Metals,Lead,YES
2021,27604MLLNC8801N,110000347214.0,MALLINCKRODT PHARMACEUTICALS,8801 CAPITAL BLVD,RALEIGH,WAKE,NC,27616,35.90059,-78.56164,SPECGX LLC,NO,Chemicals,Nitrobenzene,YES
2021,28458HSFRF3333H,110025331326.0,HOUSE OF RAEFORD FARMS INC,3333 US HWY 117 S,ROSE HILL,DUPLIN,NC,28458,34.859885,-78.027653,NASH JOHNSON & SONS FARMS INC,NO,Food,Peracetic acid,NO
2021,27260STHRN1800A,110000345751.0,CASCADE DIE CASTING/ATLANTIC,1800 ALBERTSON RD,HIGH POINT,GUILFORD,NC,27260,35.92874,-80.02799,CASCADE DIE CASTING GROUP INC,NO,Primary Metals,Copper,NO
2021,2865WMRCNR37BUR,110004038194.0,AMERICAN ROLLER BEARING CO,307 BURKE DR,MORGANTON,BURKE,NC,28655,35.74948,-81.66411,AMERICAN ROLLER BEARING CO,NO,Fabricated Metals,Nickel,YES
2021,28328CMPBL224FA,110000349837.0,CAMPBELL OIL & GAS CO.,224 FAISON HWY,CLINTON,SAMPSON,NC,28328,35.00735,-78.30882,CAMPBELL OIL & GAS CO,NO,Petroleum Bulk Terminals,Zinc (fume or dust),NO
2021,2740WCNTRL296SE,110055497868.0,CENTRAL CAROLINA CONCRETE LLC   PLANT 1,296 S.EDWARDIA DR,GREENSBORO,GUILFORD,NC,27409,36.067865,-79.885948,CONCRETE SUPPLY CO LLC,NO,Nonmetallic Mineral Product,Lead  And Lead Compounds,NO
2021,27343RXBRS1700D,110000346386.0,DUKE ENERGY PROGRESS LLC - ROXBORO STEAM ELECTRIC PLANT,1700 DUNNAWAY RD,SEMORA,PERSON,NC,27343,36.4833,-79.0731,DUKE ENERGY CORP,NO,Electric Utilities,Nickel compounds,YES
2021,28214STLFB8623O,110000349454.0,STEELFAB INC,8623 OLD DOWD RD,CHARLOTTE,MECKLENBURG,NC,28214,35.22948,-80.9771,STEELFAB INC,NO,Fabricated Metals,Lead,YES
2021,27263SFTYK6182O,110000345920.0,SAFETY-KLEEN SYSTEMS ARCHDALE (ARC),6182 OLD MENDENHALL RD,ARCHDALE,RANDOLPH,NC,27263,35.91512,-80.01621,CLEAN HARBORS INC,NO,Hazardous Waste,Polycyclic aromatic compounds,YES
2021,27573MYLCT10660,110057382666.0,DUKE ENERGY PROGRESS LLC-MAYO ELECTRIC GENERATING PLANT,10660 BOSTON RD,ROXBORO,PERSON,NC,27574,36.5278,-78.8917,DUKE ENERGY CORP,NO,Electric Utilities,Vanadium compounds,NO
2021,27405GRNTR108BU,110001490823.0,ADAMS AN OLDCASTLE CO-GREENSBORO,108 BUCHANAN CHURCH RD,GREENSBORO,GUILFORD,NC,27405,36.08557,-79.71329,CRH AMERICAS INC,NO,Nonmetallic Mineral Product,Lead,YES
2021,28560WYRHSSTREE,110000350478.0,INTERNATIONAL PAPER- NEW BERN MILL,1785 WEYERHAEUSER RD,VANCEBORO,CRAVEN,NC,28586,35.212247,-77.114823,INTERNATIONAL PAPER CO,NO,Paper,Acetaldehyde,YES
2021,2808WBCKYFPBX42,110070071110.0,BUCKEYE FIRE EQUIPMENT,110 KINGS RD,KINGS MOUNTAIN,GASTON,NC,28086,35.267656,-81.326165,NA,NO,Fabricated Metals,Manganese,NO
2021,28677RDLLF180YF,110015320188.0,LPFP-STATESVILLE  BRANCH 0118,124 FANJOY RD,STATESVILLE,IREDELL,NC,28625,35.751667,-80.845802,LEGGETT & PLATT INC,NO,Plastics and Rubber,Diisocyanates,NO
2021,27820GRGPCAMPAC,110000347544.0,GEORGIA-PACIFIC CHEMICALS LLC,200 AMPAC RD,CONWAY,NORTHAMPTON,NC,27820,36.429167,-77.223611,KOCH INDUSTRIES INC,NO,Chemicals,Cresol (mixed isomers),NO
2021,27263VCMPN720FA,110000345948.0,V & E COMPONENTS INC,720 FAIRFIELD RD,HIGH POINT,GUILFORD,NC,27263,35.924137,-79.970763,NA,NO,Plastics and Rubber,Styrene,YES
2021,2808WGRNHC212CM,110070703698.0,GREENHECK FAN CORP - KINGS MOUNTAIN,212 COMMERCE BLVD,KINGS MOUNTAIN,CLEVELAND,NC,28086,35.24031,-81.41077,GREENHECK FAN CORP,NO,Machinery,Diisocyanates,NO
2021,2761WCRLNS862BA,110018641781.0,CAROLINA SUNROCK LLC - RDU,8620 BAREFOOT INDUSTRIAL,RALEIGH,WAKE,NC,27617,35.89245,-78.745766,THE SUNROCK GROUP INC,NO,Nonmetallic Mineral Product,Nitrate compounds (water dissociable; reportable only when in aqueous solution),NO
2021,27526JHNDR6501H,110006722092.0,JOHN DEERE TURF CARE,6501 SOUTH NC 55 HWY,FUQUAY VARINA,WAKE,NC,27526,35.58289,-78.75688,DEERE & CO,NO,Machinery,Ethylene glycol,NO
2021,2802WDNPMS4524E,110001493492.0,DNP IMAGINGCOMM AMERICA CORP,4524 ENTERPRISE DR NW,CONCORD,CABARRUS,NC,28027,35.42222,-80.65922,DNP IMAGINGCOMM AMERICA CORP,NO,Miscellaneous Manufacturing,Methanol,NO
2021,27962WYRHSTROWB,110013794000.0,DOMTAR PAPER CO LLC-PLYMOUTH MILL,TROWBRIDGE RD,PLYMOUTH,MARTIN,NC,27962,35.861716,-76.779683,DOMTAR CORP,NO,Paper,Vanadium compounds,NO
2021,2821WRGNTS3825P,110070943965.0,REAGENTS HOLDINGS LLC,3825 PAROTT DR.,CHARLOTTE,MECKLENBURG,NC,28214,35.244218,-80.991607,REAGENTS HOLDINGS LLC,NO,Chemicals,Mercury compounds,NO
2021,28379CRYST162EN,110033627341.0,LATHAM POOL PRODUCTS INC D/B/A VIKING POOLS-NC,162 ENTERPRISE DR,ROCKINGHAM,RICHMOND,NC,28379,34.96422,-79.8091,LATHAM POOL PRODUCTS INC,NO,Plastics and Rubber,Methyl methacrylate,NO
2021,28655RXNRDONECH,110000351137.0,AMERICAN ROLLER BEARING,1000 CHAIN DR,MORGANTON,BURKE,NC,28655,35.7032,-81.79683,AMERICAN ROLLER BEARING CO,NO,Fabricated Metals,Methanol,NO
2021,27526JHNDR6501H,110006722092.0,JOHN DEERE TURF CARE,6501 SOUTH NC 55 HWY,FUQUAY VARINA,WAKE,NC,27526,35.58289,-78.75688,DEERE & CO,NO,Machinery,Certain glycol ethers,NO
2021,27406CHMLC2410R,110000346563.0,CHEMOL CO INC,2300 RANDOLPH AVE,GREENSBORO,GUILFORD,NC,27406,36.04432,-79.78471,THE SEYDEL COS,NO,Chemicals,Certain glycol ethers,NO
2021,27406CHMLC2410R,110000346563.0,CHEMOL CO INC,2300 RANDOLPH AVE,GREENSBORO,GUILFORD,NC,27406,36.04432,-79.78471,THE SEYDEL COS,NO,Chemicals,n-Butyl alcohol,NO
2021,28306WSTNG2900D,110000349775.0,EATON - FAYETTEVILLE,2900 DOC BENNETT RD,FAYETTEVILLE,CUMBERLAND,NC,28306,34.99451,-78.89144,EATON CORP,NO,Electrical Equipment,Copper,NO
2021,28813SCHWTHWY19,110018786214.0,BORGWARNER TURBO SYSTEMS,1849 BREVARD RD,ARDEN,BUNCOMBE,NC,28704,35.47829,-82.57502,BORGWARNER INC,NO,Machinery,Nickel,YES
2021,28456HXNCM333NE,110000350352.0,BAKELITE SYNTHETICS,333 NEILS EDDY RD,RIEGELWOOD,COLUMBUS,NC,28456,34.32599,-78.19946,BAKELITE LLC,NO,Chemicals,Formaldehyde,YES
2021,2710WCTRPL295TE,110044979306.0,PROGRESS RAIL,2950 TEMPLE SCHOOL RD,WINSTON SALEM,FORSYTH,NC,27107,36.05773,-80.12248,CATERPILLAR INC,NO,Transportation Equipment,Chromium,NO
2021,28302BRDNN1411I,110009846471.0,HEXION INC-FAYETTEVILLE FACILITY,1411 INDUSTRIAL DR,FAYETTEVILLE,CUMBERLAND,NC,28301,35.0299,-78.86319,HEXION HOLDINGS CORP,NO,Chemicals,Nitrate compounds (water dissociable; reportable only when in aqueous solution),NO
2021,2856WSWNWB13HWY,110055129196.0,S&W NEW BERN PLANT,1300 HWY 17 HWY,NEW BERN,CRAVEN,NC,28560,35.131558,-77.026138,TITAN AMERICA LLC,NO,Nonmetallic Mineral Product,Lead,YES
2021,2839WSWSPR545WE,110055129276.0,S&W SPRING LAKE PLANT,545 WEST MANCHESTER ROAD,SPRING LAKE,CUMBERLAND,NC,28390,35.18944,-79.00052,TITAN AMERICA LLC,NO,Nonmetallic Mineral Product,Lead,YES
2021,28273WRTHC11750,110000349711.0,BRENNTAG MID-SOUTH,11750 FRUEHAUF DR,CHARLOTTE,MECKLENBURG,NC,28273,35.12582,-80.95812,BRENNTAG NORTH AMERICA INC,NO,Chemical Wholesalers,Diethanolamine,NO
2021,28269BNDLC4823N,110001497489.0,BENDEL TANK & HEAT EXCHANGER LLC,4823 N GRAHAM ST,CHARLOTTE,MECKLENBURG,NC,28269,35.280481,-80.805891,TRANSTECH ENERGY LLC,NO,Fabricated Metals,Manganese,NO
2021,27320BHMFLROUTE,110009856165.0,DYSTAR LP,209 WATLINGTON IND US TRIAL DR,REIDSVILLE,ROCKINGHAM,NC,27320,36.32093,-79.64907,DYSTAR LP,NO,Chemicals,Methanol,NO
2021,28451GNRLWHIGHW,110000350307.0,CAROLINA POLE LELAND,1901 WOOD TREATMENT RD,LELAND,BRUNSWICK,NC,28451,34.2504,-78.07447,KOPPERS INC,NO,Wood Products,Arsenic  And Arsenic Compounds,NO
2021,27804SCRCR2151N,110000347517.0,DRAKA ELEVATOR PRODUCT INC.,2151 N CHURCH ST,ROCKY MOUNT,NASH,NC,27804,35.96967,-77.78639,PRYSMIAN CABLES & SYSTEMS (US) INC,NO,Electrical Equipment,Antimony compounds,NO
2021,27260THLLL1717E,110000345760.0,AXALTA COATING SYSTEMS USA LLC - HIGH POINT,1717 WEST ENGLISH RD,HIGH POINT,GUILFORD,NC,27262,35.945162,-80.022598,AXALTA COATING SYSTEMS LLC,NO,Chemicals,Ethylbenzene,YES
2021,27262PRCHM1670E,110000345895.0,INNOSPEC ACTIVE CHEMICALS,510 W GRIMES AVE,HIGH POINT,GUILFORD,NC,27260,35.950596,-80.009533,INNOSPEC INC,NO,Chemicals,Phthalic anhydride,NO
2021,27262PRCHM1670E,110000345895.0,INNOSPEC ACTIVE CHEMICALS,510 W GRIMES AVE,HIGH POINT,GUILFORD,NC,27260,35.950596,-80.009533,INNOSPEC INC,NO,Chemicals,Acrylic acid,NO
2021,27215HFFMN1021Q,110000345626.0,HUFFMAN OIL CO INC,1021 QUEEN ANN ST,BURLINGTON,ALAMANCE,NC,27217,36.08485,-79.41787,NA,NO,Petroleum Bulk Terminals,Zinc compounds,NO
2021,28779JCKSNPOSTO,110001478721.0,JACKSON PAPER MANUFACTURING,152 W MAIN ST,SYLVA,JACKSON,NC,28779,35.375247,-83.21694,JACKSON PAPER MANUFACTURING CO,NO,Paper,Nitrate compounds (water dissociable; reportable only when in aqueous solution),NO
2021,2815WGRNHC2PARP,110062638597.0,GREENHECK FAN CORP - SHELBY CAMPUS,2000 PARTNERSHIP DRIVE,SHELBY,CLEVELAND,NC,28150,35.3036,-81.6094,GREENHECK FAN CORP,NO,Machinery,Nickel,YES
2021,2726WJWTCR658LI,110007662779.0,JOWAT CORP,6058 LOIS LN,HIGH POINT,RANDOLPH,NC,27263,35.90182,-80.01005,NA,NO,Chemicals,Vinyl acetate,YES
2021,28456FDRLPRIEGE,110009719304.0,INTERNATIONAL PAPER RIEGELWOOD MILL,865 JOHN L.RIEGEL RD,RIEGELWOOD,COLUMBUS,NC,28456,34.3522,-78.2125,INTERNATIONAL PAPER CO,NO,Paper,Hydrogen sulfide,NO
2021,27263THMSB715WF,110000345939.0,THOMAS BUILT BUSES INC,715 W FAIRFIELD RD,HIGH POINT,GUILFORD,NC,27263,35.92156,-79.99726,DAIMLER TRUCKS NORTH AMERICA LLC,NO,Transportation Equipment,Lead,YES
2021,28214MRCNC8309W,110000349436.0,DYSTAR CAROLINA CHEMICAL CORP,8309 WILKINSON BLVD,CHARLOTTE,MECKLENBURG,NC,28214,35.24147,-80.98285,DYSTAR LP,NO,Chemicals,Methanol,NO
2021,28732PMRFL4BRAD,110018719449.0,UPM RAFLATAC INC,400 BROADPOINTE DR,MILLS RIVER,HENDERSON,NC,28759,35.428889,-82.5497,UPM-KYMMENE,NO,Paper,Ammonia,NO
2021,27107CRNPR4501O,110000861032.0,INGREDION INC - WINSTON SALEM PLANT,4501 OVERDALE RD,WINSTON SALEM,FORSYTH,NC,27107,36.032491,-80.228696,INGREDION INC,NO,Food,"Hydrochloric acid (acid aerosols including mists, vapors, gas, fog, and other airborne forms of any particle size)",NO
2021,27806TXSGLHIGHW,110000586376.0,PCS PHOSPHATE CO INC,1530 NC HWY 306 S,AURORA,BEAUFORT,NC,27806,35.37745,-76.778816,POTASH HOLDING CO INC,NO,Chemicals,Vanadium compounds,NO
2021,28560HTTRS110NG,110000350450.0,HATTERAS/CABO YACHTS LLC,110 N GLENBURNIE RD,NEW BERN,CRAVEN,NC,28560,35.13847,-77.07087,NA,NO,Transportation Equipment,Styrene,YES
2021,28120MRCNF22AME,110000348696.0,AMERICAN & EFIRD LLC PLANT 05 & 15,601 AMERICAN ST,MOUNT HOLLY,GASTON,NC,28120,35.29062,-81.01181,AMERICAN & EFIRD LLC,NO,Textiles,Methanol,NO
2021,28655SGLCR307JA,110002100039.0,SGL CARBON LLC,307 JAMESTOWN RD,MORGANTON,BURKE,NC,28655,35.73239,-81.73013,SGL CARBON LLC,NO,Electrical Equipment,Lead,YES
2021,28302CMRCSPOBOX,110022439798.0,DAK AMERICAS LLC,3216 CEDAR CREEK RD,FAYETTEVILLE,CUMBERLAND,NC,28312,34.98305,-78.78722,DAK AMERICAS LLC,NO,Chemicals,Antimony  And Antimony Compounds,NO
2021,27406NTXCH520BR,110000346581.0,LANXESS CORP,520 BROOME RD,GREENSBORO,GUILFORD,NC,27406,36.03979,-79.77917,LANXESS CORP,NO,Chemicals,o-Xylene,NO
2021,28075MNRLRHWY49,110057679739.0,VENATOR CHEMICALS LLC,5910 PHARR MILL RD,HARRISBURG,CABARRUS,NC,28075,35.33417,-80.6177,VENATOR AMERICAS LLC,NO,Chemicals,Arsenic  And Arsenic Compounds,NO
2021,27409PPGND109PP,110001496060.0,PPG INDUSTRIES GREENSBORO POWDER,109 PPG RD,GREENSBORO,GUILFORD,NC,27409,36.08162,-79.92295,PPG INDUSTRIES INC,NO,Chemicals,Copper compounds,NO
2021,28456FDRLPRIEGE,110009719304.0,INTERNATIONAL PAPER RIEGELWOOD MILL,865 JOHN L.RIEGEL RD,RIEGELWOOD,COLUMBUS,NC,28456,34.3522,-78.2125,INTERNATIONAL PAPER CO,NO,Paper,Zinc compounds,NO
2021,2831WCMXBR125HW,110037837464.0,CONCRETE SUPPLY CO.  LLC - ABERDEEN,1250 HWY 5 WEST,ABERDEEN,MOORE,NC,28315,35.141816,-79.445983,CONCRETE SUPPLY CO LLC,NO,Nonmetallic Mineral Product,Lead  And Lead Compounds,NO
2021,28103CDDYFHIGHW,110009855932.0,PILGRIM'S PRIDE CORP MARSHVILLE PROCESSING FACILITY,5901 W MARSHVILLE BLVD,MARSHVILLE,UNION,NC,28103,34.993936,-80.169762,JBS USA FOOD CO,NO,Food,Peracetic acid,NO
2021,2827WJMMYR512WE,110070839735.0,JIM MYERS & SONS INC,5120 WESTINGHOUSE BLVD,CHARLOTTE,MECKLENBURG,NC,28273,35.145,-80.9853,NA,NO,Fabricated Metals,Aluminum (fume or dust),NO
2021,27234STRCTPOBOX,110007657892.0,CULPEPER OF RAMSEUR LLC,4034 HWY 22S,RAMSEUR,RANDOLPH,NC,27316,35.684352,-79.628421,JEFFERSON HOMEBUILDERS INC,NO,Wood Products,Copper compounds,NO
2021,27409KYCHM8300C,110000346705.0,ECOLAB INC KAY CHEMICAL CO,8300 CAPITAL DR,GREENSBORO,GUILFORD,NC,27409,36.09699,-79.98697,ECOLAB INC,NO,Chemicals,Ammonia,NO
2021,2726WJWTCR658LI,110007662779.0,JOWAT CORP,6058 LOIS LN,HIGH POINT,RANDOLPH,NC,27263,35.90182,-80.01005,NA,NO,Chemicals,Zinc compounds,NO
2021,28075MNRLRHWY49,110057679739.0,VENATOR CHEMICALS LLC,5910 PHARR MILL RD,HARRISBURG,CABARRUS,NC,28075,35.33417,-80.6177,VENATOR AMERICAS LLC,NO,Chemicals,Chromium  and Chromium Compounds(except for chromite ore mined in the Transvaal Region),NO
2021,27261HGHPN255BE,110000751525.0,KAO SPECIALTIES AMERICAS LLC,243 WOODBINE ST,HIGH POINT,GUILFORD,NC,27260,35.92333,-80.02967,KAO CORP,NO,Chemicals,"4,4'-Isopropylidenediphenol",NO
2021,27261HGHPN255BE,110000751525.0,KAO SPECIALTIES AMERICAS LLC,243 WOODBINE ST,HIGH POINT,GUILFORD,NC,27260,35.92333,-80.02967,KAO CORP,NO,Chemicals,Ethylene oxide,YES
2021,28621WYRHSRT3OF,110000740663.0,WEYERHAEUSER NR CO-ELKIN PLANT,524 PRIDE WAY,ELKIN,SURRY,NC,28621,36.26471,-80.78851,WEYERHAEUSER CO,NO,Wood Products,Phenol,NO
2021,2820WTWCCN227GA,110070244793.0,ITW CCNA PNA CONSTRUCTION TECHNOLOGIES,2027 GATEWAY BLVD,CHARLOTTE,MECKLENBURG,NC,28208,35.24323,-80.90692,ILLINOIS TOOL WORKS INC,NO,Fabricated Metals,Lead,YES
2021,28024DKNRGDUKEP,110006424404.0,DUKE ENERGY CAROLINAS LLC - ROGERS ENERGY COMPLEX,573 DUKE POWER RD,MOORESBORO,RUTHERFORD,NC,28114,35.217222,-81.761111,DUKE ENERGY CORP,NO,Electric Utilities,Zinc compounds,NO
2021,28024DKNRGDUKEP,110006424404.0,DUKE ENERGY CAROLINAS LLC - ROGERS ENERGY COMPLEX,573 DUKE POWER RD,MOORESBORO,RUTHERFORD,NC,28114,35.217222,-81.761111,DUKE ENERGY CORP,NO,Electric Utilities,Chromium compounds (except for chromite ore mined in the Transvaal Region),NO
2021,2821WMTVNT6851F,110009719974.0,MOTIVA ENTERPRISES LLC CHARLOTTE NORTH & SOUTH TERMINALS,410 TOM SADLER RD,CHARLOTTE,MECKLENBURG,NC,28214,35.27994,-80.93817,MOTIVA ENTERPRISES LLC,NO,Petroleum Bulk Terminals,"Benzo[g,h,i]perylene",NO
2021,27260THLLL1717E,110000345760.0,AXALTA COATING SYSTEMS USA LLC - HIGH POINT,1717 WEST ENGLISH RD,HIGH POINT,GUILFORD,NC,27262,35.945162,-80.022598,AXALTA COATING SYSTEMS LLC,NO,Chemicals,Manganese compounds,NO
2021,2756WCMXMR222IN,110002357798.0,CONCRETE SUPPLY CO.  LLC - MORRISVILLE,222 INTERNATIONAL DRIVE,MORRISVILLE,WAKE,NC,27560,35.83902,-78.82453,CONCRETE SUPPLY CO LLC,NO,Nonmetallic Mineral Product,Lead  And Lead Compounds,NO
2021,27320BHMFLROUTE,110009856165.0,DYSTAR LP,209 WATLINGTON IND US TRIAL DR,REIDSVILLE,ROCKINGHAM,NC,27320,36.32093,-79.64907,DYSTAR LP,NO,Chemicals,Cyclohexane,NO
2021,28273WRTHC11750,110000349711.0,BRENNTAG MID-SOUTH,11750 FRUEHAUF DR,CHARLOTTE,MECKLENBURG,NC,28273,35.12582,-80.95812,BRENNTAG NORTH AMERICA INC,NO,Chemical Wholesalers,Certain glycol ethers,NO
2021,2736WPTTRS513CU,110070942044.0,POTTERS INDUSTRIES LLC -THOMASVILLE,513 COUNTY LINE RD,THOMASVILLE,RANDOLPH,NC,27360,35.876378,-80.049099,POTTERS INTERMEDIATE HOLDINGS LP,NO,Nonmetallic Mineral Product,Lead,YES
2021,2865WMRCNR37BUR,110004038194.0,AMERICAN ROLLER BEARING CO,307 BURKE DR,MORGANTON,BURKE,NC,28655,35.74948,-81.66411,AMERICAN ROLLER BEARING CO,NO,Fabricated Metals,Chromium,NO
2021,27330GLDNP6500Z,110000551493.0,PILGRIM'S PRIDE CORP SANFORD FACILITY,484 ZIMMERMAN RD,SANFORD,LEE,NC,27330,35.558038,-79.22948,JBS USA FOOD CO,NO,Food,Peracetic acid,NO
2021,28694GVTNW4THEP,110037071762.0,GE AVIATION WEST JEFFERSON,400 THE PROFESSIONAL DR,WEST JEFFERSON,ASHE,NC,28694,36.384531,-81.500174,GENERAL ELECTRIC CO (GE CO),NO,Transportation Equipment,Nickel,YES
2021,28012DKNRG253PL,110000348008.0,DUKE ENERGY CAROLINAS LLC - ALLEN STEAM STATION,253 PLANT ALLEN RD,BELMONT,GASTON,NC,28012,35.190083,-81.008748,DUKE ENERGY CORP,NO,Electric Utilities,"Hydrochloric acid (acid aerosols including mists, vapors, gas, fog, and other airborne forms of any particle size)",NO
2021,28025CHMTX2725A,110012339941.0,HEIQ CHEMTEX INC,2725 ARMENTROUT DR,CONCORD,CABARRUS,NC,28025,35.37851,-80.57505,NA,NO,Chemicals,Certain glycol ethers,NO
2021,28208SHLND3930G,110000349329.0,NEXEO SOLUTIONS LLC,3930 GLENWOOD DR,CHARLOTTE,MECKLENBURG,NC,28208,35.2511,-80.8855,UNIVAR SOLUTIONS USA INC,NO,Chemical Wholesalers,Certain glycol ethers,NO
2021,27203PRSTG2206D,110000345528.0,PRESTIGE FABRICATORS INC.,2206 DUMONT ST,ASHEBORO,RANDOLPH,NC,27203,35.761476,-79.773884,PRESTIGE FABRICATORS INC,NO,Plastics and Rubber,Toluene diisocyanate (mixed isomers),YES
2021,27025PNHLLLINDS,110000345118.0,PINE HALL BRICK CO INC,634 LINDSAY BRIDGE RD,MADISON,ROCKINGHAM,NC,27025,36.37608,-79.99042,PINE HALL BRICK CO INC,NO,Nonmetallic Mineral Product,Hydrogen fluoride,NO
2021,27702STHCH2000E,110000347303.0,BRENNTAG MID-SOUTH,2000 E PETTIGREW ST,DURHAM,DURHAM,NC,27703,35.979401,-78.880293,BRENNTAG NORTH AMERICA INC,NO,Chemical Wholesalers,Methanol,NO
2021,27820GRGPCAMPAC,110000347544.0,GEORGIA-PACIFIC CHEMICALS LLC,200 AMPAC RD,CONWAY,NORTHAMPTON,NC,27820,36.429167,-77.223611,KOCH INDUSTRIES INC,NO,Chemicals,Phenol,NO
2021,2811WTLLVC375AL,110018570688.0,ATI SPECIALTY MATERIALS - BAKERS SITE,3750 ALLOY WAY,MONROE,UNION,NC,28110,35.01803,-80.612762,ALLEGHENY TECHNOLOGIES INC,NO,Primary Metals,Cobalt,YES
2021,28217WSTNG5101W,110000349588.0,SIEMENS CHARLOTTE TURBINE GENERATOR SERVICE CENTER,5101 WESTINGHO US E BLVD,CHARLOTTE,MECKLENBURG,NC,28273,35.14332,-80.98545,SIEMENS ENERGY INC,NO,Machinery,Chromium,NO
2021,28213FLRDSHWY11,110012474697.0,GERDAU LONG STEEL NA-CHARLOTTE MILL,6601 LAKEVIEW RD,CHARLOTTE,MECKLENBURG,NC,28269,35.33902,-80.82926,GERDAU USA INC,NO,Primary Metals,Dioxin and dioxin-like compounds,YES
2021,28086PNHLLHWY29,110001135478.0,GENERAL SHALE BRICK INC PLANT 44,HWY 29 S 1622 LONGBRANCH RD,GROVER,CLEVELAND,NC,28073,35.177222,-81.417778,GENERAL SHALE BRICK INC,NO,Nonmetallic Mineral Product,Barium compounds (except for barium sulfate (CAS No. 7727-43-7)),NO
2021,28357MNTRFHWY71,110000755772.0,MOUNTAIRE FARMS INC. - LUMBER BRIDGE,17269 NC HWY 71,LUMBER BRIDGE,ROBESON,NC,28357,34.868321,-79.106259,MOUNTAIRE FARMS INC,NO,Food,Ammonia,NO
2021,27886LCTLT2801A,110000347697.0,"LS CABLE & SYSTEM U.S.A., INC.",2901 ANACONDA RD,TARBORO,EDGECOMBE,NC,27886,35.91085,-77.5804,SUPERIOR ESSEX INC,NO,Primary Metals,Copper,NO
2021,28164DKNRG6769O,110001495347.0,DUKE ENERGY CAROLINAS LLC - LINCOLN CT STATION,6769 OLD PLANK RD,STANLEY,LINCOLN,NC,28164,35.431577,-81.037193,DUKE ENERGY CORP,NO,Electric Utilities,Naphthalene,YES
2021,2788WCNCMR1653W,110070083321.0,ICONIC MARINE GROUP LLC,1653 WHICHARDS BEACH ROAD,WASHINGTON,BEAUFORT,NC,27889,35.553,-77.0291,NA,NO,Transportation Equipment,Methyl methacrylate,NO
2021,27603SFTYK6225O,110000615111.0,SAFETY-KLEEN SYSTEMS RALEIGH (RAL),125 SOMMERVILLE PARK RD,RALEIGH,WAKE,NC,27603,35.694679,-78.652937,CLEAN HARBORS INC,NO,Hazardous Waste,Ethylene glycol,NO
2021,28164BLMNC7733L,110009857994.0,BLUM INC,7733 OLD PLANK RD,STANLEY,LINCOLN,NC,28164,35.41719,-81.01301,NA,NO,Fabricated Metals,Copper,NO
2021,28504SMTHF178SM,110031002000.0,SMITHFIELD PACKAGED MEATS CORP,1780 SMITHFIELD WAY,KINSTON,LENOIR,NC,28504,35.2694,-77.661,UNITED GLOBAL FOODS US HOLDINGS INC,NO,Food,Sodium nitrite,NO
2021,28352MNVLLPOBOX,110000349980.0,RAILROAD FRICTION PRODUCTS CORP,13601 AIRPORT RD,MAXTON,SCOTLAND,NC,28364,34.762788,-79.370238,WABTEC CORP,NO,Transportation Equipment,Phenol,NO
2021,28638CHMCLPOBOX,110000350913.0,RPM WOOD FINISHES GROUP INC,3194 HICKORY BLVD,HUDSON,CALDWELL,NC,28638,35.84148,-81.46758,RPM INTERNATIONAL INC,NO,Chemicals,Methanol,NO
2021,2729WGGRLX3EGGE,110070386075.0,EGGER - LEXINGTON PARTICLEBOARD PLANT,300 EGGER PARKWAY,LINWOOD,DAVIDSON,NC,27299,35.7378,-80.345,NA,NO,Wood Products,Formaldehyde,YES
2021,28358LNDSY612E1,110000350021.0,LINDSEY CAMPBELL OIL CO,612 E 17TH ST,LUMBERTON,ROBESON,NC,28358,34.62886,-79.0003,CAMPBELL OIL & GAS CO,NO,Petroleum Bulk Terminals,Zinc (fume or dust),NO
2021,28110PRNTW2011R,110000348543.0,OMNOVA SOLUTIONS INC.,2011 ROCKY RIVER RD,MONROE,UNION,NC,28110,35.02598,-80.60413,OMNOVA SOLUTIONS INC,NO,Printing,Methanol,NO
2021,27107STRHC4000O,110000345458.0,ARDAGH METAL BEVERAGE USA INC RE: WINSTON SALEM PLANT,4000 OLD MILWAUKEE LN,WINSTON SALEM,FORSYTH,NC,27107,36.03497,-80.22449,ARDAGH HOLDINGS USA INC,NO,Fabricated Metals,Hydrogen fluoride,NO
2021,28111TLDYN2020A,110000348589.0,ATI SPECIALTY MATERIALS - MONROE PLANT,2020 ASHCRAFT AVE,MONROE,UNION,NC,28110,34.984,-80.51337,ALLEGHENY TECHNOLOGIES INC,NO,Primary Metals,Cobalt,YES
2021,2869WJSTRT186RI,110070551070.0,U.S. CHEMICAL STORAGE LLC,1806 RIVER ST,WILKESBORO,WILKES,NC,28697,36.137753,-81.19141,JUSTRITE SAFETY GROUP,NO,Fabricated Metals,Ethylbenzene,YES
2021,28402FRTRNHWY42,110009842536.0,FORTRON INDUSTRIES LLC,4600 HWY 421 NORTH,WILMINGTON,NEW HANOVER,NC,28401,34.3138,-77.9801,CELANESE CORP,NO,Chemicals,N-Methyl-2-pyrrolidone,NO
2021,28075MNRLRHWY49,110057679739.0,VENATOR CHEMICALS LLC,5910 PHARR MILL RD,HARRISBURG,CABARRUS,NC,28075,35.33417,-80.6177,VENATOR AMERICAS LLC,NO,Chemicals,Lead,YES
2021,28621PRDFRHWY26,110001491699.0,PERDUE FARMS INC ELKIN FEED MILL,105 GREENWOOD CIR,ELKIN,SURRY,NC,28621,36.27586,-80.766,PERDUE FARMS INC,NO,Food,Manganese compounds,NO
2021,2827WCMMRC1337J,110046279059.0,COMMERCIAL MERCHANDISING CORP,1337 J WOOD BRANCH DRIVE,CHARLOTTE,MECKLENBURG,NC,28273,35.125384,-80.925035,NA,NO,Chemicals,N-Methyl-2-pyrrolidone,NO
2021,28139RVSBRRAILR,110000586624.0,TRELLEBORG COATED SYSTEMS US INC,715 RAILROAD AVE & HWY 74,RUTHERFORDTON,RUTHERFORD,NC,28139,35.37798,-81.94629,TRELLEBORG INDUSTRIES,NO,Textiles,Lead compounds,NO
2021,27107CRNPR4501O,110000861032.0,INGREDION INC - WINSTON SALEM PLANT,4501 OVERDALE RD,WINSTON SALEM,FORSYTH,NC,27107,36.032491,-80.228696,INGREDION INC,NO,Food,Acetaldehyde,YES
2021,27377NGNRD1239R,110000346466.0,ENGINEERED CONTROLS INTERNATIONAL,1239 ROCK CREEK DAIRY RD,WHITSETT,GUILFORD,NC,27377,36.0525,-79.59969,ENGINEERED CONTROLS INTERNATIONAL,NO,Fabricated Metals,Chromium compounds (except for chromite ore mined in the Transvaal Region),NO
2021,2740WNLSTL15WES,110043975062.0,O'NEAL MANUFACTURING SERVICES,105 E FLORIDA ST,GREENSBORO,GUILFORD,NC,27406,36.048816,-79.791365,O'NEAL MANUFACTURING SERVICES,NO,Fabricated Metals,Chromium,NO
2021,28302DPNTFHIGHW,110000559609.0,CHEMOURS CO - FAYETTEVILLE WORKS,22828 NC HWY 87 W,FAYETTEVILLE,BLADEN,NC,28306,34.8419,-78.8388,THE CHEMOURS CO,NO,Plastics and Rubber,Nitrate compounds (water dissociable; reportable only when in aqueous solution),NO
2021,28669HLLYFHWYNC,110009856263.0,TYSON FARMS INC. - ROARING RIVER FEED MILL,179 ROARING RIVER ROAD,ROARING RIVER,WILKES,NC,28669,36.2044,-81.0047,TYSON FOODS INC,NO,Food,Copper compounds,NO
2021,28144NTNLSCEDAR,110056525835.0,HENKEL US OPERATIONS CORP,825 CEDAR SPRINGS RD,SALISBURY,ROWAN,NC,28147,35.63367,-80.53335,HENKEL OF AMERICA INC,NO,Chemicals,Ethylbenzene,YES
2021,27260FFNCN1300P,110010293761.0,FUTURE FOAM INC,1300 PROSPECT,HIGH POINT,GUILFORD,NC,27260,35.926111,-80.023056,FUTURE FOAM INC,NO,Plastics and Rubber,Diethanolamine,NO
2021,28110GRGGL700NO,110000348507.0,GOULSTON TECHNOLOGIES,700 N JOHNSON ST,MONROE,UNION,NC,28110,34.98793,-80.55847,NA,NO,Chemicals,Nonylphenol Ethoxylates,NO
2021,28214TRNSM7401O,110000492672.0,BLANCHARD TERMINAL CO - CHARLOTTE EAST NC TERMINAL,7401 OLD MT HOLLY RD,CHARLOTTE,MECKLENBURG,NC,28214,35.277522,-80.931366,MARATHON PETROLEUM CORP,NO,Petroleum Bulk Terminals,Polycyclic aromatic compounds,YES
2021,28307DPTFRDIREC,110064176877.0,U.S. ARMY FORT BRAGG,DPW ENV COMPLIANCE BRANCH BLDG 3-1137 REILLY RD,FORT BRAGG,CUMBERLAND,NC,28310,35.15705,-79.00036,US DEPARTMENT OF DEFENSE,YES,Other,Benzene,YES
2021,27606SRTRN4001B,110000347241.0,SURTRONICS INC.,4001 BERYL RD,RALEIGH,WAKE,NC,27606,35.79463,-78.6941,NA,NO,Fabricated Metals,Nitric acid,NO
2021,27962WYRHSTROWB,110013794000.0,DOMTAR PAPER CO LLC-PLYMOUTH MILL,TROWBRIDGE RD,PLYMOUTH,MARTIN,NC,27962,35.861716,-76.779683,DOMTAR CORP,NO,Paper,Nitrate compounds (water dissociable; reportable only when in aqueous solution),NO
2021,27260MRCNM500MA,110000345733.0,AMERICAN METAL TREATING INC.,500 MANLEY ST,HIGH POINT,GUILFORD,NC,27260,35.95178,-79.97732,NA,NO,Fabricated Metals,Ammonia,NO
2021,2815WGRNHC2PARP,110062638597.0,GREENHECK FAN CORP - SHELBY CAMPUS,2000 PARTNERSHIP DRIVE,SHELBY,CLEVELAND,NC,28150,35.3036,-81.6094,GREENHECK FAN CORP,NO,Machinery,Copper,NO
2021,2840WWLBRL462HI,110056968116.0,WILBARA LLC,4620 HWY 421 N,WILMINGTON,NEW HANOVER,NC,28401,34.23497,-77.94599,DULANY INDUSTRIES,NO,Chemicals,"Sulfuric acid (acid aerosols including mists, vapors, gas, fog, and other airborne forms of any particle size)",NO
2021,27403MRFLX2110H,110000346527.0,VERTELLUS GREENSBORO LLC,2110 W GATE CITY BLVD,GREENSBORO,GUILFORD,NC,27403,36.05963,-79.82714,V GLOBAL HOLDINGS LLC,NO,Chemicals,Ethylene glycol,NO
2021,28144NTNLL1709J,110000348927.0,GRANGES AMERICAS INC,1709 JAKE ALEXANDER BLVD S,SALISBURY,ROWAN,NC,28146,35.64153,-80.4729,GRANGES AMERICAS INC,NO,Primary Metals,Lead,YES
2021,2873WGFLNM49FER,110069993050.0,LINAMAR LIGHT METALS-MR,490 FERNCLIFF PARK DRIVE,MILLS RIVER,HENDERSON,NC,28732,35.427569,-82.542922,NA,NO,Primary Metals,Copper,NO
2021,28677KWNSC2700W,110000861648.0,KEWAUNEE SCIENTIFIC CORP.,2700 W FRONT ST,STATESVILLE,IREDELL,NC,28677,35.79202,-80.93176,NA,NO,Furniture,Phthalic anhydride,NO
2021,2867WMNTRF226WF,110001495141.0,MOUNTAIRE FARMS INC.- STATESVILLE FEED MILL,2206 W FRONT ST,STATESVILLE,IREDELL,NC,28677,35.78991,-80.92589,MOUNTAIRE FARMS INC,NO,Food,Manganese compounds,NO
2021,28166NGNRD250OL,110000349169.0,ENGINEERED SINTERED COMPONENTS,250 OLD MURDOCK RD,TROUTMAN,IREDELL,NC,28166,35.7102,-80.8898,NA,NO,Fabricated Metals,Copper,NO
2021,28043RQPCRROUTE,110000348099.0,DANFOSS POWER SOLUTIONS,240 DANIEL RD,FOREST CITY,RUTHERFORD,NC,28043,35.34058,-81.90191,DANFOSS POWER SOLUTIONS (US) CO,NO,Plastics and Rubber,Di(2-ethylhexyl) phthalate,YES
2021,28669BTBPRHWY26,110007659006.0,LOUISIANA-PACIFIC CORP,1068 ABTCO RD,NORTH WILKESBORO,WILKES,NC,28659,36.1986,-81.0356,LOUISIANA PACIFIC CORP,NO,Wood Products,Zinc compounds,NO
2021,27559TRNGLUSHWY,110000346983.0,TRIANGLE BRICK - MERRY OAKS,294 KING RD,MONCURE,CHATHAM,NC,27559,35.64351,-79.00093,TRIANGLE BRICK CO,NO,Nonmetallic Mineral Product,Manganese compounds,NO
2021,28365CRLNTPOBOX,110000562221.0,BUTTERBALL LLC,1628 GARNER'S CHAPEL,MOUNT OLIVE,DUPLIN,NC,28365,35.142744,-77.912512,SEABOARD CORP,NO,Food,Ammonia,NO
2021,2811WTLLVC375AL,110018570688.0,ATI SPECIALTY MATERIALS - BAKERS SITE,3750 ALLOY WAY,MONROE,UNION,NC,28110,35.01803,-80.612762,ALLEGHENY TECHNOLOGIES INC,NO,Primary Metals,Manganese,NO
2021,28787RLNCLREEMS,110000351681.0,DODGE MECHANICAL POWER TRANSMISSION CO,70 REEMS CREEK RD,WEAVERVILLE,BUNCOMBE,NC,28787,35.68472,-82.56483,RBC BEARINGS INC,NO,Machinery,Lead,YES
2021,28677SMNRT1804C,110000351333.0,DENSO MANUFACTURING NORTH CAROLINA INC. - STATESVILLE PLANT,470 CRAWFORD RD,STATESVILLE,IREDELL,NC,28625,35.83272,-80.85087,DENSO INTERNATIONAL AMERICA INC,NO,Transportation Equipment,Copper  And Copper Compounds,NO
2021,2813WCNCRT12148,110001499361.0,CONCRETE SUPPLY CO.  LLC - ARROWOOD,12148 NATIONS FORD RD,CHARLOTTE,MECKLENBURG,NC,28134,35.100276,-80.917104,CONCRETE SUPPLY CO LLC,NO,Nonmetallic Mineral Product,Lead  And Lead Compounds,NO
2021,27573LSNPC10475,110000492636.0,LOUISIANA PACIFIC CORP. ROXBOR O OSB,10475 BOSTON RD,ROXBORO,PERSON,NC,27574,36.52113,-78.90658,LOUISIANA PACIFIC CORP,NO,Wood Products,Acrolein,NO
2021,28601SHFRDLIGHL,110000350539.0,SHURTAPE TECHNOLOGIES LLC - HICKORY TAPE PLANT,1620 HIGHLAND AVENUE NE,HICKORY,CATAWBA,NC,28601,35.738,-81.309,STM INC,NO,Paper,Xylene (mixed isomers),NO
2021,27702STHCH2000E,110000347303.0,BRENNTAG MID-SOUTH,2000 E PETTIGREW ST,DURHAM,DURHAM,NC,27703,35.979401,-78.880293,BRENNTAG NORTH AMERICA INC,NO,Chemical Wholesalers,n-Hexane,NO
2021,28110YLSCRHWY74,110000348570.0,"YALE SECURITY INC.,NORTON DOOR CONTROLS",3000 HWY 74 E,MONROE,UNION,NC,28112,34.980791,-80.47859,NA,NO,Fabricated Metals,Copper,NO
2021,2732WCLNHR28WAT,110058305490.0,CLEAN HARBORS REIDSVILLE LLC,208 WATLINGTON INDUSTRIAL DRIVE,REIDSVILLE,ROCKINGHAM,NC,27320,36.320466,-79.648583,CLEAN HARBORS INC,NO,Hazardous Waste,Mercury  And Mercury Compounds,NO
2021,2808WBLCHF77BRA,110012656606.0,BLACHFORD RP CORP,707 BROADVIEW DRIVE,KINGS MOUNTAIN,CLEVELAND,NC,28086,35.23,-81.32848,BLACHFORD ENTERPRISES INC,NO,Plastics and Rubber,Zinc compounds,NO
2021,28270QNTMC1337N,110015680949.0,QUANTUM COATINGS INC,1337 WOOD BRANCH DR,CHARLOTTE,MECKLENBURG,NC,28273,35.12449,-80.92538,NA,NO,Chemicals,Zinc compounds,NO
2021,28804RVCSC275AI,110009296699.0,THERMO FISHER SCIENTIFIC,275 AIKEN RD,ASHEVILLE,BUNCOMBE,NC,28804,35.6849,-82.57636,THERMO FISHER SCIENTIFIC INC,NO,Machinery,Aluminum (fume or dust),NO
2021,27253STHTL3025S,110009857654.0,SOUTH ATLANTIC GALVANIZING,3025 STEEL WAY DR,GRAHAM,ALAMANCE,NC,27253,35.99601,-79.28938,SOUTH ATLANTIC LLC,NO,Fabricated Metals,Zinc compounds,NO
2021,28804RVCSC275AI,110009296699.0,THERMO FISHER SCIENTIFIC,275 AIKEN RD,ASHEVILLE,BUNCOMBE,NC,28804,35.6849,-82.57636,THERMO FISHER SCIENTIFIC INC,NO,Machinery,Chromium,NO
2021,28144NTNLSCEDAR,110056525835.0,HENKEL US OPERATIONS CORP,825 CEDAR SPRINGS RD,SALISBURY,ROWAN,NC,28147,35.63367,-80.53335,HENKEL OF AMERICA INC,NO,Chemicals,Methyl acrylate,YES
2021,28530WYRHS371HA,110002440993.0,WEYERHAEUSER CO. GREENVILLE LUMBER FACILITY,371 HANRAHAN RD,GRIFTON,PITT,NC,28530,35.40644,-77.42412,WEYERHAEUSER CO,NO,Wood Products,Lead  And Lead Compounds,NO
2021,28682DKNRG8320E,110000351397.0,DUKE ENERGY CAROLINAS LLC - MARSHALL STEAM STATION,8320 E NC 150 HWY,TERRELL,CATAWBA,NC,28682,35.5983,-80.9636,DUKE ENERGY CORP,NO,Electric Utilities,Polycyclic aromatic compounds,YES
2021,2813WCLNLC18NAT,110070126578.0,COLONIAL CHEMICAL SOLUTIONS INC.,10800 NATIONS FORD ROAD,PINEVILLE,MECKLENBURG,NC,28134,35.11502,-80.91098,COLONIAL GROUP INC,NO,Chemical Wholesalers,Ethylene glycol,NO
2021,28054NRYLC214WE,110000348259.0,LANXESS SOLUTIONS US INC,214 W RUBY AVE,GASTONIA,GASTON,NC,28054,35.243611,-81.1875,LANXESS CORP,NO,Chemicals,Carboxin,NO
2021,28726MNTMN305WK,110001504097.0,MMA MANUFACTURING,305 W KING ST,EAST FLAT ROCK,HENDERSON,NC,28726,35.28295,-82.42608,NA,NO,Fabricated Metals,Nickel,YES
2021,28134RTLND9635I,110000348801.0,MEXICHEM SPECIALTY COMPOUNDS,9635 INDUSTRIAL DR,PINEVILLE,MECKLENBURG,NC,28134,35.10231,-80.88803,MEXICHEM SPECIALTY COMPOUNDS INC,NO,Chemicals,Di(2-ethylhexyl) phthalate,YES
2021,2830WSTLFB95CUN,110071263564.0,STEELFAB OF FAYETTEVILLE,950 COUNTRY CLUB DR,FAYETTEVILLE,CUMBERLAND,NC,28301,35.09883,-78.914385,STEELFAB INC,NO,Fabricated Metals,Lead,YES
2021,27870CHMPNNORTH,110037266990.0,WESTROCK KRAFT PAPER LLC,100 GASTON RD,ROANOKE RAPIDS,HALIFAX,NC,27870,36.476037,-77.643173,WESTROCK CO,NO,Paper,Acetaldehyde,YES
2021,27052DKNRGPINEH,110000604141.0,DUKE ENERGY CAROLINAS LLC - BELEWS CREEK STEAM STATION,3195 PINE HALL RD,WALNUT COVE,STOKES,NC,27052,36.281338,-80.059438,DUKE ENERGY CORP,NO,Electric Utilities,Manganese compounds,NO
2021,28208SHLND3930G,110000349329.0,NEXEO SOLUTIONS LLC,3930 GLENWOOD DR,CHARLOTTE,MECKLENBURG,NC,28208,35.2511,-80.8855,UNIVAR SOLUTIONS USA INC,NO,Chemical Wholesalers,n-Hexane,NO
2021,27042HLSTDHWY31,110009844865.0,WIELAND COPPER PRODUCTS LLC,3990 US 311 HWY N,PINE HALL,STOKES,NC,27042,36.342778,-80.044166,WIELAND HOLDINGS INC,NO,Primary Metals,Beryllium,YES
2021,2820WTHMSC371NG,110070814319.0,THOMAS CONCRETE,3701 N.GRAHAM STREET,CHARLOTTE,MECKLENBURG,NC,28206,35.267978,-80.816427,THOMAS CONCRETE INC,NO,Nonmetallic Mineral Product,Nitrate compounds (water dissociable; reportable only when in aqueous solution),NO
2021,27573LSNPC10475,110000492636.0,LOUISIANA PACIFIC CORP. ROXBOR O OSB,10475 BOSTON RD,ROXBORO,PERSON,NC,27574,36.52113,-78.90658,LOUISIANA PACIFIC CORP,NO,Wood Products,Diisocyanates,NO
2021,28726MNTMN305WK,110001504097.0,MMA MANUFACTURING,305 W KING ST,EAST FLAT ROCK,HENDERSON,NC,28726,35.28295,-82.42608,NA,NO,Fabricated Metals,Chromium,NO
2021,28139LLDDC18IND,110018748140.0,AALLIED DIE CASTING OF N.C.,401 AALLIED DR,RUTHERFORDTON,RUTHERFORD,NC,28139,35.35602,-81.95744,RCM INDUSTRIES,NO,Primary Metals,Zinc (fume or dust),NO
2021,28120HCHSTPOBOX,110000348687.0,CLARIANT CORP-MOUNT HOLLY WEST PLANT,625 E CATAWBA AVE,MOUNT HOLLY,GASTON,NC,28120,35.295833,-81.006667,CLARIANT CORP,NO,Chemicals,Methanol,NO
2021,28086CMMRC101CA,110012476329.0,PARKER HANNIFIN - GPD,101 CANTERBURY RD,KINGS MOUNTAIN,CLEVELAND,NC,28086,35.240556,-81.324722,PARKER HANNIFIN CORP,NO,Machinery,Nickel  And Nickel Compounds,YES
2021,27403DSTNC1025H,110000346518.0,SHERWIN-WILLIAMS CO,1025 HOWARD ST,GREENSBORO,GUILFORD,NC,27403,36.06238,-79.83395,THE SHERWIN-WILLIAMS CO,NO,Chemicals,Methyl isobutyl ketone,YES
2021,28345PRGRSNCSR1,110004060417.0,DUKE ENERGY PROGRESS LLC - SMITH ENERGY COMPLEX,198 ENERGY WAY,HAMLET,RICHMOND,NC,28345,34.8387,-79.7396,DUKE ENERGY CORP,NO,Electric Utilities,Polycyclic aromatic compounds,YES
2021,28451GNRLWHIGHW,110000350307.0,CAROLINA POLE LELAND,1901 WOOD TREATMENT RD,LELAND,BRUNSWICK,NC,28451,34.2504,-78.07447,KOPPERS INC,NO,Wood Products,Chromium  and Chromium Compounds(except for chromite ore mined in the Transvaal Region),NO
2021,2729WGGRLX3EGGE,110070386075.0,EGGER - LEXINGTON PARTICLEBOARD PLANT,300 EGGER PARKWAY,LINWOOD,DAVIDSON,NC,27299,35.7378,-80.345,NA,NO,Wood Products,Acetaldehyde,YES
2021,27302GCXXX6801I,110000346144.0,INDUSTRIAL CONNECTIONS & SOLUTIONS LLC,6801 INDUSTRIAL DR,MEBANE,ORANGE,NC,27302,36.07902,-79.23383,ABB INC,NO,Electrical Equipment,Silver,NO
2021,2873WGFLNM49FER,110069993050.0,LINAMAR LIGHT METALS-MR,490 FERNCLIFF PARK DRIVE,MILLS RIVER,HENDERSON,NC,28732,35.427569,-82.542922,NA,NO,Primary Metals,Aluminum (fume or dust),NO
2021,27285DRHTC1000D,110000345984.0,JOHN DEERE KERNERSVILLE LLC,1000 DEERE-HITACHI RD,KERNERSVILLE,FORSYTH,NC,27284,36.1368,-80.0922,DEERE-HITACHI CONSTRUCTION MACHINERY CORP,NO,Machinery,Ethylene glycol,NO
2021,28682DKNRG8320E,110000351397.0,DUKE ENERGY CAROLINAS LLC - MARSHALL STEAM STATION,8320 E NC 150 HWY,TERRELL,CATAWBA,NC,28682,35.5983,-80.9636,DUKE ENERGY CORP,NO,Electric Utilities,"Sulfuric acid (acid aerosols including mists, vapors, gas, fog, and other airborne forms of any particle size)",NO
2021,28636MRCNRINTER,110007663876.0,AMERICAN ROLLER BEARING & MANUFACTURING INC,1095 MCCLAIN RD,HIDDENITE,ALEXANDER,NC,28636,35.88375,-81.09311,AMERICAN ROLLER BEARING CO,NO,Fabricated Metals,Nickel,YES
2021,28174WMPLR205ED,110000349178.0,PILGRIM'S PRIDE CORP WINGATE FEED MILL,205 EDGEWOOD DR,WINGATE,UNION,NC,28174,34.983133,-80.467216,JBS USA FOOD CO,NO,Food,Manganese compounds,NO
2021,2827WCMMRC1337J,110046279059.0,COMMERCIAL MERCHANDISING CORP,1337 J WOOD BRANCH DRIVE,CHARLOTTE,MECKLENBURG,NC,28273,35.125384,-80.925035,NA,NO,Chemicals,Nitrate compounds (water dissociable; reportable only when in aqueous solution),NO
2021,27407NRTHS3514W,110000346661.0,RESCO PRODUCTS INC GREENSBORO OPERATIONS,3600 W WENDOVER AVE,GREENSBORO,GUILFORD,NC,27407,36.06021,-79.86705,RESCO PRODUCTS INC,NO,Nonmetallic Mineral Product,Chromium  and Chromium Compounds(except for chromite ore mined in the Transvaal Region),NO
2021,28214STLFB8623O,110000349454.0,STEELFAB INC,8623 OLD DOWD RD,CHARLOTTE,MECKLENBURG,NC,28214,35.22948,-80.9771,STEELFAB INC,NO,Fabricated Metals,Aluminum oxide (fibrous forms),NO
2021,28213FLRDSHWY11,110012474697.0,GERDAU LONG STEEL NA-CHARLOTTE MILL,6601 LAKEVIEW RD,CHARLOTTE,MECKLENBURG,NC,28269,35.33902,-80.82926,GERDAU USA INC,NO,Primary Metals,Copper compounds,NO
2021,2807WBLDTR746MI,110071284849.0,BLUEDOT-READI-MIX-HARRISBURG (PLANT #102),7406 MILLBROOK DR.,HARRISBURG,CABARRUS,NC,28075,35.312326,-80.679403,BLUEDOT READI-MIX,NO,Nonmetallic Mineral Product,Lead  And Lead Compounds,NO
2021,28092CTLRN22CAT,110012146034.0,CATALER N.A. CORP,2002 CATALER DR,LINCOLNTON,LINCOLN,NC,28092,35.54322,-81.22722,NA,NO,Transportation Equipment,Nitric acid,NO
2021,28302CMRCSPOBOX,110022439798.0,DAK AMERICAS LLC,3216 CEDAR CREEK RD,FAYETTEVILLE,CUMBERLAND,NC,28312,34.98305,-78.78722,DAK AMERICAS LLC,NO,Chemicals,Biphenyl,NO
2021,27292WLDRN313NE,110031001877.0,WILDERNESS NC INC,313 NEW CUT RD,LEXINGTON,DAVIDSON,NC,27292,35.77853,-80.124053,NA,NO,Wood Products,Lead compounds,NO
2021,28213FLRDSHWY11,110012474697.0,GERDAU LONG STEEL NA-CHARLOTTE MILL,6601 LAKEVIEW RD,CHARLOTTE,MECKLENBURG,NC,28269,35.33902,-80.82926,GERDAU USA INC,NO,Primary Metals,Lead  And Lead Compounds,NO
2021,27856PRDFRALTUS,110009849815.0,PERDUE NASHVILLE FEED MILL,1835 US HWY 64A,NASHVILLE,NASH,NC,27856,35.970875,-77.999312,PERDUE FARMS INC,NO,Food,Manganese compounds,NO
2021,27298SSCTD6163O,110000346135.0,NORCRAFT COS LP DBA ULTRACRAFT CABINETRY,6163 OLD 421 RD,LIBERTY,RANDOLPH,NC,27298,35.88299,-79.57968,FORTUNE BRANDS HOME & SECURITY INC,NO,Furniture,n-Butyl alcohol,NO
2021,27260PDMNT331BU,110000496491.0,PIEDMONT CHEMICAL INDUSTRIES I LLC,331 BURTON AVE,HIGH POINT,GUILFORD,NC,27262,35.93713,-80.03369,SYNTHA GROUP INC,NO,Chemicals,Certain glycol ethers,NO
2021,28758BRNFRPOBOX,110018548124.0,HAYNES WIRE CO,158 N EGERTON RD,HENDERSONVILLE,HENDERSON,NC,28792,35.37292,-82.48722,HAYNES INTERNATIONAL INC,NO,Primary Metals,Nickel,YES
2021,28144MRDNT6701S,110006860691.0,TEIJIN AUTOMOTIVE TECHNOLOGIES NORTH CAROLINA COMPOSITES LL,6701 STATESVILLE BLVD,SALISBURY,ROWAN,NC,28147,35.71943,-80.60148,TEIJIN AUTOMOTIVE TECHNOLOGIES INC,NO,Plastics and Rubber,Zinc compounds,NO
2021,28075MNRLRHWY49,110057679739.0,VENATOR CHEMICALS LLC,5910 PHARR MILL RD,HARRISBURG,CABARRUS,NC,28075,35.33417,-80.6177,VENATOR AMERICAS LLC,NO,Chemicals,Copper compounds,NO
2021,27052DKNRGPINEH,110000604141.0,DUKE ENERGY CAROLINAS LLC - BELEWS CREEK STEAM STATION,3195 PINE HALL RD,WALNUT COVE,STOKES,NC,27052,36.281338,-80.059438,DUKE ENERGY CORP,NO,Electric Utilities,Chromium compounds (except for chromite ore mined in the Transvaal Region),NO
2021,27302GCXXX6801I,110000346144.0,INDUSTRIAL CONNECTIONS & SOLUTIONS LLC,6801 INDUSTRIAL DR,MEBANE,ORANGE,NC,27302,36.07902,-79.23383,ABB INC,NO,Electrical Equipment,Copper,NO
2021,27284HGHLN215DR,110000345966.0,TEX-TECH COATINGS LLC,215 DRUMMOND ST,KERNERSVILLE,FORSYTH,NC,27284,36.11828,-80.07025,TEXTECH INDUSTRIES,NO,Textiles,"N,N-Dimethylformamide",YES
2021,28716CHMPNMAINS,110009846480.0,BLUE RIDGE PAPER PRODUCTS LLC,175 MAIN ST,CANTON,HAYWOOD,NC,28716,35.5349,-82.8421,EVERGREEN PACKAGING GROUP,NO,Paper,Phenol,NO
2021,28075MNRLRHWY49,110057679739.0,VENATOR CHEMICALS LLC,5910 PHARR MILL RD,HARRISBURG,CABARRUS,NC,28075,35.33417,-80.6177,VENATOR AMERICAS LLC,NO,Chemicals,Zinc compounds,NO
2021,28335WRRNL234US,110037964352.0,WARREN OIL CO LLC - DUNN NC,2340 US-301 N,DUNN,HARNETT,NC,28334,35.33032,-78.59476,WARREN OIL CO LLC,NO,Petroleum,Certain glycol ethers,NO
2021,27330STNDY2609C,110000346359.0,MOEN INC,2609 COX MILL RD,SANFORD,LEE,NC,27332,35.45538,-79.10586,FORTUNE BRANDS HOME & SECURITY INC,NO,Fabricated Metals,Copper,NO
2021,27806TXSGLHIGHW,110000586376.0,PCS PHOSPHATE CO INC,1530 NC HWY 306 S,AURORA,BEAUFORT,NC,27806,35.37745,-76.778816,POTASH HOLDING CO INC,NO,Chemicals,Arsenic  And Arsenic Compounds,NO
2021,28166NGNRD250OL,110000349169.0,ENGINEERED SINTERED COMPONENTS,250 OLD MURDOCK RD,TROUTMAN,IREDELL,NC,28166,35.7102,-80.8898,NA,NO,Fabricated Metals,Nickel,YES
2021,2750WCRLNS1SUNR,110070500194.0,CAROLINA SUNROCK LLC - BUTNER,100 SUNROCK DR,BUTNER,GRANVILLE,NC,27509,36.1212,-78.76715,THE SUNROCK GROUP INC,NO,Nonmetallic Mineral Product,Nitrate compounds (water dissociable; reportable only when in aqueous solution),NO
2021,27409MPNCB719PE,110000346732.0,TE CONNECTIVITY - PEGG ROAD,719 PEGG RD,GREENSBORO,GUILFORD,NC,27409,36.06792,-79.96967,TE CONNECTIVITY LTD,NO,Transportation Equipment,Manganese,NO
2021,27374MRSNN325WE,110006722029.0,ASCO POWER TECHNOLOGIES,325 WELCOME CENTER BLVD,WELCOME,DAVIDSON,NC,27374,35.9295,-80.2354,SCHNEIDER ELECTRIC USA INC,NO,Electrical Equipment,Nickel,YES
2021,28054WLSHC207TE,110041964201.0,LUBRIZOL,207 TELEGRAPH DR,GASTONIA,GASTON,NC,28056,35.20176,-81.20877,BERKSHIRE HATHAWAY INC,NO,Chemicals,Acrylamide,YES
2021,28542CMPLJATTNA,110041995151.0,MCIEAST-MCB CAMLEJ MAIN FACILITY,12 POST LN,CAMP LEJEUNE,ONSLOW,NC,28547,34.669402,-77.322574,US DEPARTMENT OF DEFENSE,YES,Other,Copper,NO
2021,28054WLSHC207TE,110041964201.0,LUBRIZOL,207 TELEGRAPH DR,GASTONIA,GASTON,NC,28056,35.20176,-81.20877,BERKSHIRE HATHAWAY INC,NO,Chemicals,Nonylphenol Ethoxylates,NO
2021,28379PRDNC416SO,110000350156.0,ROCKINGHAM PROCESSING PLANT,416 S LONG DR,ROCKINGHAM,RICHMOND,NC,28379,34.934167,-79.753611,PERDUE FARMS INC,NO,Food,Peracetic acid,NO
2021,27260THLLL1717E,110000345760.0,AXALTA COATING SYSTEMS USA LLC - HIGH POINT,1717 WEST ENGLISH RD,HIGH POINT,GUILFORD,NC,27262,35.945162,-80.022598,AXALTA COATING SYSTEMS LLC,NO,Chemicals,Xylene (mixed isomers),NO
2021,27330LBRCK3704H,110000346313.0,LEE BRICK & TILE CO,3704 HAWKINS AVE,SANFORD,LEE,NC,27330,35.54708,-79.19088,NA,NO,Nonmetallic Mineral Product,Fluorine,NO
2021,28306FCTPR3200N,110000349766.0,MANN + HUMMEL PUROLATOR FILTERS LLC,3200 NATAL RD,FAYETTEVILLE,CUMBERLAND,NC,28306,35.01388,-78.91885,MANN+HUMMEL USA INC,NO,Machinery,Polycyclic aromatic compounds,YES
2021,27409MPNCB719PE,110000346732.0,TE CONNECTIVITY - PEGG ROAD,719 PEGG RD,GREENSBORO,GUILFORD,NC,27409,36.06792,-79.96967,TE CONNECTIVITY LTD,NO,Transportation Equipment,Copper,NO
2021,27330GLDNP6500Z,110000551493.0,PILGRIM'S PRIDE CORP SANFORD FACILITY,484 ZIMMERMAN RD,SANFORD,LEE,NC,27330,35.558038,-79.22948,JBS USA FOOD CO,NO,Food,Ammonia,NO
2021,2771WRGSRD3411A,110060257797.0,ARGOS READY MIX HWY 55 CONCRETE PLANT,3411 APEX HWY.,DURHAM,DURHAM,NC,27713,35.9311,-78.88851,ARGOS USA CORP,NO,Nonmetallic Mineral Product,Lead,YES
2021,2802WCNCRD47MCG,110001484144.0,CONCRETE SUPPLY CO. LLC - CONCORD,470 MCGILL AVE,CONCORD,CABARRUS,NC,28027,35.415716,-80.612466,CONCRETE SUPPLY CO LLC,NO,Nonmetallic Mineral Product,Lead  And Lead Compounds,NO
2021,28787RLNCLREEMS,110000351681.0,DODGE MECHANICAL POWER TRANSMISSION CO,70 REEMS CREEK RD,WEAVERVILLE,BUNCOMBE,NC,28787,35.68472,-82.56483,RBC BEARINGS INC,NO,Machinery,Manganese,NO
2021,2827WCMMRC1337J,110046279059.0,COMMERCIAL MERCHANDISING CORP,1337 J WOOD BRANCH DRIVE,CHARLOTTE,MECKLENBURG,NC,28273,35.125384,-80.925035,NA,NO,Chemicals,Certain glycol ethers,NO
2021,28213NCLCH14700,110059780198.0,MALLARD CREEK POLYMERS,2800 MOREHEAD RD,CHARLOTTE,MECKLENBURG,NC,28262,35.350334,-80.714847,NA,NO,Chemicals,Ammonia,NO
2021,28352LBBYWHWY74,110064226868.0,PILKINGTON NA,13121 ROCKY FORD RD,LAURINBURG,SCOTLAND,NC,28352,34.748702,-79.405889,PILKINGTON NORTH AMERICA INC,NO,Nonmetallic Mineral Product,Lead  And Lead Compounds,NO
2021,28429CCDNTOFFST,110000350272.0,ELEMENTIS CHROMIUM INC,5408 HOLLY SHELTER RD,CASTLE HAYNE,NEW HANOVER,NC,28429,34.372516,-77.859466,ELEMENTIS,NO,Chemicals,Copper  And Copper Compounds,NO
2021,27260PDMNT331BU,110000496491.0,PIEDMONT CHEMICAL INDUSTRIES I LLC,331 BURTON AVE,HIGH POINT,GUILFORD,NC,27262,35.93713,-80.03369,SYNTHA GROUP INC,NO,Chemicals,Ethylene glycol,NO
2021,27978SRFRCA1AFS,110037143597.0,"U.S. DOD, USAF, DARE COUNTY BOMB RANGE",A-10 AF SHELL RD,STUMPY POINT,DARE,NC,27978,35.67238,-75.89237,US DEPARTMENT OF DEFENSE,YES,Other,Lead,YES
2021,28752DDGRC100RO,110000351574.0,DODGE INDUSTRIAL,510 ROCKWELL DR,MARION,MCDOWELL,NC,28752,35.645091,-81.986234,RBC BEARINGS INC,NO,Fabricated Metals,Chromium,NO
2021,27042HLSTDHWY31,110009844865.0,WIELAND COPPER PRODUCTS LLC,3990 US 311 HWY N,PINE HALL,STOKES,NC,27042,36.342778,-80.044166,WIELAND HOLDINGS INC,NO,Primary Metals,Lead,YES
2021,28307DPTFRDIREC,110064176877.0,U.S. ARMY FORT BRAGG,DPW ENV COMPLIANCE BRANCH BLDG 3-1137 REILLY RD,FORT BRAGG,CUMBERLAND,NC,28310,35.15705,-79.00036,US DEPARTMENT OF DEFENSE,YES,Other,Nickel,YES
2021,27893MRCNN2200F,110000347802.0,ARDAGH GLASS INC,2201 FIRESTONE PKWY,WILSON,WILSON,NC,27893,35.7602,-77.8826,ARDAGH HOLDINGS USA INC,NO,Nonmetallic Mineral Product,Lead  And Lead Compounds,NO
2021,28134RTLND9635I,110000348801.0,MEXICHEM SPECIALTY COMPOUNDS,9635 INDUSTRIAL DR,PINEVILLE,MECKLENBURG,NC,28134,35.10231,-80.88803,MEXICHEM SPECIALTY COMPOUNDS INC,NO,Chemicals,Barium compounds (except for barium sulfate (CAS No. 7727-43-7)),NO
2021,27042HLSTDHWY31,110009844865.0,WIELAND COPPER PRODUCTS LLC,3990 US 311 HWY N,PINE HALL,STOKES,NC,27042,36.342778,-80.044166,WIELAND HOLDINGS INC,NO,Primary Metals,Silver,NO
2021,2754WLDCST8153N,110028298090.0,OLDCASTLE LAWN & GARDEN,8153 NC HWY 56 WEST,LOUISBURG,FRANKLIN,NC,27549,36.187959,-78.030081,CRH AMERICAS INC,NO,Wood Products,Lead  And Lead Compounds,NO
2021,27407BRLNG6008H,110012656697.0,ALBERDINGK BOLEY INC,6008 WEST GATE CITY BOULEVARD,GREENSBORO,GUILFORD,NC,27407,36.00477,-79.90461,NA,NO,Chemicals,Butyl acrylate,NO
2021,27302GCXXX6801I,110000346144.0,INDUSTRIAL CONNECTIONS & SOLUTIONS LLC,6801 INDUSTRIAL DR,MEBANE,ORANGE,NC,27302,36.07902,-79.23383,ABB INC,NO,Electrical Equipment,Manganese,NO
2021,27052DKNRGPINEH,110000604141.0,DUKE ENERGY CAROLINAS LLC - BELEWS CREEK STEAM STATION,3195 PINE HALL RD,WALNUT COVE,STOKES,NC,27052,36.281338,-80.059438,DUKE ENERGY CORP,NO,Electric Utilities,Dioxin and dioxin-like compounds,YES
2021,2804WTRCTY158WI,110001488202.0,TRI-CITY CONCRETE LLC,158 WINTHROW RD,FOREST CITY,RUTHERFORD,NC,28043,35.344435,-81.885974,CONCRETE SUPPLY CO LLC,NO,Nonmetallic Mineral Product,Lead  And Lead Compounds,NO
2021,2821WMTVNT6851F,110009719974.0,MOTIVA ENTERPRISES LLC CHARLOTTE NORTH & SOUTH TERMINALS,410 TOM SADLER RD,CHARLOTTE,MECKLENBURG,NC,28214,35.27994,-80.93817,MOTIVA ENTERPRISES LLC,NO,Petroleum Bulk Terminals,Benzene,YES
2021,28208TRNSR4500M,110000349347.0,TRANE US INC.,4500 MORRIS FIELD DR,CHARLOTTE,MECKLENBURG,NC,28208,35.21707,-80.92051,TRANE TECHNOLOGIES CO LLC,NO,Machinery,Copper,NO
2021,2815WGRNHC2PARP,110062638597.0,GREENHECK FAN CORP - SHELBY CAMPUS,2000 PARTNERSHIP DRIVE,SHELBY,CLEVELAND,NC,28150,35.3036,-81.6094,GREENHECK FAN CORP,NO,Machinery,Chromium,NO
2021,28054WLSHC207TE,110041964201.0,LUBRIZOL,207 TELEGRAPH DR,GASTONIA,GASTON,NC,28056,35.20176,-81.20877,BERKSHIRE HATHAWAY INC,NO,Chemicals,Acrylic acid,NO
2021,2844WSWHLLHWY5E,110055129463.0,S&W HOLLY RIDGE PLANT,HWY 50 EAST,HOLLY RIDGE,ONSLOW,NC,28445,34.496966,-77.556733,TITAN AMERICA LLC,NO,Nonmetallic Mineral Product,Lead,YES
2021,27027NFNCXCARDW,110056322304.0,STURM RUGER & CO INC,271 CARDWELL RD,MAYODAN,ROCKINGHAM,NC,27027,36.4031,-79.95643,STURM RUGER & CO INC,NO,Fabricated Metals,Lead,YES
2021,28166BTNCXPOBOX,110000349150.0,ABT INC,259 MURDOCK RD,TROUTMAN,IREDELL,NC,28166,35.71755,-80.88641,NA,NO,Plastics and Rubber,Styrene,YES
2021,27709SCMMT2601W,110000347401.0,SCM METAL PRODUCTS INC,2601 WECK DR,RESEARCH TRIANGLE PARK,DURHAM,NC,27709,35.93214,-78.84981,NA,NO,Primary Metals,Chromium  and Chromium Compounds(except for chromite ore mined in the Transvaal Region),NO
2021,28214TRNSM7401O,110000492672.0,BLANCHARD TERMINAL CO - CHARLOTTE EAST NC TERMINAL,7401 OLD MT HOLLY RD,CHARLOTTE,MECKLENBURG,NC,28214,35.277522,-80.931366,MARATHON PETROLEUM CORP,NO,Petroleum Bulk Terminals,n-Hexane,NO
2021,28613HCKRYHIGHW,110000350735.0,ELITE COMFORT SOLUTIONS - CONOVER,1115 FARRINGTON STREET,CONOVER,CATAWBA,NC,28613,35.71675,-81.24176,ELITE COMFORT SOLUTIONS LLC,NO,Plastics and Rubber,Diisocyanates,NO
2021,2811WHRSHD484HI,110055619399.0,AMERICAN ZINC PRODUCTS LLC,484 HICKS GROVE RD,MOORESBORO,RUTHERFORD,NC,28114,35.191023,-81.849132,METALS RECOVERY HOLDINGS LLC,NO,Primary Metals,Zinc compounds,NO
2021,28398MRPHYCARRO,110017385051.0,MURPHY-BROWN LLC WARSAW FEED MILL,2822 HWY 24 W,WARSAW,DUPLIN,NC,28398,34.993933,-78.1475,MURPHY BROWN LLC,NO,Food,Copper  And Copper Compounds,NO
2021,27703CRRSR4600S,110000347321.0,WOLFSPEED INC.,4600 SILICON DR,DURHAM,DURHAM,NC,27703,35.899298,-78.840802,WOLFSPEED INC,NO,Computers and Electronic Products,Methanol,NO
2021,28560WYRHSSTREE,110000350478.0,INTERNATIONAL PAPER- NEW BERN MILL,1785 WEYERHAEUSER RD,VANCEBORO,CRAVEN,NC,28586,35.212247,-77.114823,INTERNATIONAL PAPER CO,NO,Paper,Manganese  And Manganese Compounds,NO
2021,27107CRNPR4501O,110000861032.0,INGREDION INC - WINSTON SALEM PLANT,4501 OVERDALE RD,WINSTON SALEM,FORSYTH,NC,27107,36.032491,-80.228696,INGREDION INC,NO,Food,Dioxin and dioxin-like compounds,YES
2021,28092CTLRN22CAT,110012146034.0,CATALER N.A. CORP,2002 CATALER DR,LINCOLNTON,LINCOLN,NC,28092,35.54322,-81.22722,NA,NO,Transportation Equipment,Nickel compounds,YES
2021,2880WDVSTL4MEAD,110004012452.0,DAVE STEEL CO INC,40 MEADOW RD,ASHEVILLE,BUNCOMBE,NC,28803,35.56675,-82.55259,DAVE STEEL CO INC,NO,Fabricated Metals,Chromium,NO
2021,2734WCRTNT921SH,110055105201.0,CERTAINTEED GYPSUM NC INC,921 SHORE RD,SEMORA,PERSON,NC,27343,36.49011,-79.055977,SAINT-GOBAIN CORP,NO,Nonmetallic Mineral Product,Mercury,NO
2021,2837WLDCST17RES,110028298036.0,OLDCASTLE LAWN & GARDEN,107 RESERVATION ROAD,ABERDEEN,HOKE,NC,28315,35.090041,-79.36598,CRH AMERICAS INC,NO,Wood Products,Lead  And Lead Compounds,NO
2021,2871WSTHRN45IND,110022404352.0,SOUTHERN CONCRETE MATERIALS-BRYSON CITY PLANT,450 INDUSTRIAL PARK ROAD,BRYSON CITY,SWAIN,NC,28713,35.4104,-83.45816,HEDRICK INDUSTRIES,NO,Nonmetallic Mineral Product,Lead  And Lead Compounds,NO
2021,28307DPTFRDIREC,110064176877.0,U.S. ARMY FORT BRAGG,DPW ENV COMPLIANCE BRANCH BLDG 3-1137 REILLY RD,FORT BRAGG,CUMBERLAND,NC,28310,35.15705,-79.00036,US DEPARTMENT OF DEFENSE,YES,Other,Copper,NO
2021,27409KYCHM8300C,110000346705.0,ECOLAB INC KAY CHEMICAL CO,8300 CAPITAL DR,GREENSBORO,GUILFORD,NC,27409,36.09699,-79.98697,ECOLAB INC,NO,Chemicals,Certain glycol ethers,NO
2021,2865WJLDWN25LAN,110060257225.0,JELD-WEN COMPOSITES-NORTH WILKESBORO,205 LANES DR,NORTH WILKESBORO,WILKES,NC,28659,36.191642,-81.088877,JELD-WEN INC,NO,Plastics and Rubber,Diisocyanates,NO
2021,2841WRGSRD221SI,110060260818.0,ARGOS READY MIX SCOTTS HILL CONCRETE PLANT,2210 SIDBURY RD,WILMINGTON,NEW HANOVER,NC,28411,34.309938,-77.734066,ARGOS USA CORP,NO,Nonmetallic Mineral Product,Lead,YES
2021,27409MPNCB719PE,110000346732.0,TE CONNECTIVITY - PEGG ROAD,719 PEGG RD,GREENSBORO,GUILFORD,NC,27409,36.06792,-79.96967,TE CONNECTIVITY LTD,NO,Transportation Equipment,Nickel  And Nickel Compounds,YES
2021,28328DBSST906IN,110001493189.0,DUBOSE STRAPPING INC,906 INDUSTRIAL DR,CLINTON,SAMPSON,NC,28328,35.019539,-78.334228,DUBOSE STRAPPING INC,NO,Fabricated Metals,Manganese,NO
2021,28542CMPLJATTNA,110041995151.0,MCIEAST-MCB CAMLEJ MAIN FACILITY,12 POST LN,CAMP LEJEUNE,ONSLOW,NC,28547,34.669402,-77.322574,US DEPARTMENT OF DEFENSE,YES,Other,Copper,NO
2021,28610NRNDX402PE,110039207060.0,MILLWORK & PANEL LLC,2651 PENNY RD,CLAREMONT,CATAWBA,NC,28610,35.70825,-81.15841,SAINT-GOBAIN CORP,NO,Plastics and Rubber,Chromium compounds (except for chromite ore mined in the Transvaal Region),NO
2021,2862WBLDTR158IN,110071284850.0,BLUEDOT-READI-MIX-STATESVILLE (PLANT #103),158 INTERCRAFT DR.,STATESVILLE,IREDELL,NC,28625,35.765296,-80.835849,BLUEDOT READI-MIX,NO,Nonmetallic Mineral Product,Lead  And Lead Compounds,NO
2021,28150HCHSTHWY19,110000586642.0,CNA HOLDINGS LLC-SHELBY,2525 BLACKSBURG RD,GROVER,CLEVELAND,NC,28073,35.209183,-81.52975,CELANESE CORP,NO,Chemicals,Phenol,NO
2021,2860WRDYMX21MAI,110001476199.0,ARGOS HICKORY CONCRETE PLANT,2001 MAIN AVE SE,HICKORY,CATAWBA,NC,28602,35.7318,-81.30144,ARGOS USA CORP,NO,Nonmetallic Mineral Product,Lead,YES
2021,27962WYRHSTROWB,110013794000.0,DOMTAR PAPER CO LLC-PLYMOUTH MILL,TROWBRIDGE RD,PLYMOUTH,MARTIN,NC,27962,35.861716,-76.779683,DOMTAR CORP,NO,Paper,Dioxin and dioxin-like compounds,YES
2021,28461CGNTR1281C,110043787783.0,CPI USA NORTH CAROLINA LLC,1281 POWERHOUSE DR,SOUTHPORT,BRUNSWICK,NC,28461,33.94303,-78.009397,CAPITAL POWER INC,NO,Electric Utilities,Manganese  And Manganese Compounds,NO
2021,27702STHCH2000E,110000347303.0,BRENNTAG MID-SOUTH,2000 E PETTIGREW ST,DURHAM,DURHAM,NC,27703,35.979401,-78.880293,BRENNTAG NORTH AMERICA INC,NO,Chemical Wholesalers,Cyclohexane,NO
2021,27420LRLLR2525E,110000346787.0,ITG BRANDS,2525 E MARKET ST,GREENSBORO,GUILFORD,NC,27401,36.07779,-79.75408,ITG BRANDS LLC,NO,Tobacco,Nicotine and salts,NO
2021,28613RCRPNBOX87,110000350799.0,CARPENTER CO,2009 KEISLER DAIRY RD,CONOVER,CATAWBA,NC,28613,35.693611,-81.181667,CARPENTER CO,NO,Plastics and Rubber,Diethanolamine,NO
2021,27877RSNLLWATER,110006848322.0,RESINALL CORP,302 N WATER ST,SEVERN,NORTHAMPTON,NC,27877,36.512899,-77.189712,ERGON INC,NO,Chemicals,Styrene,YES
2021,2814WLDPRD132LI,110070225354.0,ALDO COATINGS,1320 LITTON DR,SALISBURY,ROWAN,NC,28147,35.61097,-80.55362,INLAND COATINGS HOLDINGS LLC,NO,Chemicals,Xylene (mixed isomers),NO
2021,27282CHMCN108OA,110000345957.0,UNIVAR SOLUTIONS USA INC,108 OAKDALE RD,JAMESTOWN,GUILFORD,NC,27282,35.99347,-79.93371,UNIVAR SOLUTIONS USA INC,NO,Chemical Wholesalers,o-Xylene,NO
2021,28164DSMDS111HW,110057518066.0,SAMOS POLYMERS CORP,1101 HWY 27 S,STANLEY,GASTON,NC,28164,35.373426,-81.099156,NA,NO,Chemicals,Diisocyanates,NO
2021,27403DSTNC1025H,110000346518.0,SHERWIN-WILLIAMS CO,1025 HOWARD ST,GREENSBORO,GUILFORD,NC,27403,36.06238,-79.83395,THE SHERWIN-WILLIAMS CO,NO,Chemicals,Zinc compounds,NO
2021,2832WSWCLN1395T,110055129533.0,S&W CLINTON PLANT,1395 TURKEY HWY,CLINTON,SAMPSON,NC,28328,34.9959,-78.295502,TITAN AMERICA LLC,NO,Nonmetallic Mineral Product,Lead,YES
2021,28704DYNTR95GLE,110000351459.0,DAY INTERNATIONAL INC,95 GLENN BRIDGE RD,ARDEN,BUNCOMBE,NC,28704,35.46199,-82.52031,FLINT GROUP NORTH AMERICA CORP,NO,Plastics and Rubber,Toluene,NO
2021,28134RTLND9635I,110000348801.0,MEXICHEM SPECIALTY COMPOUNDS,9635 INDUSTRIAL DR,PINEVILLE,MECKLENBURG,NC,28134,35.10231,-80.88803,MEXICHEM SPECIALTY COMPOUNDS INC,NO,Chemicals,Lead  And Lead Compounds,NO
2021,2802WSWSCN7145W,110071284948.0,SWS CONCRETE-BONDS PLANT,7145 WEDDINGTON ROAD,CONCORD,CABARRUS,NC,28027,35.379326,-80.693434,STEVENSON-WEIR/SOUTHERN LLC,NO,Nonmetallic Mineral Product,Lead  And Lead Compounds,NO
2021,2875WCRLNR389US,110070556434.0,CAROLINA READY MIX & BUILDING SUPPLY LLC - MARSHALL,3809 US HIGHWAY 25/70,MARSHALL,MADISON,NC,28753,35.823717,-82.680669,CONCRETE SUPPLY CO LLC,NO,Nonmetallic Mineral Product,Lead  And Lead Compounds,NO
2021,28080THTMK1TIMK,110009858243.0,TIMKEN CO LINCOLNTON BEARING PLANT,1000 TIMKEN PL,IRON STATION,LINCOLN,NC,28080,35.4511,-81.17118,THE TIMKEN CO,NO,Fabricated Metals,Nickel,YES
2021,28716CHMPNMAINS,110009846480.0,BLUE RIDGE PAPER PRODUCTS LLC,175 MAIN ST,CANTON,HAYWOOD,NC,28716,35.5349,-82.8421,EVERGREEN PACKAGING GROUP,NO,Paper,Nitrate compounds (water dissociable; reportable only when in aqueous solution),NO
2021,28716CHMPNMAINS,110009846480.0,BLUE RIDGE PAPER PRODUCTS LLC,175 MAIN ST,CANTON,HAYWOOD,NC,28716,35.5349,-82.8421,EVERGREEN PACKAGING GROUP,NO,Paper,Chloromethane,NO
2021,2820WTWCCN227GA,110070244793.0,ITW CCNA PNA CONSTRUCTION TECHNOLOGIES,2027 GATEWAY BLVD,CHARLOTTE,MECKLENBURG,NC,28208,35.24323,-80.90692,ILLINOIS TOOL WORKS INC,NO,Fabricated Metals,Nickel,YES
2021,27052DKNRGPINEH,110000604141.0,DUKE ENERGY CAROLINAS LLC - BELEWS CREEK STEAM STATION,3195 PINE HALL RD,WALNUT COVE,STOKES,NC,27052,36.281338,-80.059438,DUKE ENERGY CORP,NO,Electric Utilities,Zinc compounds,NO
2021,28213NCLCH14700,110059780198.0,MALLARD CREEK POLYMERS,2800 MOREHEAD RD,CHARLOTTE,MECKLENBURG,NC,28262,35.350334,-80.714847,NA,NO,Chemicals,Butyl acrylate,NO
2021,27215NDLXN1507I,110006828629.0,HYDRO EXTRUSION USA LLC,1507 INDUSTRY DR,BURLINGTON,ALAMANCE,NC,27215,36.05907,-79.44611,HYDRO EXTRUSION USA LLC,NO,Primary Metals,Lead,YES
2021,2814WHXGNG11CRP,110071285784.0,HEXAGON-AGILITY FUEL SYSTEMS,1010 CORPORATE CENTER DR.,SALISBURY,ROWAN,NC,28146,35.622704,-80.490042,NA,NO,Transportation Equipment,Chromium  and Chromium Compounds(except for chromite ore mined in the Transvaal Region),NO
2021,28779JCKSNPOSTO,110001478721.0,JACKSON PAPER MANUFACTURING,152 W MAIN ST,SYLVA,JACKSON,NC,28779,35.375247,-83.21694,JACKSON PAPER MANUFACTURING CO,NO,Paper,Lead,YES
2021,28110HLLYFSECRE,110000348516.0,TYSON FARMS INC,233 S SECREST AVE,MONROE,UNION,NC,28112,34.9815,-80.494566,TYSON FOODS INC,NO,Food,Manganese compounds,NO
2021,28110HLLYFSECRE,110000348516.0,TYSON FARMS INC,233 S SECREST AVE,MONROE,UNION,NC,28112,34.9815,-80.494566,TYSON FOODS INC,NO,Food,Copper compounds,NO
2021,2821WMTVNT6851F,110009719974.0,MOTIVA ENTERPRISES LLC CHARLOTTE NORTH & SOUTH TERMINALS,410 TOM SADLER RD,CHARLOTTE,MECKLENBURG,NC,28214,35.27994,-80.93817,MOTIVA ENTERPRISES LLC,NO,Petroleum Bulk Terminals,Polycyclic aromatic compounds,YES
2021,28461PFZRNEASTM,110000350370.0,ADM SOUTHPORT,1730 E MOORE ST SE,SOUTHPORT,BRUNSWICK,NC,28461,33.94516,-78.00117,ARCHER DANIELS MIDLAND CO,NO,Chemicals,Ammonia,NO
2021,27820GRGPCAMPAC,110000347544.0,GEORGIA-PACIFIC CHEMICALS LLC,200 AMPAC RD,CONWAY,NORTHAMPTON,NC,27820,36.429167,-77.223611,KOCH INDUSTRIES INC,NO,Chemicals,Ammonia,NO
2021,28334MCPGN1600S,110009855914.0,BRAINERD CHEMICAL CO LLC OF NORTH CAROLINA,1600 S WILSON AVENUES,DUNN,HARNETT,NC,28334,35.294444,-78.621111,BRAINERD CHEMICAL CO INC,NO,Chemical Wholesalers,Hydrogen fluoride,NO
2021,27409RFMCR7908P,110067041132.0,QORVO US INC.,7908 PIEDMONT TRIAD PKWY,GREENSBORO,GUILFORD,NC,27409,36.073,-79.96564,QORVO INC,NO,Computers and Electronic Products,Xylene (mixed isomers),NO
2021,28357MNTRFHWY71,110000755772.0,MOUNTAIRE FARMS INC. - LUMBER BRIDGE,17269 NC HWY 71,LUMBER BRIDGE,ROBESON,NC,28357,34.868321,-79.106259,MOUNTAIRE FARMS INC,NO,Food,Peracetic acid,NO
2021,27107STRHC4000O,110000345458.0,ARDAGH METAL BEVERAGE USA INC RE: WINSTON SALEM PLANT,4000 OLD MILWAUKEE LN,WINSTON SALEM,FORSYTH,NC,27107,36.03497,-80.22449,ARDAGH HOLDINGS USA INC,NO,Fabricated Metals,Lead,YES
2021,27849PRDNCHIGHW,110004027320.0,LEWISTON PROCESSING PLANT,3539 GOVERNORS RD,LEWISTON WOODVILLE,BERTIE,NC,27849,36.140066,-77.224466,PERDUE FARMS INC,NO,Food,Nitrate compounds (water dissociable; reportable only when in aqueous solution),NO
2021,27215BRLNG906AN,110009851240.0,BURLINGTON FINISHING PLANT,906 ANTHONY ST,BURLINGTON,ALAMANCE,NC,27217,36.08353,-79.42236,ELEVATE TEXTILES INC,NO,Textiles,N-Methyl-2-pyrrolidone,NO
2021,27215BRLNGWILLO,110000345617.0,APOLLO CHEMICAL,2001 WILLOW SPRINGS LANE,BURLINGTON,ALAMANCE,NC,27215,36.05238,-79.48512,MOUNT VERNON MILLS INC,NO,Chemicals,Certain glycol ethers,NO
2021,28105RXHMC700CR,110000348455.0,TRANSCONTINENTAL MATTHEWS,700 CRESTDALE RD,MATTHEWS,MECKLENBURG,NC,28105,35.1164,-80.7082,TC TRANSCONTINENTAL PACKAGING INC,NO,Plastics and Rubber,"N,N-Dimethylformamide",YES
2021,28405CRNNG310NC,110038493252.0,CORNING INC,310 N COLLEGE RD,WILMINGTON,NEW HANOVER,NC,28405,34.250833,-77.868889,CORNING INC,NO,Nonmetallic Mineral Product,Chlorine,NO
2021,28704DYNTR95GLE,110000351459.0,DAY INTERNATIONAL INC,95 GLENN BRIDGE RD,ARDEN,BUNCOMBE,NC,28704,35.46199,-82.52031,FLINT GROUP NORTH AMERICA CORP,NO,Plastics and Rubber,Zinc compounds,NO
2021,2830WKRRYM22824,110067426495.0,KURARAY AMERICA-FAYETTEVILLE,22824 HWY 87 W,FAYETTEVILLE,BLADEN,NC,28306,34.840301,-78.838889,KURARAY AMERICA INC,NO,Plastics and Rubber,Ethylene glycol,NO
2021,27703CRRSR4600S,110000347321.0,WOLFSPEED INC.,4600 SILICON DR,DURHAM,DURHAM,NC,27703,35.899298,-78.840802,WOLFSPEED INC,NO,Computers and Electronic Products,Manganese compounds,NO
2021,2869WJSTRT186RI,110070551070.0,U.S. CHEMICAL STORAGE LLC,1806 RIVER ST,WILKESBORO,WILKES,NC,28697,36.137753,-81.19141,JUSTRITE SAFETY GROUP,NO,Fabricated Metals,Methyl isobutyl ketone,YES
2021,2815WGRNHC2PARP,110062638597.0,GREENHECK FAN CORP - SHELBY CAMPUS,2000 PARTNERSHIP DRIVE,SHELBY,CLEVELAND,NC,28150,35.3036,-81.6094,GREENHECK FAN CORP,NO,Machinery,Manganese,NO
2021,2869WJSTRT186RI,110070551070.0,U.S. CHEMICAL STORAGE LLC,1806 RIVER ST,WILKESBORO,WILKES,NC,28697,36.137753,-81.19141,JUSTRITE SAFETY GROUP,NO,Fabricated Metals,Copper,NO
2021,28458MRPHY152FA,110045599205.0,MURPHY-BROWN LLC ROSEMARY FEED MILL,152 FARROW TO FINISH LN,ROSE HILL,DUPLIN,NC,28458,34.807072,-78.023775,MURPHY BROWN LLC,NO,Food,Zinc (fume or dust),NO
2021,27021CRSTB3BIGA,110031002313.0,CRES TOBACCO CO INC,3000 BIG OAKS DR,KING,FORSYTH,NC,27021,36.254972,-80.375833,PYXUS INTERNATIONAL INC,NO,Tobacco,Nicotine and salts,NO
2021,27360THMSM1024R,110000496534.0,BRASSCRAFT - THOMASVILLE,1024 RANDOLPH ST,THOMASVILLE,DAVIDSON,NC,27360,35.86641,-80.07204,MASCO CORP,NO,Fabricated Metals,Copper  And Copper Compounds,NO
2021,2868WPDMNT132HI,110038043417.0,PIEDMONT COMPOSITES & TOOLING LLC,33 LEWITTIES ROAD,TAYLORSVILLE,ALEXANDER,NC,28681,35.91724,-81.14515,NA,NO,Plastics and Rubber,Styrene,YES
2021,27806TXSGLHIGHW,110000586376.0,PCS PHOSPHATE CO INC,1530 NC HWY 306 S,AURORA,BEAUFORT,NC,27806,35.37745,-76.778816,POTASH HOLDING CO INC,NO,Chemicals,Zinc compounds,NO
2021,27542CNSTG621JH,110001482681.0,CONESTOGA KENLY PLANT & SPRAYROOM,621 JOHNSTON PKWY,KENLY,JOHNSTON,NC,27542,35.57866,-78.14866,CONESTOGA WOOD SPECIALTIES CORP,NO,Wood Products,Xylene (mixed isomers),NO
2021,27261HGHPN255BE,110000751525.0,KAO SPECIALTIES AMERICAS LLC,243 WOODBINE ST,HIGH POINT,GUILFORD,NC,27260,35.92333,-80.02967,KAO CORP,NO,Chemicals,Methanol,NO
2021,2857WFRNKD413HW,110043670382.0,FRANK DOOR CO,413 HOWARD BLVD,NEWPORT,CARTERET,NC,28570,34.78899,-76.87292,NA,NO,Fabricated Metals,Diisocyanates,NO
2021,27030NRTHC511CA,110000345172.0,BARNHARDT MANUFACTURING CO NCFI POLYURETHANES DIV,1515 CARTER ST,MOUNT AIRY,SURRY,NC,27030,36.472778,-80.608611,BARNHARDT MANUFACTURING CO,NO,Plastics and Rubber,Diisocyanates,NO
2021,27730GNRLTROUTE,110000615228.0,GENERAL TIMBER INC,625 FARMVILLE MINE RD,SANFORD,CHATHAM,NC,27330,35.5648,-79.2116,NA,NO,Wood Products,Chromium compounds (except for chromite ore mined in the Transvaal Region),NO
2021,27730GNRLTROUTE,110000615228.0,GENERAL TIMBER INC,625 FARMVILLE MINE RD,SANFORD,CHATHAM,NC,27330,35.5648,-79.2116,NA,NO,Wood Products,Creosote,YES
2021,27359HNDPWHONDA,110056965020.0,NORTH CAROLINA MANUFACTURING,3721 NC HWY 119,SWEPSONVILLE,ALAMANCE,NC,27359,36.030792,-79.342882,AMERICAN HONDA MOTOR CO INC,NO,Machinery,Copper,NO
2021,28689SMRSLHWY90,110007119448.0,SOMERS LUMBER & MANUFACTURING INC.,HWY 901,UNION GROVE,IREDELL,NC,28689,36.02404,-80.86184,NA,NO,Wood Products,Lead  And Lead Compounds,NO
2021,27260PDMNT331BU,110000496491.0,PIEDMONT CHEMICAL INDUSTRIES I LLC,331 BURTON AVE,HIGH POINT,GUILFORD,NC,27262,35.93713,-80.03369,SYNTHA GROUP INC,NO,Chemicals,Maleic anhydride,NO
2021,27877RSNLLWATER,110006848322.0,RESINALL CORP,302 N WATER ST,SEVERN,NORTHAMPTON,NC,27877,36.512899,-77.189712,ERGON INC,NO,Chemicals,Ethylbenzene,YES
2021,2827WSFTYK124GD,110009717128.0,SAFETY-KLEEN SYSTEMS INC,12040 GOODRICH DR,CHARLOTTE,MECKLENBURG,NC,28273,35.12617,-80.96417,CLEAN HARBORS INC,NO,Hazardous Waste,Ethylene glycol,NO
2021,27282CHMCN108OA,110000345957.0,UNIVAR SOLUTIONS USA INC,108 OAKDALE RD,JAMESTOWN,GUILFORD,NC,27282,35.99347,-79.93371,UNIVAR SOLUTIONS USA INC,NO,Chemical Wholesalers,Methanol,NO
2021,28603SCRTLSTATE,110000350637.0,CORNING OPTICAL COMMUNICATIONS LLC-HMTC,1164 23RD ST SE,HICKORY,CATAWBA,NC,28602,35.71095,-81.29267,CORNING INC,NO,Electrical Equipment,Zinc compounds,NO
2021,28086FRSTN100FI,110001494874.0,FIRESTONE FIBERS & TEXTILES CO,100 FIRESTONE LN,KINGS MOUNTAIN,GASTON,NC,28086,35.23088,-81.31827,BRIDGESTONE AMERICAS INC,NO,Textiles,"Hydrochloric acid (acid aerosols including mists, vapors, gas, fog, and other airborne forms of any particle size)",NO
2021,2729WGGRLX3EGGE,110070386075.0,EGGER - LEXINGTON PARTICLEBOARD PLANT,300 EGGER PARKWAY,LINWOOD,DAVIDSON,NC,27299,35.7378,-80.345,NA,NO,Wood Products,Methanol,NO
2021,28273WRTHC11750,110000349711.0,BRENNTAG MID-SOUTH,11750 FRUEHAUF DR,CHARLOTTE,MECKLENBURG,NC,28273,35.12582,-80.95812,BRENNTAG NORTH AMERICA INC,NO,Chemical Wholesalers,n-Butyl alcohol,NO
2021,27253STHTL3025S,110009857654.0,SOUTH ATLANTIC GALVANIZING,3025 STEEL WAY DR,GRAHAM,ALAMANCE,NC,27253,35.99601,-79.28938,SOUTH ATLANTIC LLC,NO,Fabricated Metals,Lead,YES
2021,28392CRLNFHWY87,110007377338.0,SMITHFIELD-TAR HEEL,15855 HWY 87 WEST,TAR HEEL,BLADEN,NC,28392,34.7465,-78.8061,UNITED GLOBAL FOODS US HOLDINGS INC,NO,Food,Nitrate compounds (water dissociable; reportable only when in aqueous solution),NO
2021,27525NVBCHSTATE,110000346849.0,NOVOZYMES NA INC,77 PERRY CHAPEL CHURCH RD,FRANKLINTON,FRANKLIN,NC,27525,36.098611,-78.410556,NOVOZYMES US INC,NO,Chemicals,Nitric acid,NO
2021,28456FDRLPRIEGE,110009719304.0,INTERNATIONAL PAPER RIEGELWOOD MILL,865 JOHN L.RIEGEL RD,RIEGELWOOD,COLUMBUS,NC,28456,34.3522,-78.2125,INTERNATIONAL PAPER CO,NO,Paper,Chloromethane,NO
2021,28075GLVNNHWY49,110006844969.0,GALVAN INDUSTRIES INC,7315 GALVAN WAY,HARRISBURG,CABARRUS,NC,28075,35.31429,-80.67935,GALVAN INDUSTRIES,NO,Fabricated Metals,Lead compounds,NO
2021,2732WCMCMN29VAN,110070121546.0,CAMCO MANUFACTURING INC,2900 VANCE ST EXTENSION,REIDSVILLE,ROCKINGHAM,NC,27320,36.349549,-79.697809,CAMCO MANUFACTURING INC,NO,Chemicals,Nitrate compounds (water dissociable; reportable only when in aqueous solution),NO
2021,27017WYNFR1018E,110000345109.0,WAYNE FARMS LLC - DOBSON FRESH PLANT,802 E ATKINS ST,DOBSON,SURRY,NC,27017,36.390989,-80.711483,CONTINENTAL GRAIN CO,NO,Food,Peracetic acid,NO
2021,27229PRDNCSTATE,110007376865.0,PERDUE AGRIBUSINESS LLC-COFIELD NC,242 PERDUE RD,COFIELD,HERTFORD,NC,27922,36.36325,-76.89573,PERDUE FARMS INC,NO,Food,Manganese compounds,NO
2021,27870CHMPNNORTH,110037266990.0,WESTROCK KRAFT PAPER LLC,100 GASTON RD,ROANOKE RAPIDS,HALIFAX,NC,27870,36.476037,-77.643173,WESTROCK CO,NO,Paper,Phenol,NO
2021,28337CMPBL1106W,110000349891.0,CAMPBELL OIL & GAS CO.,1106 W BROAD ST,ELIZABETHTOWN,BLADEN,NC,28337,34.63212,-78.616874,CAMPBELL OIL & GAS CO,NO,Petroleum Bulk Terminals,Toluene,NO
2021,28210FRTLY2911N,110000349383.0,FRITO-LAY,2911 NEVADA BLVD,CHARLOTTE,MECKLENBURG,NC,28273,35.11746,-80.94108,PEPSICO INC,NO,Food,Nitric acid,NO
2021,28335WRRNL234US,110037964352.0,WARREN OIL CO LLC - DUNN NC,2340 US-301 N,DUNN,HARNETT,NC,28334,35.33032,-78.59476,WARREN OIL CO LLC,NO,Petroleum,Methanol,NO
2021,28682DKNRG8320E,110000351397.0,DUKE ENERGY CAROLINAS LLC - MARSHALL STEAM STATION,8320 E NC 150 HWY,TERRELL,CATAWBA,NC,28682,35.5983,-80.9636,DUKE ENERGY CORP,NO,Electric Utilities,Nickel compounds,YES
2021,28213NCLCH14700,110059780198.0,MALLARD CREEK POLYMERS,2800 MOREHEAD RD,CHARLOTTE,MECKLENBURG,NC,28262,35.350334,-80.714847,NA,NO,Chemicals,Styrene,YES
2021,28301NCPRD396CE,110005985791.0,OLDCASTLE PRECAST INC,3960 CEDAR CREEK RD,FAYETTEVILLE,CUMBERLAND,NC,28301,34.97797,-78.77221,CRH AMERICAS INC,NO,Nonmetallic Mineral Product,Mercury compounds,NO
2021,27052DKNRGPINEH,110000604141.0,DUKE ENERGY CAROLINAS LLC - BELEWS CREEK STEAM STATION,3195 PINE HALL RD,WALNUT COVE,STOKES,NC,27052,36.281338,-80.059438,DUKE ENERGY CORP,NO,Electric Utilities,Ammonia,NO
2021,2740WNTDMT137BL,110071043364.0,UNITED METAL FINISHING INC.,137 BLUE BELL ROAD,GREENSBORO,GUILFORD,NC,27406,36.027908,-79.789559,NA,NO,Fabricated Metals,Lead,YES
2021,27343RXBRS1700D,110000346386.0,DUKE ENERGY PROGRESS LLC - ROXBORO STEAM ELECTRIC PLANT,1700 DUNNAWAY RD,SEMORA,PERSON,NC,27343,36.4833,-79.0731,DUKE ENERGY CORP,NO,Electric Utilities,"Hydrochloric acid (acid aerosols including mists, vapors, gas, fog, and other airborne forms of any particle size)",NO
2021,28328CMPBL224FA,110000349837.0,CAMPBELL OIL & GAS CO.,224 FAISON HWY,CLINTON,SAMPSON,NC,28328,35.00735,-78.30882,CAMPBELL OIL & GAS CO,NO,Petroleum Bulk Terminals,Benzene,YES
2021,28120HCHSTPOBOX,110000348687.0,CLARIANT CORP-MOUNT HOLLY WEST PLANT,625 E CATAWBA AVE,MOUNT HOLLY,GASTON,NC,28120,35.295833,-81.006667,CLARIANT CORP,NO,Chemicals,Ethylene oxide,YES
2021,27107STRCT1725V,110001493615.0,STRUCTURAL STEEL OF CAROLINA,1720 VARGRAVE ST,WINSTON SALEM,FORSYTH,NC,27107,36.07636,-80.22982,STRUCTURAL STEEL OF CAROLINA,NO,Fabricated Metals,Chromium,NO
2021,2720WTCHNM18CMM,110007663858.0,TECHNIMARK LLC,180 COMMERCE PL,ASHEBORO,RANDOLPH,NC,27203,35.77847,-79.81155,NA,NO,Plastics and Rubber,Copper,NO
2021,28111TLDYN2020A,110000348589.0,ATI SPECIALTY MATERIALS - MONROE PLANT,2020 ASHCRAFT AVE,MONROE,UNION,NC,28110,34.984,-80.51337,ALLEGHENY TECHNOLOGIES INC,NO,Primary Metals,Chromium,NO
2021,27105RJRYN1101R,110000345332.0,R J REYNOLDS TOBACCO CO WHITAKER PARK,4040 REYNOLDS COURT,WINSTON SALEM,FORSYTH,NC,27105,36.134274,-80.257781,REYNOLDS AMERICAN INC,NO,Tobacco,Nicotine and salts,NO
2021,28315CRLNGSR207,110000349793.0,ERICO INTERNATIONAL CORP,188 CAROLINA RD,ABERDEEN,MOORE,NC,28315,35.11347,-79.38958,NVENT ELECTRIC PLC,NO,Primary Metals,Nickel,YES
2021,28337VDRRT2100W,110009858261.0,DYNAPAR CORP DBA SPECIALTY PRODUCT TECHNOLOGIES,2100 W BROAD ST,ELIZABETHTOWN,BLADEN,NC,28337,34.63544,-78.63121,FORTIVE CORP,NO,Computers and Electronic Products,Mercury,NO
2021,28302CMRCSPOBOX,110022439798.0,DAK AMERICAS LLC,3216 CEDAR CREEK RD,FAYETTEVILLE,CUMBERLAND,NC,28312,34.98305,-78.78722,DAK AMERICAS LLC,NO,Chemicals,"1,4-Dioxane",YES
2021,27702STHCH2000E,110000347303.0,BRENNTAG MID-SOUTH,2000 E PETTIGREW ST,DURHAM,DURHAM,NC,27703,35.979401,-78.880293,BRENNTAG NORTH AMERICA INC,NO,Chemical Wholesalers,Ammonia,NO
2021,2813WCNSTR1221N,110043550092.0,CONTROLS SOUTHEAST INC.,12201 NATIONS FORD RD,PINEVILLE,MECKLENBURG,NC,28134,35.099108,-80.915766,AMETEK INC,NO,Fabricated Metals,Nickel,YES
2021,27028NGRSL501SA,110000345145.0,INGERSOLL-RAND CO-MOCKSVILLE OPERATIONS,501 SANFORD AVE,MOCKSVILLE,DAVIE,NC,27028,35.89166,-80.56909,INGERSOLL-RAND CO,NO,Machinery,Nickel,YES
2021,27292PPGNDNEWJE,110000346082.0,ELECTRIC GLASS FIBER AMERICA LLC,473 NEW JERSEY CHURCH RD,LEXINGTON,DAVIDSON,NC,27292,35.75525,-80.28116,NIPPON ELECTRIC GLASS AMERICA INC,NO,Nonmetallic Mineral Product,Lead,YES
2021,2811WCNCRT119NS,110001496382.0,CONCRETE SUPPLY CO LLC-MONROE,1109 N SUTHERLAND RD,MONROE,UNION,NC,28110,34.99606,-80.52846,CONCRETE SUPPLY CO LLC,NO,Nonmetallic Mineral Product,Lead  And Lead Compounds,NO
2021,28302DPNTFHIGHW,110000559609.0,CHEMOURS CO - FAYETTEVILLE WORKS,22828 NC HWY 87 W,FAYETTEVILLE,BLADEN,NC,28306,34.8419,-78.8388,THE CHEMOURS CO,NO,Chemicals,Hexafluoropropylene oxide dimer acid ammonium salt,NO
2021,28269BNDLC4823N,110001497489.0,BENDEL TANK & HEAT EXCHANGER LLC,4823 N GRAHAM ST,CHARLOTTE,MECKLENBURG,NC,28269,35.280481,-80.805891,TRANSTECH ENERGY LLC,NO,Fabricated Metals,Copper,NO
2021,27320BHMFLROUTE,110009856165.0,DYSTAR LP,209 WATLINGTON IND US TRIAL DR,REIDSVILLE,ROCKINGHAM,NC,27320,36.32093,-79.64907,DYSTAR LP,NO,Chemicals,Acrylic acid,NO
2021,28458VLLYPHWY11,110000604294.0,VALLEY PROTEINS INC-ROSE HILL FACILITY,469 YELLOW CUT RD,ROSE HILL,DUPLIN,NC,28458,34.838207,-78.035053,VALLEY PROTEINS INC,NO,Food,n-Hexane,NO
2021,2820WWPKCR61GUL,110060289272.0,WEPAK CORP,601 GULF DR,CHARLOTTE,MECKLENBURG,NC,28208,35.26803,-80.89667,WEPAK CORP,NO,Chemicals,Certain glycol ethers,NO
2021,28739BLDNGHIGHW,110007658267.0,COATS NA HENDERSONVILLE PLANT,1710 BREVARD RD,HENDERSONVILLE,HENDERSON,NC,28791,35.319956,-82.479684,COATS NORTH AMERICA,NO,Textiles,Formaldehyde,YES
2021,27806TXSGLHIGHW,110000586376.0,PCS PHOSPHATE CO INC,1530 NC HWY 306 S,AURORA,BEAUFORT,NC,27806,35.37745,-76.778816,POTASH HOLDING CO INC,NO,Chemicals,Beryllium compounds,YES
2021,27520MLSNCHWY70,110000745187.0,GRIFOLS THERAPEUTICS LLC,8368 US 70 B US HWY W,CLAYTON,JOHNSTON,NC,27520,35.61961,-78.42068,GRIFOLS THERAPEUTICS LLC,NO,Chemicals,Methanol,NO
2021,27115DRYFR2221P,110000345485.0,DFA DAIRY BRANDS FLUID LLC DBA PET DAIRY,2221 N PATTERSON AVE,WINSTON SALEM,FORSYTH,NC,27105,36.11747,-80.241629,DAIRY FARMERS OF AMERICA INC,NO,Food,Nitrate compounds (water dissociable; reportable only when in aqueous solution),NO
2021,28352MNVLLPOBOX,110000349980.0,RAILROAD FRICTION PRODUCTS CORP,13601 AIRPORT RD,MAXTON,SCOTLAND,NC,28364,34.762788,-79.370238,WABTEC CORP,NO,Transportation Equipment,Thiram,NO
2021,28307DPTFRDIREC,110064176877.0,U.S. ARMY FORT BRAGG,DPW ENV COMPLIANCE BRANCH BLDG 3-1137 REILLY RD,FORT BRAGG,CUMBERLAND,NC,28310,35.15705,-79.00036,US DEPARTMENT OF DEFENSE,YES,Other,Aluminum (fume or dust),NO
2021,2821WCNCRT4MINU,110009717066.0,CONCRETE SUPPLY CO - SOUTH PLANT,400 MINUET LN,CHARLOTTE,MECKLENBURG,NC,28217,35.16766,-80.88231,CONCRETE SUPPLY CO LLC,NO,Nonmetallic Mineral Product,Nitrate compounds (water dissociable; reportable only when in aqueous solution),NO
2021,2752WNVNRD3612P,110000800535.0,"NOVO NORDISK PHARMACEUTICALS INDUSTRIES ,LP",3612 POWHATAN RD,CLAYTON,JOHNSTON,NC,27527,35.61728,-78.40945,NOVO NORDISK HOLDINGS INC,NO,Chemicals,m-Cresol,NO
2021,2813WCLNLC18NAT,110070126578.0,COLONIAL CHEMICAL SOLUTIONS INC.,10800 NATIONS FORD ROAD,PINEVILLE,MECKLENBURG,NC,28134,35.11502,-80.91098,COLONIAL GROUP INC,NO,Chemical Wholesalers,Ammonia,NO
2021,27215BRLNGWILLO,110000345617.0,APOLLO CHEMICAL,2001 WILLOW SPRINGS LANE,BURLINGTON,ALAMANCE,NC,27215,36.05238,-79.48512,MOUNT VERNON MILLS INC,NO,Chemicals,Methanol,NO
2021,27242PRDNCHWY21,110009716281.0,PERDUE FARMS INC EAGLE SPRINGS FEEDMILL,HIGHWAY 211 EAST - 351 PERDUE WAY,CANDOR,MOORE,NC,27229,35.300916,-79.703216,PERDUE FARMS INC,NO,Food,Manganese compounds,NO
2021,28075MNRLRHWY49,110057679739.0,VENATOR CHEMICALS LLC,5910 PHARR MILL RD,HARRISBURG,CABARRUS,NC,28075,35.33417,-80.6177,VENATOR AMERICAS LLC,NO,Chemicals,Ammonia,NO
2021,28302BRDNN1411I,110009846471.0,HEXION INC-FAYETTEVILLE FACILITY,1411 INDUSTRIAL DR,FAYETTEVILLE,CUMBERLAND,NC,28301,35.0299,-78.86319,HEXION HOLDINGS CORP,NO,Chemicals,Sodium nitrite,NO
2021,28655DNCRP105WA,110000351066.0,MERITOR HEAVY VEHICLE SYSTEMS LLC,105 WAMSUTTA MILL RD,MORGANTON,BURKE,NC,28655,35.74732,-81.70984,MERITOR INC,NO,Transportation Equipment,Chromium,NO
2021,28451CTNGSRTE74,110004045701.0,COATINGS & ADHESIVES CORP,1901 POPULAR ST NE,LELAND,BRUNSWICK,NC,28451,34.251633,-78.070816,NA,NO,Chemicals,Styrene,YES
2021,27052DKNRGPINEH,110000604141.0,DUKE ENERGY CAROLINAS LLC - BELEWS CREEK STEAM STATION,3195 PINE HALL RD,WALNUT COVE,STOKES,NC,27052,36.281338,-80.059438,DUKE ENERGY CORP,NO,Electric Utilities,Nickel compounds,YES
2021,28166NGNRD250OL,110000349169.0,ENGINEERED SINTERED COMPONENTS,250 OLD MURDOCK RD,TROUTMAN,IREDELL,NC,28166,35.7102,-80.8898,NA,NO,Fabricated Metals,Methanol,NO
2021,27702STHCH2000E,110000347303.0,BRENNTAG MID-SOUTH,2000 E PETTIGREW ST,DURHAM,DURHAM,NC,27703,35.979401,-78.880293,BRENNTAG NORTH AMERICA INC,NO,Chemical Wholesalers,Certain glycol ethers,NO
2021,2809WRBRTB198IN,110007657393.0,ROBERT BOSCH TOOL CORP,1980 INDIAN CREEK RD,LINCOLNTON,LINCOLN,NC,28092,35.42703,-81.27058,ROBERT BOSCH LLC,NO,Fabricated Metals,Lead,YES
2021,27410SHRWN113ST,110000346741.0,SHERWIN-WILLIAMS CO,113 STAGE COACH TRAIL,GREENSBORO,GUILFORD,NC,27409,36.07644,-79.91277,THE SHERWIN-WILLIAMS CO,NO,Chemicals,Toluene,NO
2021,27410SHRWN113ST,110000346741.0,SHERWIN-WILLIAMS CO,113 STAGE COACH TRAIL,GREENSBORO,GUILFORD,NC,27409,36.07644,-79.91277,THE SHERWIN-WILLIAMS CO,NO,Chemicals,Methyl isobutyl ketone,YES
2021,28025MRCHM723CO,110000348035.0,AMERICHEM INC CNC,723 COMMERCE DR,CONCORD,CABARRUS,NC,28025,35.378066,-80.58515,AMERICHEM INC,NO,Chemicals,Antimony compounds,NO
2021,27573MYLCT10660,110057382666.0,DUKE ENERGY PROGRESS LLC-MAYO ELECTRIC GENERATING PLANT,10660 BOSTON RD,ROXBORO,PERSON,NC,27574,36.5278,-78.8917,DUKE ENERGY CORP,NO,Electric Utilities,Lead  And Lead Compounds,NO
2021,28758BRNFRPOBOX,110018548124.0,HAYNES WIRE CO,158 N EGERTON RD,HENDERSONVILLE,HENDERSON,NC,28792,35.37292,-82.48722,HAYNES INTERNATIONAL INC,NO,Primary Metals,Chromium,NO
2021,27835GRDYWGREEN,110000347606.0,GRADY WHITE BOATS INC.,5121 MARTIN LUTHER KING JR HWY,GREENVILLE,PITT,NC,27834,35.649613,-77.34405,NA,NO,Transportation Equipment,Xylene (mixed isomers),NO
2021,2880WDVSTL4MEAD,110004012452.0,DAVE STEEL CO INC,40 MEADOW RD,ASHEVILLE,BUNCOMBE,NC,28803,35.56675,-82.55259,DAVE STEEL CO INC,NO,Fabricated Metals,Nickel,YES
2021,28270QNTMC1337N,110015680949.0,QUANTUM COATINGS INC,1337 WOOD BRANCH DR,CHARLOTTE,MECKLENBURG,NC,28273,35.12449,-80.92538,NA,NO,Chemicals,Diethanolamine,NO
2021,28804RVCSC275AI,110009296699.0,THERMO FISHER SCIENTIFIC,275 AIKEN RD,ASHEVILLE,BUNCOMBE,NC,28804,35.6849,-82.57636,THERMO FISHER SCIENTIFIC INC,NO,Machinery,Zinc (fume or dust),NO
2021,28110MDLVLAIRPO,110000348525.0,CIRCOR PUMPS N.A. LLC,1710 AIRPORT RD,MONROE,UNION,NC,28110,35.02691,-80.61957,CIRCOR INTERNATIONAL INC,NO,Machinery,Lead,YES
2021,28052WXDNCNORTH,110000586544.0,MANN+HUMMEL FILTRATION TECHNOLOGY - ALLEN PLANT,2900 NW BLVD,GASTONIA,GASTON,NC,28052,35.27638,-81.22267,MANN+HUMMEL USA INC,NO,Transportation Equipment,Ethylene glycol,NO
2021,28813SCHWTHWY19,110018786214.0,BORGWARNER TURBO SYSTEMS,1849 BREVARD RD,ARDEN,BUNCOMBE,NC,28704,35.47829,-82.57502,BORGWARNER INC,NO,Machinery,Copper,NO
2021,28752DDGRC100RO,110000351574.0,DODGE INDUSTRIAL,510 ROCKWELL DR,MARION,MCDOWELL,NC,28752,35.645091,-81.986234,RBC BEARINGS INC,NO,Fabricated Metals,Manganese,NO
2021,27406STCKH2408D,110000346607.0,SOLENIS LLC,2401 DOYLE ST,GREENSBORO,GUILFORD,NC,27406,36.0441,-79.78814,PLATINUM EQUITY ADVISORS LLC,NO,Chemicals,Acrylamide,YES
2021,28502DPNTKNCHIG,110043785909.0,DUPONT KINSTON PLANT,4693 HIGHWAY 11 N,GRIFTON,LENOIR,NC,28530,35.3306,-77.4772,DUPONT DE NEMOURS INC,NO,Chemicals,n-Butyl alcohol,NO
2021,27027NFNCXCARDW,110056322304.0,STURM RUGER & CO INC,271 CARDWELL RD,MAYODAN,ROCKINGHAM,NC,27027,36.4031,-79.95643,STURM RUGER & CO INC,NO,Fabricated Metals,Copper,NO
2021,28638CHMCLPOBOX,110000350913.0,RPM WOOD FINISHES GROUP INC,3194 HICKORY BLVD,HUDSON,CALDWELL,NC,28638,35.84148,-81.46758,RPM INTERNATIONAL INC,NO,Chemicals,Toluene,NO
2021,28352MRPHY19600,110001499183.0,MURPHY-BROWN LLC LAURINBURG FEED MILL,19600 ANDREW JACKSON HWY BUSINESS 74 E,LAURINBURG,SCOTLAND,NC,28352,34.761382,-79.417153,MURPHY BROWN LLC,NO,Food,Manganese  And Manganese Compounds,NO
2021,27407BRLNG6008H,110012656697.0,ALBERDINGK BOLEY INC,6008 WEST GATE CITY BOULEVARD,GREENSBORO,GUILFORD,NC,27407,36.00477,-79.90461,NA,NO,Chemicals,Acrylic acid,NO
2021,27806TXSGLHIGHW,110000586376.0,PCS PHOSPHATE CO INC,1530 NC HWY 306 S,AURORA,BEAUFORT,NC,27806,35.37745,-76.778816,POTASH HOLDING CO INC,NO,Chemicals,"Sulfuric acid (acid aerosols including mists, vapors, gas, fog, and other airborne forms of any particle size)",NO
2021,27052DKNRGPINEH,110000604141.0,DUKE ENERGY CAROLINAS LLC - BELEWS CREEK STEAM STATION,3195 PINE HALL RD,WALNUT COVE,STOKES,NC,27052,36.281338,-80.059438,DUKE ENERGY CORP,NO,Electric Utilities,Beryllium compounds,YES
2021,27052DKNRGPINEH,110000604141.0,DUKE ENERGY CAROLINAS LLC - BELEWS CREEK STEAM STATION,3195 PINE HALL RD,WALNUT COVE,STOKES,NC,27052,36.281338,-80.059438,DUKE ENERGY CORP,NO,Electric Utilities,"Hydrochloric acid (acid aerosols including mists, vapors, gas, fog, and other airborne forms of any particle size)",NO
2021,2869WJSTRT186RI,110070551070.0,U.S. CHEMICAL STORAGE LLC,1806 RIVER ST,WILKESBORO,WILKES,NC,28697,36.137753,-81.19141,JUSTRITE SAFETY GROUP,NO,Fabricated Metals,Styrene,YES
2021,27709SCMMT2601W,110000347401.0,SCM METAL PRODUCTS INC,2601 WECK DR,RESEARCH TRIANGLE PARK,DURHAM,NC,27709,35.93214,-78.84981,NA,NO,Primary Metals,Copper  And Copper Compounds,NO
2021,27565LMYNC1501W,110000347027.0,REVLON CONSUMER PRODUCTS CORP,1501 WILLIAMSBORO ST,OXFORD,GRANVILLE,NC,27565,36.3164,-78.5559,REVLON CONSUMER PRODUCTS CORP,NO,Chemicals,p-Phenylenediamine,NO
2021,27021CRSTB3BIGA,110031002313.0,CRES TOBACCO CO INC,3000 BIG OAKS DR,KING,FORSYTH,NC,27021,36.254972,-80.375833,PYXUS INTERNATIONAL INC,NO,Tobacco,Ammonia,NO
2021,28658NCLLY1401B,110000351191.0,HUNTINGTON ALLOYS CORP SPECIAL METALS WELDING PRODUCTS,1401 BURRIS RD,NEWTON,CATAWBA,NC,28658,35.68105,-81.1962,BERKSHIRE HATHAWAY INC,NO,Primary Metals,Nickel,YES
2021,28655MLDDP213RE,110000351119.0,MOLDED FIBER GLASS NORTH CAROLINA,213 REEP DR,MORGANTON,BURKE,NC,28655,35.72082,-81.75862,MOLDED FIBER GLASS CO,NO,Plastics and Rubber,Styrene,YES
2021,28502DPNTKNCHIG,110043785909.0,DUPONT KINSTON PLANT,4693 HIGHWAY 11 N,GRIFTON,LENOIR,NC,28530,35.3306,-77.4772,DUPONT DE NEMOURS INC,NO,Chemicals,Acrolein,NO
2021,27806TXSGLHIGHW,110000586376.0,PCS PHOSPHATE CO INC,1530 NC HWY 306 S,AURORA,BEAUFORT,NC,27806,35.37745,-76.778816,POTASH HOLDING CO INC,NO,Chemicals,Methyl isobutyl ketone,YES
2021,27406VNKST241DY,110067042122.0,EVONIK SUPERABSORBER LLC,2401 DOYLE ST,GREENSBORO,GUILFORD,NC,27406,36.0441,-79.78814,EVONIK CORP,NO,Chemicals,Maleic anhydride,NO
2021,28456FDRLPRIEGE,110009719304.0,INTERNATIONAL PAPER RIEGELWOOD MILL,865 JOHN L.RIEGEL RD,RIEGELWOOD,COLUMBUS,NC,28456,34.3522,-78.2125,INTERNATIONAL PAPER CO,NO,Paper,"Benzo[g,h,i]perylene",NO
2021,2791WNVVPL142NC,110071286085.0,ENVIVA PELLETS LLC - AHOSKIE FACILITY,142 NC HIGHWAY 561 E,AHOSKIE,HERTFORD,NC,27910,36.269338,-76.964464,ENVIVA LP,NO,Wood Products,Methanol,NO
2021,28139RVSBRRAILR,110000586624.0,TRELLEBORG COATED SYSTEMS US INC,715 RAILROAD AVE & HWY 74,RUTHERFORDTON,RUTHERFORD,NC,28139,35.37798,-81.94629,TRELLEBORG INDUSTRIES,NO,Textiles,Antimony compounds,NO
2021,28159FNTXNI85AN,110000349114.0,INNOSPEC ACTIVE CHEMICALS,500 HINKLE LANE,SALISBURY,ROWAN,NC,28144,35.7037,-80.41267,INNOSPEC INC,NO,Chemicals,Diethanolamine,NO
2021,2757WRGSRD52WMA,110060257993.0,ARGOS READY MIX SMITHFIELD CONCRETE PLANT,502 W. MARKET STREET,SMITHFIELD,JOHNSTON,NC,27577,35.517416,-78.35465,ARGOS USA CORP,NO,Nonmetallic Mineral Product,Lead,YES
2021,27886RSYST3301N,110001503748.0,JOHNSON CONTROLS INC,3301 N MAIN ST,TARBORO,EDGECOMBE,NC,27886,35.927533,-77.566283,JOHNSON CONTROLS INC,NO,Fabricated Metals,Certain glycol ethers,NO
2021,27330SMNSN5000W,110067041542.0,CATERPILLAR INC,5000 WOMACK RD,SANFORD,LEE,NC,27330,35.54703,-79.1716,CATERPILLAR INC,NO,Machinery,Ethylene glycol,NO
2021,27909CHSPKKNOBB,110000347893.0,UFP ELIZABETH CITY LLC,141 KNOBBS CREEK DR,ELIZABETH CITY,PASQUOTANK,NC,27909,36.317946,-76.215104,UFP INDUSTRIES INC,NO,Wood Products,Copper compounds,NO
2021,2842WSWSPP15LAN,110006175977.0,S&W SUPPLY PLANT,150 LANDFILL ROAD,BOLIVIA,BRUNSWICK,NC,28422,34.04252,-78.25323,TITAN AMERICA LLC,NO,Nonmetallic Mineral Product,Lead,YES
2021,27403MRFLX2110H,110000346527.0,VERTELLUS GREENSBORO LLC,2110 W GATE CITY BLVD,GREENSBORO,GUILFORD,NC,27403,36.05963,-79.82714,V GLOBAL HOLDINGS LLC,NO,Chemicals,Diisocyanates,NO
2021,28052FRSTN37SDA,110069533464.0,FIRESTONE FIBERS & TEXTILES CO,317 S DALTON ST,GASTONIA,GASTON,NC,28052,35.25885,-81.1989,BRIDGESTONE AMERICAS INC,NO,Textile Product,Ammonia,NO
2021,28392CRLNFHWY87,110007377338.0,SMITHFIELD-TAR HEEL,15855 HWY 87 WEST,TAR HEEL,BLADEN,NC,28392,34.7465,-78.8061,UNITED GLOBAL FOODS US HOLDINGS INC,NO,Food,Chlorine dioxide,NO
2021,27204PGHLC701MC,110000345555.0,PUGH LUBRICANTS - ASHEBORO,701 MCDOWELL RD,ASHEBORO,RANDOLPH,NC,27205,35.66982,-79.82894,CADENCE PETROLEUM GROUP,NO,Petroleum Bulk Terminals,Zinc compounds,NO
2021,28677STHRNHWY70,110000351342.0,SOUTHERN STATES COOP INC,2582 SALISBURY HWY,STATESVILLE,IREDELL,NC,28677,35.757032,-80.796343,SOUTHERN STATES COOP INC,NO,Chemicals,Ammonia,NO
2021,28145SNHRBNLONG,110009715380.0,MERIDIAN BRICK- SALISBURY PLANT,700 S LONG ST,EAST SPENCER,ROWAN,NC,28039,35.67901,-80.4425,GENERAL SHALE BRICK INC,NO,Nonmetallic Mineral Product,Lead,YES
2021,28027LDCST495ST,110009716423.0,OLDCASTLE PRECAST INC,4905 STOUGH RD,CONCORD,CABARRUS,NC,28025,35.34809,-80.61212,CRH AMERICAS INC,NO,Nonmetallic Mineral Product,Lead compounds,NO
2021,28456NTRNT361FE,110000861620.0,WEST FRASER ARMOUR LUMBER MILL,361 FEDERAL RD,RIEGELWOOD,COLUMBUS,NC,28456,34.339129,-78.241186,WEST FRASER TIMBER CO LTD,NO,Wood Products,Methanol,NO
2021,28803NSNNG41SWE,110004021594.0,UNISON ENGINE COMPONENTS,401 SWEETEN CREEK INDUSTRIAL PARK,ASHEVILLE,BUNCOMBE,NC,28803,35.54868,-82.5188,GENERAL ELECTRIC CO (GE CO),NO,Transportation Equipment,Nickel,YES
2021,2811WPRTPS41VAN,110064433377.0,PRO-TOPS INC.,4001 VAN DYKE CT,MONROE,UNION,NC,28110,35.06697,-80.63452,NA,NO,Nonmetallic Mineral Product,Methyl methacrylate,NO
2021,27870MLLCNWEST1,110009719144.0,CULPEPER OF ROANOKE RAPIDS LLC,2262 W 10TH ST,ROANOKE RAPIDS,HALIFAX,NC,27870,36.4634,-77.6892,JEFFERSON HOMEBUILDERS INC,NO,Wood Products,Copper compounds,NO
2021,27343RXBRS1700D,110000346386.0,DUKE ENERGY PROGRESS LLC - ROXBORO STEAM ELECTRIC PLANT,1700 DUNNAWAY RD,SEMORA,PERSON,NC,27343,36.4833,-79.0731,DUKE ENERGY CORP,NO,Electric Utilities,Ammonia,NO
2021,27263THMSB715WF,110000345939.0,THOMAS BUILT BUSES INC,715 W FAIRFIELD RD,HIGH POINT,GUILFORD,NC,27263,35.92156,-79.99726,DAIMLER TRUCKS NORTH AMERICA LLC,NO,Transportation Equipment,Xylene (mixed isomers),NO
2021,27343RXBRS1700D,110000346386.0,DUKE ENERGY PROGRESS LLC - ROXBORO STEAM ELECTRIC PLANT,1700 DUNNAWAY RD,SEMORA,PERSON,NC,27343,36.4833,-79.0731,DUKE ENERGY CORP,NO,Electric Utilities,"Sulfuric acid (acid aerosols including mists, vapors, gas, fog, and other airborne forms of any particle size)",NO
2021,2814WKZNBL485CE,110000348936.0,NOURYON SURFACE CHEMISTRY LLC,485 CEDAR SPRINGS RD,SALISBURY,ROWAN,NC,28147,35.62962,-80.53595,NOURYON CHEMICALS LLC,NO,Chemicals,Allyl chloride,NO
2021,27712WNRTH4112L,110006625651.0,AISIN NORTH CAROLINA CORP,4112 OLD OXFORD HWY,DURHAM,DURHAM,NC,27712,36.08981,-78.84198,AISIN HOLDINGS OF AMERICA INC,NO,Transportation Equipment,Nickel,YES
2021,27012HYWRD1HAYW,110009856290.0,HAYWARD INDUSTRIES,1 HAYWARD INDUSTRIAL DR,CLEMMONS,FORSYTH,NC,27012,36.00754,-80.3808,HAYWARD INDUSTRIES,NO,Plastics and Rubber,Diisocyanates,NO
2021,27962WYRHSTROWB,110013794000.0,DOMTAR PAPER CO LLC-PLYMOUTH MILL,TROWBRIDGE RD,PLYMOUTH,MARTIN,NC,27962,35.861716,-76.779683,DOMTAR CORP,NO,Paper,Phenol,NO
2021,27302GCXXX6801I,110000346144.0,INDUSTRIAL CONNECTIONS & SOLUTIONS LLC,6801 INDUSTRIAL DR,MEBANE,ORANGE,NC,27302,36.07902,-79.23383,ABB INC,NO,Electrical Equipment,Cyanide compounds,NO
2021,27962WYRHSTROWB,110013794000.0,DOMTAR PAPER CO LLC-PLYMOUTH MILL,TROWBRIDGE RD,PLYMOUTH,MARTIN,NC,27962,35.861716,-76.779683,DOMTAR CORP,NO,Paper,Acetaldehyde,YES
2021,27840PNCPR131PE,110025331264.0,PENCO PRODUCTS INC,1301 PENCO DR,HAMILTON,MARTIN,NC,27840,35.94318,-77.23498,IMC,NO,Furniture,Nickel,YES
2021,28516HSFSL2660H,110008055834.0,HOUSE OF SILK FLOWERS INC,2660 HWY 101 W,BEAUFORT,CARTERET,NC,28516,34.81833,-76.68389,NA,NO,Miscellaneous Manufacturing,Diisocyanates,NO
2021,27525NVBCHSTATE,110000346849.0,NOVOZYMES NA INC,77 PERRY CHAPEL CHURCH RD,FRANKLINTON,FRANKLIN,NC,27525,36.098611,-78.410556,NOVOZYMES US INC,NO,Chemicals,Nitrate compounds (water dissociable; reportable only when in aqueous solution),NO
2021,28086FRSTN100FI,110001494874.0,FIRESTONE FIBERS & TEXTILES CO,100 FIRESTONE LN,KINGS MOUNTAIN,GASTON,NC,28086,35.23088,-81.31827,BRIDGESTONE AMERICAS INC,NO,Textiles,Formaldehyde,YES
2021,2803WRGSRD4451H,110060259223.0,ARGOS READY MIX DENVER CONCRETE PLANT,4451 HWY 16 N.,DENVER,LINCOLN,NC,28037,35.54305,-81.04781,ARGOS USA CORP,NO,Nonmetallic Mineral Product,Lead,YES
2021,27360STHRN3440D,110000346439.0,SOUTHERN RESIN,3440 DENTON RD,THOMASVILLE,DAVIDSON,NC,27360,35.825849,-80.097031,NA,NO,Chemicals,Formaldehyde,YES
2021,28675PNRCLECLIP,110000587044.0,AMANO PIONEER ECLIPSE CORP,1 ECLIPSE RD,SPARTA,ALLEGHANY,NC,28675,36.52273,-81.06309,AMANO USA HOLDINGS INC,NO,Chemicals,Certain glycol ethers,NO
2021,27820GRGPCAMPAC,110000347544.0,GEORGIA-PACIFIC CHEMICALS LLC,200 AMPAC RD,CONWAY,NORTHAMPTON,NC,27820,36.429167,-77.223611,KOCH INDUSTRIES INC,NO,Chemicals,n-Butyl alcohol,NO
2021,275593MCPT4191H,110056955022.0,3M CO-PITTSBORO,4191 HWY 87 S,MONCURE,CHATHAM,NC,27559,35.660933,-79.167316,3M CO,NO,Nonmetallic Mineral Product,Manganese compounds,NO
2021,28052FRGHT1400T,110000348124.0,DAIMLER TRUCKS NA LLC,1400 TULIP DR,GASTONIA,GASTON,NC,28052,35.28778,-81.20262,DAIMLER TRUCKS NORTH AMERICA LLC,NO,Transportation Equipment,Aluminum (fume or dust),NO
2021,27260THLLL1717E,110000345760.0,AXALTA COATING SYSTEMS USA LLC - HIGH POINT,1717 WEST ENGLISH RD,HIGH POINT,GUILFORD,NC,27262,35.945162,-80.022598,AXALTA COATING SYSTEMS LLC,NO,Chemicals,Certain glycol ethers,NO
2021,28533SDDSMNCHWY,110000604301.0,U.S. MARINE CORPS CHERRY POINT AIR STATION,NC HWY 101 AT US 70 W,CHERRY POINT,CRAVEN,NC,285330006,34.905641,-76.893355,US DEPARTMENT OF DEFENSE,YES,Other,Naphthalene,YES
2021,27893FRSTNFIRES,110000745196.0,BRIDGESTONE AMERICAS TIRE OPERATIONS LLC,3001 FIRESTONE PKWY,WILSON,WILSON,NC,27893,35.75598,-77.86917,BRIDGESTONE AMERICAS INC,NO,Plastics and Rubber,"Benzo[g,h,i]perylene",NO
2021,28164DSMDS111HW,110057518066.0,SAMOS POLYMERS CORP,1101 HWY 27 S,STANLEY,GASTON,NC,28164,35.373426,-81.099156,NA,NO,Chemicals,Toluene diisocyanate (mixed isomers),YES
2021,28392CRLNFHWY87,110007377338.0,SMITHFIELD-TAR HEEL,15855 HWY 87 WEST,TAR HEEL,BLADEN,NC,28392,34.7465,-78.8061,UNITED GLOBAL FOODS US HOLDINGS INC,NO,Food,Ammonia,NO
2021,28716CHMPNMAINS,110009846480.0,BLUE RIDGE PAPER PRODUCTS LLC,175 MAIN ST,CANTON,HAYWOOD,NC,28716,35.5349,-82.8421,EVERGREEN PACKAGING GROUP,NO,Paper,Manganese compounds,NO
2021,28655MLDDP213RE,110000351119.0,MOLDED FIBER GLASS NORTH CAROLINA,213 REEP DR,MORGANTON,BURKE,NC,28655,35.72082,-81.75862,MOLDED FIBER GLASS CO,NO,Plastics and Rubber,Zinc compounds,NO
2021,28456HXNCM333NE,110000350352.0,BAKELITE SYNTHETICS,333 NEILS EDDY RD,RIEGELWOOD,COLUMBUS,NC,28456,34.32599,-78.19946,BAKELITE LLC,NO,Chemicals,Ammonia,NO
2021,27209FNDRY530EM,110000345573.0,GREDE BISCOE,530 E MAIN,BISCOE,MONTGOMERY,NC,27209,35.3607,-79.7686,GREDE HOLDINGS LLC,NO,Primary Metals,Copper,NO
2021,28456FDRLPRIEGE,110009719304.0,INTERNATIONAL PAPER RIEGELWOOD MILL,865 JOHN L.RIEGEL RD,RIEGELWOOD,COLUMBUS,NC,28456,34.3522,-78.2125,INTERNATIONAL PAPER CO,NO,Paper,Acetaldehyde,YES
2021,2811WCRDNL342MR,110001502311.0,CARDINAL FG FLAT GLASS PLANT,342 MOORESVILLE BLVD,MOORESVILLE,IREDELL,NC,28115,35.63526,-80.786231,CARDINAL GLASS INDUSTRIES,NO,Nonmetallic Mineral Product,Lead  And Lead Compounds,NO
2021,27962WYRHSTROWB,110013794000.0,DOMTAR PAPER CO LLC-PLYMOUTH MILL,TROWBRIDGE RD,PLYMOUTH,MARTIN,NC,27962,35.861716,-76.779683,DOMTAR CORP,NO,Paper,Ammonia,NO
2021,28461CGNTR1281C,110043787783.0,CPI USA NORTH CAROLINA LLC,1281 POWERHOUSE DR,SOUTHPORT,BRUNSWICK,NC,28461,33.94303,-78.009397,CAPITAL POWER INC,NO,Electric Utilities,Zinc compounds,NO
2021,28636MRCNRINTER,110007663876.0,AMERICAN ROLLER BEARING & MANUFACTURING INC,1095 MCCLAIN RD,HIDDENITE,ALEXANDER,NC,28636,35.88375,-81.09311,AMERICAN ROLLER BEARING CO,NO,Fabricated Metals,Copper,NO
2021,28560WYRHSSTREE,110000350478.0,INTERNATIONAL PAPER- NEW BERN MILL,1785 WEYERHAEUSER RD,VANCEBORO,CRAVEN,NC,28586,35.212247,-77.114823,INTERNATIONAL PAPER CO,NO,Paper,"Hydrochloric acid (acid aerosols including mists, vapors, gas, fog, and other airborne forms of any particle size)",NO
2021,27886LCTLT2801A,110000347697.0,"LS CABLE & SYSTEM U.S.A., INC.",2901 ANACONDA RD,TARBORO,EDGECOMBE,NC,27886,35.91085,-77.5804,SUPERIOR ESSEX INC,NO,Primary Metals,Lead  And Lead Compounds,NO
2021,27377NGNRD1239R,110000346466.0,ENGINEERED CONTROLS INTERNATIONAL,1239 ROCK CREEK DAIRY RD,WHITSETT,GUILFORD,NC,27377,36.0525,-79.59969,ENGINEERED CONTROLS INTERNATIONAL,NO,Fabricated Metals,Copper,NO
2021,27306HMNTS149HO,110022561379.0,UNILIN US MDF,149 HOMANIT USA RD,MOUNT GILEAD,MONTGOMERY,NC,27306,35.251428,-79.974688,MOHAWK INDUSTRIES INC,NO,Wood Products,Methanol,NO
2021,27407BRLNG6008H,110012656697.0,ALBERDINGK BOLEY INC,6008 WEST GATE CITY BOULEVARD,GREENSBORO,GUILFORD,NC,27407,36.00477,-79.90461,NA,NO,Chemicals,Styrene,YES
2021,27343RXBRS1700D,110000346386.0,DUKE ENERGY PROGRESS LLC - ROXBORO STEAM ELECTRIC PLANT,1700 DUNNAWAY RD,SEMORA,PERSON,NC,27343,36.4833,-79.0731,DUKE ENERGY CORP,NO,Electric Utilities,Zinc compounds,NO
2021,27343RXBRS1700D,110000346386.0,DUKE ENERGY PROGRESS LLC - ROXBORO STEAM ELECTRIC PLANT,1700 DUNNAWAY RD,SEMORA,PERSON,NC,27343,36.4833,-79.0731,DUKE ENERGY CORP,NO,Electric Utilities,Chromium compounds (except for chromite ore mined in the Transvaal Region),NO
2021,2720WCRLND116IN,110071151069.0,SAPUTO CHEESE USA INC,116 INDUSTRIAL DR,BISCOE,MONTGOMERY,NC,27209,35.3623,-79.80204,SAPUTO CHEESE USA INC,NO,Food,Nitric acid,NO
2021,2833WLDCST192GA,110038457675.0,ADAMS AN OLDCASTLE CO-DUNN,192 GATEWAY DR,DUNN,HARNETT,NC,28334,35.26943,-78.63434,CRH AMERICAS INC,NO,Nonmetallic Mineral Product,Lead,YES
2021,27565LMYNC1501W,110000347027.0,REVLON CONSUMER PRODUCTS CORP,1501 WILLIAMSBORO ST,OXFORD,GRANVILLE,NC,27565,36.3164,-78.5559,REVLON CONSUMER PRODUCTS CORP,NO,Chemicals,Certain glycol ethers,NO
2021,2814WKZNBL485CE,110000348936.0,NOURYON SURFACE CHEMISTRY LLC,485 CEDAR SPRINGS RD,SALISBURY,ROWAN,NC,28147,35.62962,-80.53595,NOURYON CHEMICALS LLC,NO,Chemicals,Cyclohexane,NO
2021,27520CTRPL954NC,110018692468.0,CATERPILLAR INC CLAYTON NC,954 NC HWY 42 E,CLAYTON,JOHNSTON,NC,27527,35.643462,-78.426869,CATERPILLAR INC,NO,Machinery,Ethylene glycol,NO
2021,28328CMPBL224FA,110000349837.0,CAMPBELL OIL & GAS CO.,224 FAISON HWY,CLINTON,SAMPSON,NC,28328,35.00735,-78.30882,CAMPBELL OIL & GAS CO,NO,Petroleum Bulk Terminals,Toluene,NO
2021,28302BRDNN1411I,110009846471.0,HEXION INC-FAYETTEVILLE FACILITY,1411 INDUSTRIAL DR,FAYETTEVILLE,CUMBERLAND,NC,28301,35.0299,-78.86319,HEXION HOLDINGS CORP,NO,Chemicals,Ammonia,NO
2021,2753WSWGLD624PW,110028716940.0,S&W GOLDSBORO PLANT,624 POWELL ROAD,GOLDSBORO,WAYNE,NC,27530,35.35166,-77.9017,TITAN AMERICA LLC,NO,Nonmetallic Mineral Product,Lead,YES
2021,2783WMTLLX2INDU,110031364592.0,METALLIX REFINING INC. LAB,200 INDUSTRIAL BLVD.,GREENVILLE,PITT,NC,27834,35.64526,-77.36464,METALLIX REFINING INC,NO,Primary Metals,Lead compounds,NO
2021,27536STRNMUS1SO,110010448836.0,EASTERN MINERALS INC,170 EASTERN MINERALS RD,HENDERSON,VANCE,NC,27537,36.27084,-78.40468,NA,NO,Food,Copper  And Copper Compounds,NO
2021,27317THTMK3500T,110000346199.0,TIMKEN CO ASHEBORO BEARING PLANT,3500 TIMKEN PL,RANDLEMAN,RANDOLPH,NC,27317,35.79806,-79.81859,THE TIMKEN CO,NO,Fabricated Metals,Nickel,YES
2021,27042HLSTDHWY31,110009844865.0,WIELAND COPPER PRODUCTS LLC,3990 US 311 HWY N,PINE HALL,STOKES,NC,27042,36.342778,-80.044166,WIELAND HOLDINGS INC,NO,Primary Metals,Cadmium,YES
2021,28302DPNTFHIGHW,110000559609.0,CHEMOURS CO - FAYETTEVILLE WORKS,22828 NC HWY 87 W,FAYETTEVILLE,BLADEN,NC,28306,34.8419,-78.8388,THE CHEMOURS CO,NO,Chemicals,Tetrafluoroethylene,YES
2021,27702STHCH2000E,110000347303.0,BRENNTAG MID-SOUTH,2000 E PETTIGREW ST,DURHAM,DURHAM,NC,27703,35.979401,-78.880293,BRENNTAG NORTH AMERICA INC,NO,Chemical Wholesalers,Xylene (mixed isomers),NO
2021,28384SPXVL1491N,110015680958.0,WATTS REGULATOR CO,1491 NC HWY 20 W,SAINT PAULS,ROBESON,NC,28384,34.822033,-79.009316,WATTS REGULATOR CO,NO,Fabricated Metals,Propylene,NO
2021,28349GLFRDROUTE,110000349953.0,LEAR CORP,1754 NC HWY 903,KENANSVILLE,DUPLIN,NC,28349,35.018266,-77.8616,LEAR CORP,NO,Textiles,Nitrate compounds (water dissociable; reportable only when in aqueous solution),NO
2021,28302DPNTFHIGHW,110000559609.0,CHEMOURS CO - FAYETTEVILLE WORKS,22828 NC HWY 87 W,FAYETTEVILLE,BLADEN,NC,28306,34.8419,-78.8388,THE CHEMOURS CO,NO,Plastics and Rubber,Nitric acid,NO
2021,27893WLTRK2500A,110004018063.0,KIDDE AEROSPACE & DEFENSE,4200 AIRPORT DR NW,WILSON,WILSON,NC,27896,35.76264,-77.96203,RAYTHEON TECHNOLOGIES CORP,NO,Transportation Equipment,Bromochlorodifluoromethane (Halon 1211),NO
2021,28144NTNLSCEDAR,110056525835.0,HENKEL US OPERATIONS CORP,825 CEDAR SPRINGS RD,SALISBURY,ROWAN,NC,28147,35.63367,-80.53335,HENKEL OF AMERICA INC,NO,Chemicals,Vinyl acetate,YES
2021,2808WGRNHC212CM,110070703698.0,GREENHECK FAN CORP - KINGS MOUNTAIN,212 COMMERCE BLVD,KINGS MOUNTAIN,CLEVELAND,NC,28086,35.24031,-81.41077,GREENHECK FAN CORP,NO,Machinery,Copper,NO
2021,28120RRCHM201WE,110000348703.0,ARROCHEM INC,201 WESTLAND FARM RD,MOUNT HOLLY,GASTON,NC,28120,35.3146,-81.04322,NA,NO,Chemicals,Toluene,NO
2021,28813SCHWTHWY19,110018786214.0,BORGWARNER TURBO SYSTEMS,1849 BREVARD RD,ARDEN,BUNCOMBE,NC,28704,35.47829,-82.57502,BORGWARNER INC,NO,Machinery,Chromium,NO
2021,2840WSNNCH251NR,110071284149.0,SENNECA HOLDINGS (HMF EXPRESS),2501 NORTHCHASE PKWY SE,WILMINGTON,NEW HANOVER,NC,28405,34.304473,-77.868614,SENNECA HOLDINGS,NO,Fabricated Metals,Lead,YES
2021,28540STNDY405WH,110000836230.0,STANADYNE LLC,405 WHITE ST,JACKSONVILLE,ONSLOW,NC,28546,34.75601,-77.38985,STANADYNE,NO,Transportation Equipment,Lead,YES
2021,28502DPNTKNCHIG,110043785909.0,DUPONT KINSTON PLANT,4693 HIGHWAY 11 N,GRIFTON,LENOIR,NC,28530,35.3306,-77.4772,DUPONT DE NEMOURS INC,NO,Chemicals,Biphenyl,NO
2021,28127FBRCM181RA,110039019424.0,FIBER COMPOSITES LLC,181 RANDOM DR,NEW LONDON,STANLY,NC,28127,35.419316,-80.211766,FIBER COMPOSITES LLC,NO,Plastics and Rubber,Chromium compounds (except for chromite ore mined in the Transvaal Region),NO
2021,2807WSTHWR12331,110055451372.0,SOUTHWIRE CO HUNTERSVILLE PLANT,12331 COMMERCE STATION DR,HUNTERSVILLE,MECKLENBURG,NC,28078,35.392164,-80.833658,SOUTHWIRE CO,NO,Electrical Equipment,Copper,NO
2021,27107STRCT1725V,110001493615.0,STRUCTURAL STEEL OF CAROLINA,1720 VARGRAVE ST,WINSTON SALEM,FORSYTH,NC,27107,36.07636,-80.22982,STRUCTURAL STEEL OF CAROLINA,NO,Fabricated Metals,Nickel,YES
2021,2838WSNDRS276NC,110069992280.0,SANDERSON FARMS ST. PAULS PROCESSING,2076 NC HIGHWAY 20 W,SAINT PAULS,ROBESON,NC,28384,34.827673,-79.015169,SANDERSON FARMS INC,NO,Food,Peracetic acid,NO
2021,27806TXSGLHIGHW,110000586376.0,PCS PHOSPHATE CO INC,1530 NC HWY 306 S,AURORA,BEAUFORT,NC,27806,35.37745,-76.778816,POTASH HOLDING CO INC,NO,Chemicals,Barium  And Barium Compounds,NO
2021,27703CRRSR4600S,110000347321.0,WOLFSPEED INC.,4600 SILICON DR,DURHAM,DURHAM,NC,27703,35.899298,-78.840802,WOLFSPEED INC,NO,Computers and Electronic Products,Hydrogen fluoride,NO
2021,27409RFMCR7908P,110067041132.0,QORVO US INC.,7908 PIEDMONT TRIAD PKWY,GREENSBORO,GUILFORD,NC,27409,36.073,-79.96564,QORVO INC,NO,Computers and Electronic Products,N-Methyl-2-pyrrolidone,NO
2021,28560WYRHSSTREE,110000350478.0,INTERNATIONAL PAPER- NEW BERN MILL,1785 WEYERHAEUSER RD,VANCEBORO,CRAVEN,NC,28586,35.212247,-77.114823,INTERNATIONAL PAPER CO,NO,Paper,Chlorine,NO
2021,27709SCMMT2601W,110000347401.0,SCM METAL PRODUCTS INC,2601 WECK DR,RESEARCH TRIANGLE PARK,DURHAM,NC,27709,35.93214,-78.84981,NA,NO,Primary Metals,Certain glycol ethers,NO
2021,28091BNSLMHWY74,110037983983.0,ADAMS AN OLDCASTLE CO-LILESVILLE,351 HAILEYS FERRY RD,LILESVILLE,ANSON,NC,28091,34.959495,-79.957461,CRH AMERICAS INC,NO,Nonmetallic Mineral Product,Lead  And Lead Compounds,NO
2021,27709SCMMT2601W,110000347401.0,SCM METAL PRODUCTS INC,2601 WECK DR,RESEARCH TRIANGLE PARK,DURHAM,NC,27709,35.93214,-78.84981,NA,NO,Primary Metals,Manganese  And Manganese Compounds,NO
2021,2850WSWKNS64EAS,110055129187.0,S&W KINSTON PLANT,604 EAST NEW BERN ROAD,KINSTON,LENOIR,NC,28501,35.2388,-77.57542,TITAN AMERICA LLC,NO,Nonmetallic Mineral Product,Lead,YES
2021,27530HFLST1677O,110000496552.0,DUKE ENERGY PROGRESS LLC - H F LEE ENERGY COMPLEX,1199 BLACK JACK CHURCH RD,GOLDSBORO,WAYNE,NC,27530,35.37991,-78.087688,DUKE ENERGY CORP,NO,Electric Utilities,Mercury  And Mercury Compounds,NO
2021,28655DNCRP105WA,110000351066.0,MERITOR HEAVY VEHICLE SYSTEMS LLC,105 WAMSUTTA MILL RD,MORGANTON,BURKE,NC,28655,35.74732,-81.70984,MERITOR INC,NO,Transportation Equipment,Manganese,NO
2021,28621CNTNNRTE3X,110000350842.0,WAYNE FARMS LLC - ELKIN FEEDMILL,10949 NC-268,ELKIN,SURRY,NC,28621,36.2722,-80.7806,CONTINENTAL GRAIN CO,NO,Food,Manganese compounds,NO
2021,2871WWCKDW145JA,110071287625.0,WICKED WEED BREWING,145 JACOB HOLM WAY,CANDLER,BUNCOMBE,NC,28715,35.545566,-82.640926,ANHEUSER-BUSCH COS LLC,NO,Beverages,Nitric acid,NO
2021,2814WBRLCM175CI,110067605782.0,WESTLAKE ROYAL BUILDING PRODUCTS INC - PLANT 2,175 CIRCLE M DR,SALISBURY,ROWAN,NC,28147,35.63252,-80.5305,WESTLAKE CHEMICAL CORP,NO,Plastics and Rubber,Certain glycol ethers,NO
2021,28208CHRLT1335S,110000349267.0,CHARLOTTE PIPE & FOUNDRY CO,1335 S CLARKSON ST,CHARLOTTE,MECKLENBURG,NC,28208,35.224323,-80.861806,CHARLOTTE PIPE & FOUNDRY CO,NO,Primary Metals,Lead,YES
2021,27229PRDNCSTATE,110007376865.0,PERDUE AGRIBUSINESS LLC-COFIELD NC,242 PERDUE RD,COFIELD,HERTFORD,NC,27922,36.36325,-76.89573,PERDUE FARMS INC,NO,Food,Copper compounds,NO
2021,28638SHRTP220PL,110000350922.0,SHURTAPE TECHNOLOGIES LLC-HUDSON OPP PLANT,220 PLEASANT HILL RD,HUDSON,CALDWELL,NC,28638,35.85557,-81.50257,STM INC,NO,Paper,Toluene,NO
2021,2827WCMMRC1337J,110046279059.0,COMMERCIAL MERCHANDISING CORP,1337 J WOOD BRANCH DRIVE,CHARLOTTE,MECKLENBURG,NC,28273,35.125384,-80.925035,NA,NO,Chemicals,Ethylene glycol,NO
2021,2810WSWSCN2WARE,110071284946.0,SWS CONCRETE-STALLINGS PLANT,200 WAREHOUSE DR.,STALLINGS,UNION,NC,28104,35.09249,-80.691501,STEVENSON-WEIR/SOUTHERN LLC,NO,Nonmetallic Mineral Product,Lead  And Lead Compounds,NO
2021,2803WBRLCM5CRRE,110045519079.0,WESTLAKE ROYAL BUILDING PRODUCTS INC - PLANT 1,500 CORRELL ST,EAST SPENCER,ROWAN,NC,28039,35.67498,-80.4347,WESTLAKE CHEMICAL CORP,NO,Plastics and Rubber,Certain glycol ethers,NO
2021,27282CHMCN108OA,110000345957.0,UNIVAR SOLUTIONS USA INC,108 OAKDALE RD,JAMESTOWN,GUILFORD,NC,27282,35.99347,-79.93371,UNIVAR SOLUTIONS USA INC,NO,Chemical Wholesalers,Ethylbenzene,YES
2021,28610CMMSC3642U,110000604329.0,COMMSCOPE INC-CLAREMONT NC FACILITY,3642 US HWY 70 E,CLAREMONT,CATAWBA,NC,28610,35.717917,-81.133929,COMMSCOPE INC,NO,Electrical Equipment,Lead compounds,NO
2021,2814WLDPRD132LI,110070225354.0,ALDO COATINGS,1320 LITTON DR,SALISBURY,ROWAN,NC,28147,35.61097,-80.55362,INLAND COATINGS HOLDINGS LLC,NO,Chemicals,Diisocyanates,NO
2021,28139LLDDC18IND,110018748140.0,AALLIED DIE CASTING OF N.C.,401 AALLIED DR,RUTHERFORDTON,RUTHERFORD,NC,28139,35.35602,-81.95744,RCM INDUSTRIES,NO,Primary Metals,Copper,NO
2021,28206KRZTR3200W,110005985737.0,KURZ TRANSFER PRODUCTS LP,3200 WOODPARK BLVD,CHARLOTTE,MECKLENBURG,NC,28206,35.2708,-80.8245,KURZ TRANSFER PRODUCTS LP,NO,Printing,n-Butyl alcohol,NO
2021,27320BHMFLROUTE,110009856165.0,DYSTAR LP,209 WATLINGTON IND US TRIAL DR,REIDSVILLE,ROCKINGHAM,NC,27320,36.32093,-79.64907,DYSTAR LP,NO,Chemicals,Methyl isobutyl ketone,YES
2021,28164DSMDS111HW,110057518066.0,SAMOS POLYMERS CORP,1101 HWY 27 S,STANLEY,GASTON,NC,28164,35.373426,-81.099156,NA,NO,Chemicals,"Toluene-2,4-diisocyanate",YES
2021,27233NDSTR6924H,110021148989.0,INDUSTRIAL WOOD PRODUCTS,9205 NC HWY 22 N,CLIMAX,GUILFORD,NC,27233,35.9075,-79.7071,NA,NO,Wood Products,Lead,YES
2021,28716CHMPNMAINS,110009846480.0,BLUE RIDGE PAPER PRODUCTS LLC,175 MAIN ST,CANTON,HAYWOOD,NC,28716,35.5349,-82.8421,EVERGREEN PACKAGING GROUP,NO,Paper,Formic acid,NO
2021,2784WVLLYP222GR,110067425888.0,VALLEY PROTEINS INC. - LEWISTON,3529 GOVERNORS RD,LEWISTON WOODVILLE,BERTIE,NC,27849,36.14386,-77.21051,VALLEY PROTEINS INC,NO,Food,Ammonia,NO
2021,2868WPDMNT132HI,110038043417.0,PIEDMONT COMPOSITES & TOOLING LLC,33 LEWITTIES ROAD,TAYLORSVILLE,ALEXANDER,NC,28681,35.91724,-81.14515,NA,NO,Plastics and Rubber,Methyl methacrylate,NO
2021,28213NCLCH14700,110059780198.0,MALLARD CREEK POLYMERS,2800 MOREHEAD RD,CHARLOTTE,MECKLENBURG,NC,28262,35.350334,-80.714847,NA,NO,Chemicals,"1,3-Butadiene",YES
2021,27804LCNCN400JE,110000347492.0,KABA ILCO CORP,400 JEFFERYS RD,ROCKY MOUNT,NASH,NC,27801,35.98742,-77.78704,KABA ILCO CORP,NO,Fabricated Metals,Nickel  And Nickel Compounds,YES
2021,2815WCNCRT2WEST,110055497957.0,CONCRETE SUPPLY CO - SHELBY,200 WEST GRAHAM ST,SHELBY,CLEVELAND,NC,28150,35.28953,-81.54239,CONCRETE SUPPLY CO LLC,NO,Nonmetallic Mineral Product,Lead  And Lead Compounds,NO
2021,2710WSTRTF1681S,110014354475.0,STRATFORD METAL FINISHING INC,1681 S MARTIN LUTHER KING JR DR,WINSTON SALEM,FORSYTH,NC,27107,36.075808,-80.220172,NA,NO,Fabricated Metals,Silver compounds,NO
2021,2710WSTRTF1681S,110014354475.0,STRATFORD METAL FINISHING INC,1681 S MARTIN LUTHER KING JR DR,WINSTON SALEM,FORSYTH,NC,27107,36.075808,-80.220172,NA,NO,Fabricated Metals,Manganese  And Manganese Compounds,NO
2021,28560WYRHSSTREE,110000350478.0,INTERNATIONAL PAPER- NEW BERN MILL,1785 WEYERHAEUSER RD,VANCEBORO,CRAVEN,NC,28586,35.212247,-77.114823,INTERNATIONAL PAPER CO,NO,Paper,Dioxin and dioxin-like compounds,YES
2021,27203TLRMP801PI,110056970434.0,STARPET INC,801 PINEVIEW RD,ASHEBORO,RANDOLPH,NC,27203,35.77262,-79.82243,INDORAMA VENTURES HOLDINGS LP,NO,Chemicals,Antimony  And Antimony Compounds,NO
2021,27204PGHLC701MC,110000345555.0,PUGH LUBRICANTS - ASHEBORO,701 MCDOWELL RD,ASHEBORO,RANDOLPH,NC,27205,35.66982,-79.82894,CADENCE PETROLEUM GROUP,NO,Petroleum Bulk Terminals,Ethylene glycol,NO
2021,2865WMRCNR37BUR,110004038194.0,AMERICAN ROLLER BEARING CO,307 BURKE DR,MORGANTON,BURKE,NC,28655,35.74948,-81.66411,AMERICAN ROLLER BEARING CO,NO,Fabricated Metals,Copper,NO
2021,28779JCKSNPOSTO,110001478721.0,JACKSON PAPER MANUFACTURING,152 W MAIN ST,SYLVA,JACKSON,NC,28779,35.375247,-83.21694,JACKSON PAPER MANUFACTURING CO,NO,Paper,Dioxin and dioxin-like compounds,YES
2021,28054WLSHC207TE,110041964201.0,LUBRIZOL,207 TELEGRAPH DR,GASTONIA,GASTON,NC,28056,35.20176,-81.20877,BERKSHIRE HATHAWAY INC,NO,Chemicals,Vinylidene chloride,YES
2021,2812WCNCRT854SW,110071282552.0,CONCRETE SUPPLY CO.  LLC - OAKBORO PORTABLE,8504 SWIFT RD,OAKBORO,STANLY,NC,28129,35.216117,-80.350111,CONCRETE SUPPLY CO LLC,NO,Nonmetallic Mineral Product,Lead  And Lead Compounds,NO
2021,2867WCNCRT1125J,110060258340.0,CONCRETE SUPPLY CO LLC-STATESVILLE,1125 JOHNSON DR,STATESVILLE,IREDELL,NC,28677,35.77325,-80.91202,CONCRETE SUPPLY CO LLC,NO,Nonmetallic Mineral Product,Lead  And Lead Compounds,NO
2021,2869WJSTRT186RI,110070551070.0,U.S. CHEMICAL STORAGE LLC,1806 RIVER ST,WILKESBORO,WILKES,NC,28697,36.137753,-81.19141,JUSTRITE SAFETY GROUP,NO,Fabricated Metals,Cumene,YES
2021,27030NRTHC511CA,110000345172.0,BARNHARDT MANUFACTURING CO NCFI POLYURETHANES DIV,1515 CARTER ST,MOUNT AIRY,SURRY,NC,27030,36.472778,-80.608611,BARNHARDT MANUFACTURING CO,NO,Plastics and Rubber,Toluene diisocyanate (mixed isomers),YES
2021,27017WYNFR1018E,110000345109.0,WAYNE FARMS LLC - DOBSON FRESH PLANT,802 E ATKINS ST,DOBSON,SURRY,NC,27017,36.390989,-80.711483,CONTINENTAL GRAIN CO,NO,Food,Nitrate compounds (water dissociable; reportable only when in aqueous solution),NO
2021,28163TXTRN614NC,110001488426.0,STANLY ENGINEERED FASTENING,614 NC HWY 200S,STANFIELD,STANLY,NC,28163,35.22411,-80.41328,STANLEY BLACK & DECKER,NO,Fabricated Metals,Chromium,NO
2021,27877RSNLLWATER,110006848322.0,RESINALL CORP,302 N WATER ST,SEVERN,NORTHAMPTON,NC,27877,36.512899,-77.189712,ERGON INC,NO,Chemicals,Toluene,NO
2021,28092CTLRN22CAT,110012146034.0,CATALER N.A. CORP,2002 CATALER DR,LINCOLNTON,LINCOLN,NC,28092,35.54322,-81.22722,NA,NO,Transportation Equipment,Nitrate compounds (water dissociable; reportable only when in aqueous solution),NO
2021,2868WTRMPH138WI,110041163932.0,TRIUMPH INSULATION SYSTEM,138 WITTENBURG IND US TRIAL DR,TAYLORSVILLE,ALEXANDER,NC,28681,35.83786,-81.17834,TRIUMPH GROUP INC,NO,Transportation Equipment,Toluene,NO
2021,2826WCMXRM995ME,110067426048.0,CONCRETE SUPPLY CO LLC-REAMES RD,9950 METROMONT INDUSTRIAL BLVD,CHARLOTTE,MECKLENBURG,NC,28269,35.3536,-80.83121,CONCRETE SUPPLY CO LLC,NO,Nonmetallic Mineral Product,Lead  And Lead Compounds,NO
2021,27870RSMRY12THS,110001483261.0,ROSEMARY POWER STATION,12TH ST,ROANOKE RAPIDS,HALIFAX,NC,27870,36.452527,-77.660408,DOMINION ENERGY INC,NO,Electric Utilities,"1,2,4-Trimethylbenzene",NO
2021,28398MRPHYCARRO,110017385051.0,MURPHY-BROWN LLC WARSAW FEED MILL,2822 HWY 24 W,WARSAW,DUPLIN,NC,28398,34.993933,-78.1475,MURPHY BROWN LLC,NO,Food,Zinc (fume or dust),NO
2021,27261RLNCN1431P,110000345840.0,AKZONOBEL COATINGS INC,1431 PROGRESS AVE,HIGH POINT,GUILFORD,NC,27260,35.92387,-80.02214,AKZO NOBEL NV,NO,Chemicals,n-Butyl alcohol,NO
2021,2729WGGRLX3EGGE,110070386075.0,EGGER - LEXINGTON PARTICLEBOARD PLANT,300 EGGER PARKWAY,LINWOOD,DAVIDSON,NC,27299,35.7378,-80.345,NA,NO,Wood Products,Ammonia,NO
2021,27282CHMCN108OA,110000345957.0,UNIVAR SOLUTIONS USA INC,108 OAKDALE RD,JAMESTOWN,GUILFORD,NC,27282,35.99347,-79.93371,UNIVAR SOLUTIONS USA INC,NO,Chemical Wholesalers,n-Butyl alcohol,NO
2021,28144MRDNT6701S,110006860691.0,TEIJIN AUTOMOTIVE TECHNOLOGIES NORTH CAROLINA COMPOSITES LL,6701 STATESVILLE BLVD,SALISBURY,ROWAN,NC,28147,35.71943,-80.60148,TEIJIN AUTOMOTIVE TECHNOLOGIES INC,NO,Plastics and Rubber,Diisocyanates,NO
2021,27403DSTNC1025H,110000346518.0,SHERWIN-WILLIAMS CO,1025 HOWARD ST,GREENSBORO,GUILFORD,NC,27403,36.06238,-79.83395,THE SHERWIN-WILLIAMS CO,NO,Chemicals,Xylene (mixed isomers),NO
2021,28144NTNLSCEDAR,110056525835.0,HENKEL US OPERATIONS CORP,825 CEDAR SPRINGS RD,SALISBURY,ROWAN,NC,28147,35.63367,-80.53335,HENKEL OF AMERICA INC,NO,Chemicals,n-Butyl alcohol,NO
2021,27204VRDYB419AR,110000345564.0,ENERGIZER  MANUFACTURING INC,419 ART BRYAN DR,ASHEBORO,RANDOLPH,NC,27203,35.77012,-79.81675,ENERGIZER HOLDINGS INC,NO,Electrical Equipment,Manganese compounds,NO
2021,28328KVTTS711SW,110000586740.0,KIVETT'S INC.,711 SW BLVD,CLINTON,SAMPSON,NC,28329,34.98646,-78.32223,NA,NO,Furniture,Styrene,YES
2021,28609CMMSCPOBOX,110009855237.0,COMMSCOPE INC (CATAWBA FACILITY),6519 COMM SCOPE RD,CATAWBA,CATAWBA,NC,28609,35.65418,-81.03429,COMMSCOPE INC,NO,Electrical Equipment,Copper,NO
2021,28075MNRLRHWY49,110057679739.0,VENATOR CHEMICALS LLC,5910 PHARR MILL RD,HARRISBURG,CABARRUS,NC,28075,35.33417,-80.6177,VENATOR AMERICAS LLC,NO,Chemicals,Nitrate compounds (water dissociable; reportable only when in aqueous solution),NO
2021,2740WGRNSB1124S,110070070851.0,GREENSBORO PLANT,1124 S HOLDEN RD,GREENSBORO,GUILFORD,NC,27407,36.05822,-79.84236,RUSSELL STANDARD CORP,NO,Petroleum,Lead,YES
2021,27013FRGHTHWY70,110000345083.0,DAIMLER TRUCKS NA LLC-CLEVELAND,11550 STATESVILLE BLVD,CLEVELAND,ROWAN,NC,27013,35.72916,-80.68949,DAIMLER TRUCKS NORTH AMERICA LLC,NO,Transportation Equipment,Ethylene glycol,NO
2021,2810WNDNTR1316W,110001488596.0,INDIAN TRAIL  CONCRETE PLANT,1316 WAXHAW-INDIAN TRAIL RD.,INDIAN TRAIL,UNION,NC,28104,35.0651,-80.68102,ARGOS USA CORP,NO,Nonmetallic Mineral Product,Lead,YES
2021,2820WSWSCN715ST,110071284944.0,SWS CONCRETE-MAIN PLANT,715 STATE STREET,CHARLOTTE,MECKLENBURG,NC,28208,35.2385,-80.870947,STEVENSON-WEIR/SOUTHERN LLC,NO,Nonmetallic Mineral Product,Lead  And Lead Compounds,NO
2021,28352MRPHY19600,110001499183.0,MURPHY-BROWN LLC LAURINBURG FEED MILL,19600 ANDREW JACKSON HWY BUSINESS 74 E,LAURINBURG,SCOTLAND,NC,28352,34.761382,-79.417153,MURPHY BROWN LLC,NO,Food,Zinc (fume or dust),NO
2021,28638CHMCLPOBOX,110000350913.0,RPM WOOD FINISHES GROUP INC,3194 HICKORY BLVD,HUDSON,CALDWELL,NC,28638,35.84148,-81.46758,RPM INTERNATIONAL INC,NO,Chemicals,n-Butyl alcohol,NO
2021,2720WTCHNM18CMM,110007663858.0,TECHNIMARK LLC,180 COMMERCE PL,ASHEBORO,RANDOLPH,NC,27203,35.77847,-79.81155,NA,NO,Plastics and Rubber,Arsenic,YES
2021,28451MRCND1690N,110000350316.0,AMERICAN DISTILLATION INC,1690 NE ROYSTER RD,LELAND,BRUNSWICK,NC,28451,34.270744,-78.003706,NA,NO,Chemicals,n-Butyl alcohol,NO
2021,2860WSNCHC1246M,110000891447.0,SONOCO HICKORY INC. - HICKORY PLANT,1246 MAIN AVENUE SE,HICKORY,CATAWBA,NC,28602,35.73841,-81.31404,SONOCO PRODUCTS CO,NO,Plastics and Rubber,Diisocyanates,NO
2021,2833WSWLZB146ME,110041183803.0,S&W ELIZABETHTOWN PLANT,1460 MERCER MILL RD,ELIZABETHTOWN,BLADEN,NC,28337,34.612488,-78.5995,TITAN AMERICA LLC,NO,Nonmetallic Mineral Product,Lead,YES
2021,27610JNMTS4020A,110000347278.0,AJINOMOTO HEALTH & NUTRITION N.A. INC.,4020 AJINOMOTO DR,RALEIGH,WAKE,NC,27610,35.77127,-78.56609,AJINOMOTO NORTH AMERICA INC,NO,Chemicals,Ammonia,NO
2021,275593MCPT4191H,110056955022.0,3M CO-PITTSBORO,4191 HWY 87 S,MONCURE,CHATHAM,NC,27559,35.660933,-79.167316,3M CO,NO,Nonmetallic Mineral Product,Mercury compounds,NO
2021,28752CRNRSOLDRO,110000847665.0,CRANE CHEMPHARMA & ENERGY CORP.,1 QUALITY WAY OFF HWY 70 W,MARION,MCDOWELL,NC,28752,35.68218,-82.06489,NA,NO,Fabricated Metals,Chromium,NO
2021,2814WCRLNC1E17T,110012476043.0,CHROMA COLOR CORP,100 E 17TH ST,SALISBURY,ROWAN,NC,28144,35.680857,-80.44874,CHROMA COLOR CORP,NO,Plastics and Rubber,Chromium  and Chromium Compounds(except for chromite ore mined in the Transvaal Region),NO
2021,2860WSCMKR11261,110001484894.0,SOUTHERN CONCRETE MATERIALS-HICKORY (KERRS),1126 1ST AVE SW,HICKORY,CATAWBA,NC,28602,35.731331,-81.357788,HEDRICK INDUSTRIES,NO,Nonmetallic Mineral Product,Nitrate compounds (water dissociable; reportable only when in aqueous solution),NO
2021,28345TRNTY11EVH,110000349935.0,TRINITY MANUFACTURING INC,11 E V.HOGAN DR,HAMLET,RICHMOND,NC,28345,34.918889,-79.673333,TRICAL INC,NO,Chemicals,"Hydrochloric acid (acid aerosols including mists, vapors, gas, fog, and other airborne forms of any particle size)",NO
2021,27343RXBRS1700D,110000346386.0,DUKE ENERGY PROGRESS LLC - ROXBORO STEAM ELECTRIC PLANT,1700 DUNNAWAY RD,SEMORA,PERSON,NC,27343,36.4833,-79.0731,DUKE ENERGY CORP,NO,Electric Utilities,Hydrogen fluoride,NO
2021,28456HXNCM333NE,110000350352.0,BAKELITE SYNTHETICS,333 NEILS EDDY RD,RIEGELWOOD,COLUMBUS,NC,28456,34.32599,-78.19946,BAKELITE LLC,NO,Chemicals,Methanol,NO
2021,27835HNDRX1101I,110002348638.0,TRIEST AG GROUP INC,1101 INDUSTRIAL BLVD,GREENVILLE,PITT,NC,27834,35.645,-77.34877,TRIEST AG GROUP INC,NO,Chemicals,Chloropicrin,NO
2021,2732WCLNHR28WAT,110058305490.0,CLEAN HARBORS REIDSVILLE LLC,208 WATLINGTON INDUSTRIAL DRIVE,REIDSVILLE,ROCKINGHAM,NC,27320,36.320466,-79.648583,CLEAN HARBORS INC,NO,Hazardous Waste,Lead  And Lead Compounds,NO
2021,28603SCRTLSTATE,110000350637.0,CORNING OPTICAL COMMUNICATIONS LLC-HMTC,1164 23RD ST SE,HICKORY,CATAWBA,NC,28602,35.71095,-81.29267,CORNING INC,NO,Electrical Equipment,Antimony compounds,NO
2021,28302DPNTFHIGHW,110000559609.0,CHEMOURS CO - FAYETTEVILLE WORKS,22828 NC HWY 87 W,FAYETTEVILLE,BLADEN,NC,28306,34.8419,-78.8388,THE CHEMOURS CO,NO,Chemicals,Acetonitrile,NO
2021,28732TNCRPCANEC,110000740690.0,BORGWARNER THERMAL SYSTEMS INC,40 CANE CREEK INDUSTRIAL PARK,FLETCHER,HENDERSON,NC,28732,35.43584,-82.47971,BORGWARNER INC,NO,Fabricated Metals,Copper,NO
2021,28217WSTNG5101W,110000349588.0,SIEMENS CHARLOTTE TURBINE GENERATOR SERVICE CENTER,5101 WESTINGHO US E BLVD,CHARLOTTE,MECKLENBURG,NC,28273,35.14332,-80.98545,SIEMENS ENERGY INC,NO,Machinery,Copper,NO
2021,28803STHRN35MEA,110031002037.0,SOUTHERN CONCRETE MATERIALS-ASHEVILLE PLANT,35 MEADOW RD,ASHEVILLE,BUNCOMBE,NC,28803,35.56645,-82.55351,HEDRICK INDUSTRIES,NO,Nonmetallic Mineral Product,Lead  And Lead Compounds,NO
2021,28625DVNCD280CR,110009716165.0,HEXPOL COMPOUNDING NC INC.,280 CRAWFORD RD,STATESVILLE,IREDELL,NC,28625,35.8229,-80.84611,HEXPOL HOLDINGS INC,NO,Plastics and Rubber,Lead compounds,NO
2021,28144NTNLSCEDAR,110056525835.0,HENKEL US OPERATIONS CORP,825 CEDAR SPRINGS RD,SALISBURY,ROWAN,NC,28147,35.63367,-80.53335,HENKEL OF AMERICA INC,NO,Chemicals,Methyl methacrylate,NO
2021,28024DKNRGDUKEP,110006424404.0,DUKE ENERGY CAROLINAS LLC - ROGERS ENERGY COMPLEX,573 DUKE POWER RD,MOORESBORO,RUTHERFORD,NC,28114,35.217222,-81.761111,DUKE ENERGY CORP,NO,Electric Utilities,Nickel compounds,YES
2021,2871WCNSLD171GR,110012278329.0,CONSOLIDATED METCO INC,171 GREAT OAK DR,CANTON,HAYWOOD,NC,28716,35.5659,-82.834866,CONSOLIDATED METCO INC,NO,Plastics and Rubber,Zinc compounds,NO
2021,28358LNDSY612E1,110000350021.0,LINDSEY CAMPBELL OIL CO,612 E 17TH ST,LUMBERTON,ROBESON,NC,28358,34.62886,-79.0003,CAMPBELL OIL & GAS CO,NO,Petroleum Bulk Terminals,Xylene (mixed isomers),NO
2021,28054NRYLC214WE,110000348259.0,LANXESS SOLUTIONS US INC,214 W RUBY AVE,GASTONIA,GASTON,NC,28054,35.243611,-81.1875,LANXESS CORP,NO,Chemicals,Toluene diisocyanate (mixed isomers),YES
2021,2759WCRLNS1524L,110024419841.0,CAROLINA SUNROCK LLC - EASTERN WAKE,1524 OLD US HIGHWAY 264,ZEBULON,WAKE,NC,27597,35.819183,-78.274883,THE SUNROCK GROUP INC,NO,Nonmetallic Mineral Product,Lead  And Lead Compounds,NO
2021,28752DDGRC100RO,110000351574.0,DODGE INDUSTRIAL,510 ROCKWELL DR,MARION,MCDOWELL,NC,28752,35.645091,-81.986234,RBC BEARINGS INC,NO,Fabricated Metals,Nickel,YES
2021,28145SNHRBNLONG,110009715380.0,MERIDIAN BRICK- SALISBURY PLANT,700 S LONG ST,EAST SPENCER,ROWAN,NC,28039,35.67901,-80.4425,GENERAL SHALE BRICK INC,NO,Nonmetallic Mineral Product,Hydrogen fluoride,NO
2021,2858WTRYND182IN,110024441184.0,ROWMARK CUSTOM LAMINATIONS,182 INDUSTRIAL PARK DR,TRENTON,JONES,NC,28585,35.07059,-77.36531,ROWMARK LLC,NO,Plastics and Rubber,o-Xylene,NO
2021,28145NVRSL358WO,110000348990.0,UFP SALISBURY LLC,358 WOODMILL RD,SALISBURY,ROWAN,NC,28147,35.59815,-80.54285,UFP INDUSTRIES INC,NO,Wood Products,Sodium nitrite,NO
2021,27559CHMBNSTATE,110000346965.0,ARCLIN USA LLC,790 CORINTH RD,MONCURE,CHATHAM,NC,27559,35.603333,-79.048889,ARCLIN INC,NO,Chemicals,Methanol,NO
2021,27610JNMTS4020A,110000347278.0,AJINOMOTO HEALTH & NUTRITION N.A. INC.,4020 AJINOMOTO DR,RALEIGH,WAKE,NC,27610,35.77127,-78.56609,AJINOMOTO NORTH AMERICA INC,NO,Chemicals,Methanol,NO
2021,2759WCPTVR35NRT,110071284168.0,CAPTIVEAIRE SYSTEMS INC,305 NORTHBROOK DR,YOUNGSVILLE,FRANKLIN,NC,27596,36.049535,-78.483319,CAPTIVEAIRE SYSTEMS INC,NO,Fabricated Metals,Copper,NO
2021,28398MRPHYCARRO,110017385051.0,MURPHY-BROWN LLC WARSAW FEED MILL,2822 HWY 24 W,WARSAW,DUPLIN,NC,28398,34.993933,-78.1475,MURPHY BROWN LLC,NO,Food,Manganese,NO
2021,27573MYLCT10660,110057382666.0,DUKE ENERGY PROGRESS LLC-MAYO ELECTRIC GENERATING PLANT,10660 BOSTON RD,ROXBORO,PERSON,NC,27574,36.5278,-78.8917,DUKE ENERGY CORP,NO,Electric Utilities,Chromium compounds (except for chromite ore mined in the Transvaal Region),NO
2021,28086RLNCL101RE,110001135487.0,ABB MOTORS & MECHANICAL INC,101 RELIANCE RD,KINGS MOUNTAIN,CLEVELAND,NC,28086,35.24917,-81.40746,NA,NO,Electrical Equipment,Copper,NO
2021,28334MCPGN1600S,110009855914.0,BRAINERD CHEMICAL CO LLC OF NORTH CAROLINA,1600 S WILSON AVENUES,DUNN,HARNETT,NC,28334,35.294444,-78.621111,BRAINERD CHEMICAL CO INC,NO,Chemical Wholesalers,Peracetic acid,NO
2021,275593MCPT4191H,110056955022.0,3M CO-PITTSBORO,4191 HWY 87 S,MONCURE,CHATHAM,NC,27559,35.660933,-79.167316,3M CO,NO,Nonmetallic Mineral Product,Lead compounds,NO
2021,2754WMTKSP81KNI,110067394661.0,AMETEK ESP,8001 KNIGHTDALE BLVD - SUITE 121,KNIGHTDALE,WAKE,NC,27545,35.80728,-78.46033,AMETEK INC,NO,Electrical Equipment,Lead,YES
2021,2723WNTNLP969WE,110018766094.0,NATIONAL PIPE & PLASTICS INC,9609 WEST MARKET STREET,COLFAX,GUILFORD,NC,27235,36.1128,-80.0233,CRH AMERICAS INC,NO,Plastics and Rubber,Zinc compounds,NO
2021,27050RJRYN7855A,110000345225.0,R J REYNOLDS TOBACCO CO TVILL,7855 KING TOBACCOVILLE RD,TOBACCOVILLE,FORSYTH,NC,27050,36.233605,-80.365201,REYNOLDS AMERICAN INC,NO,Tobacco,Ammonia,NO
2021,27928TYSNF347SH,110000347900.0,MURPHY BROWN LLC NEW COLONY FEED MILL,347 SHORE DR,CRESWELL,WASHINGTON,NC,27928,35.821678,-76.512963,MURPHY BROWN LLC,NO,Food,Copper  And Copper Compounds,NO
2021,2827WJMMYR512WE,110070839735.0,JIM MYERS & SONS INC,5120 WESTINGHOUSE BLVD,CHARLOTTE,MECKLENBURG,NC,28273,35.145,-80.9853,NA,NO,Fabricated Metals,Copper,NO
2021,2814WCRLNC1E17T,110012476043.0,CHROMA COLOR CORP,100 E 17TH ST,SALISBURY,ROWAN,NC,28144,35.680857,-80.44874,CHROMA COLOR CORP,NO,Plastics and Rubber,Cobalt  And Cobalt Compounds,NO
2021,2860WSCMKR11261,110001484894.0,SOUTHERN CONCRETE MATERIALS-HICKORY (KERRS),1126 1ST AVE SW,HICKORY,CATAWBA,NC,28602,35.731331,-81.357788,HEDRICK INDUSTRIES,NO,Nonmetallic Mineral Product,Mercury  And Mercury Compounds,NO
2021,28328CMPBL224FA,110000349837.0,CAMPBELL OIL & GAS CO.,224 FAISON HWY,CLINTON,SAMPSON,NC,28328,35.00735,-78.30882,CAMPBELL OIL & GAS CO,NO,Petroleum Bulk Terminals,Methyl tert-butyl ether,NO
2021,2814WKZNBL485CE,110000348936.0,NOURYON SURFACE CHEMISTRY LLC,485 CEDAR SPRINGS RD,SALISBURY,ROWAN,NC,28147,35.62962,-80.53595,NOURYON CHEMICALS LLC,NO,Chemicals,Acrylonitrile,YES
2021,2869WJSTRT186RI,110070551070.0,U.S. CHEMICAL STORAGE LLC,1806 RIVER ST,WILKESBORO,WILKES,NC,28697,36.137753,-81.19141,JUSTRITE SAFETY GROUP,NO,Fabricated Metals,Nickel,YES
2021,28625CCMCR133FA,110013288156.0,ACCUMA CORP,133 FANJOY RD,STATESVILLE,IREDELL,NC,28625,35.76104,-80.82403,ACCUMA CORP,NO,Plastics and Rubber,Lead,YES
2021,27420GLBRC7300F,110000847601.0,GILBARCO INC,7300 W FRIENDLY AVE,GREENSBORO,GUILFORD,NC,27410,36.08764,-79.9272,VONTIER CORP,NO,Machinery,Copper,NO
2021,28001PRFRM1700W,110000496598.0,PREFORMED LINE PRODUCTS,1700 WOODHURST LN,ALBEMARLE,STANLY,NC,28001,35.34279,-80.16595,PREFORMED LINE PRODUCTS CO,NO,Chemicals,Manganese,NO
2021,28307DPTFRDIREC,110064176877.0,U.S. ARMY FORT BRAGG,DPW ENV COMPLIANCE BRANCH BLDG 3-1137 REILLY RD,FORT BRAGG,CUMBERLAND,NC,28310,35.15705,-79.00036,US DEPARTMENT OF DEFENSE,YES,Other,Nickel,YES
2021,28052WXDNCNORTH,110000586544.0,MANN+HUMMEL FILTRATION TECHNOLOGY - ALLEN PLANT,2900 NW BLVD,GASTONIA,GASTON,NC,28052,35.27638,-81.22267,MANN+HUMMEL USA INC,NO,Transportation Equipment,Diisocyanates,NO
2021,28613HCKRYHIGHW,110000350735.0,ELITE COMFORT SOLUTIONS - CONOVER,1115 FARRINGTON STREET,CONOVER,CATAWBA,NC,28613,35.71675,-81.24176,ELITE COMFORT SOLUTIONS LLC,NO,Plastics and Rubber,Diethanolamine,NO
2021,28697HLLYF103FA,110000492734.0,TYSON FARMS INC.,704 FACTORY ST,WILKESBORO,WILKES,NC,28697,36.143889,-81.163333,TYSON FOODS INC,NO,Food,Peracetic acid,NO
2021,2821WRGNTS3825P,110070943965.0,REAGENTS HOLDINGS LLC,3825 PAROTT DR.,CHARLOTTE,MECKLENBURG,NC,28214,35.244218,-80.991607,REAGENTS HOLDINGS LLC,NO,Chemicals,Methanol,NO
2021,28337CMPBL1106W,110000349891.0,CAMPBELL OIL & GAS CO.,1106 W BROAD ST,ELIZABETHTOWN,BLADEN,NC,28337,34.63212,-78.616874,CAMPBELL OIL & GAS CO,NO,Petroleum Bulk Terminals,n-Hexane,NO
2021,27709GNRLL3701S,110000347367.0,GENERAL ELECTRIC AVIATION - DURHAM ENGINE FACILITY,3701 S MIAMI BLVD,DURHAM,DURHAM,NC,27703,35.916166,-78.834116,GENERAL ELECTRIC CO (GE CO),NO,Transportation Equipment,Nickel,YES
2021,28086CYPRSJCT18,110000348393.0,ALBEMARLE,348 HOLIDAY INN DR,KINGS MOUNTAIN,CLEVELAND,NC,28086,35.217,-81.34904,ALBEMARLE CORP,NO,Chemicals,Lithium carbonate,NO
2021,27702STHCH2000E,110000347303.0,BRENNTAG MID-SOUTH,2000 E PETTIGREW ST,DURHAM,DURHAM,NC,27703,35.979401,-78.880293,BRENNTAG NORTH AMERICA INC,NO,Chemical Wholesalers,Dichloromethane,YES
2021,27549PRTTL387NC,110001485857.0,PRUITT LUMBER CO INC.,387 NC HWY 56 E,LOUISBURG,FRANKLIN,NC,27549,36.096271,-78.281141,NA,NO,Wood Products,Lead,YES
2021,28273WRTHC11750,110000349711.0,BRENNTAG MID-SOUTH,11750 FRUEHAUF DR,CHARLOTTE,MECKLENBURG,NC,28273,35.12582,-80.95812,BRENNTAG NORTH AMERICA INC,NO,Chemical Wholesalers,Xylene (mixed isomers),NO
2021,2821WMTVNT6851F,110009719974.0,MOTIVA ENTERPRISES LLC CHARLOTTE NORTH & SOUTH TERMINALS,410 TOM SADLER RD,CHARLOTTE,MECKLENBURG,NC,28214,35.27994,-80.93817,MOTIVA ENTERPRISES LLC,NO,Petroleum Bulk Terminals,Lead compounds,NO
2021,2827WSTHRN1169T,110069248479.0,SWS CONCRETE-WESTINGHOUSE PLANT,11609 TEXLAND BLVD,CHARLOTTE,MECKLENBURG,NC,28273,35.110169,-80.923857,STEVENSON-WEIR/SOUTHERN LLC,NO,Nonmetallic Mineral Product,Lead  And Lead Compounds,NO
2021,28208CHRLT1335S,110000349267.0,CHARLOTTE PIPE & FOUNDRY CO,1335 S CLARKSON ST,CHARLOTTE,MECKLENBURG,NC,28208,35.224323,-80.861806,CHARLOTTE PIPE & FOUNDRY CO,NO,Primary Metals,Diisocyanates,NO
2021,28645BTLRP601HI,110000351002.0,TEIJIN AUTOMOTIVE TECHNOLOGIES NORTH CAROLINA COMPOSITES LL,601 HIBRITEN DR SW,LENOIR,CALDWELL,NC,28645,35.883,-81.5294,TEIJIN AUTOMOTIVE TECHNOLOGIES INC,NO,Plastics and Rubber,Styrene,YES
2021,2827WJMMYR512WE,110070839735.0,JIM MYERS & SONS INC,5120 WESTINGHOUSE BLVD,CHARLOTTE,MECKLENBURG,NC,28273,35.145,-80.9853,NA,NO,Fabricated Metals,Manganese,NO
2021,2865WRNWDM11NBR,110070321856.0,RENWOOD MILLS LLC,11 N BRADY AVE,NEWTON,CATAWBA,NC,28658,35.66258,-81.22052,THE MENNEL MILLING CO,NO,Food,Chlorine,NO
2021,28273HRPRC11625,110001479365.0,HARPER CORP OF AMERICA,11625 STEELE CREEK RD,CHARLOTTE,MECKLENBURG,NC,28273,35.13272,-80.97879,NA,NO,Machinery,Chromium  and Chromium Compounds(except for chromite ore mined in the Transvaal Region),NO
2021,2853WRGSHV417MI,110071286184.0,ARGOS HAVELOCK CONCRETE PLANT,417 MILLER BLVD,HAVELOCK,CRAVEN,NC,28532,34.879254,-76.921346,ARGOS USA CORP,NO,Nonmetallic Mineral Product,Lead,YES
2021,28739GNRLL3010S,110000351565.0,CURRENT LIGHTING SOLUTIONS LLC,3010 SPARTANBURG HWY,EAST FLAT ROCK,HENDERSON,NC,28726,35.277222,-82.410004,CURRENT LIGHTING HOLDCO INC,NO,Electrical Equipment,Copper,NO
2021,28472CMPBL1476S,110000350398.0,CAMPBELL OIL & GAS CO.,1476 S JK POWELL BLVD,WHITEVILLE,COLUMBUS,NC,28472,34.30961,-78.71479,CAMPBELL OIL & GAS CO,NO,Petroleum Bulk Terminals,n-Hexane,NO
2021,2725WNDLRX932EA,110056968456.0,INDULOR AMERICA LP,932 E ELM ST,GRAHAM,ALAMANCE,NC,27253,36.08125,-79.38037,NA,NO,Chemicals,Acrylic acid,NO
2021,28054NRYLC214WE,110000348259.0,LANXESS SOLUTIONS US INC,214 W RUBY AVE,GASTONIA,GASTON,NC,28054,35.243611,-81.1875,LANXESS CORP,NO,Chemicals,Thiram,NO
2021,28560WYRHSSTREE,110000350478.0,INTERNATIONAL PAPER- NEW BERN MILL,1785 WEYERHAEUSER RD,VANCEBORO,CRAVEN,NC,28586,35.212247,-77.114823,INTERNATIONAL PAPER CO,NO,Paper,Hydrogen sulfide,NO
2021,27889FLNDRFLAND,110000347722.0,FLANDERS FILTERS INC,531 FLANDERS FILTERS RD,WASHINGTON,BEAUFORT,NC,27889,35.5875,-77.106111,AMERICAN AIR FILTER CO INC,NO,Machinery,Copper,NO
2021,2812WCNCRT247SI,110001488346.0,CONCRETE PIPE & PRECAST LLC-OAKBORO PLANT,20047 SILVER RD,OAKBORO,STANLY,NC,28129,35.224216,-80.337633,CONCRETE PIPE & PRECAST LLC,NO,Nonmetallic Mineral Product,Lead,YES
2021,2770WCRLNS153CA,110001497425.0,CAROLINA SUNROCK LLC - MDC,1503 CAMDEN AVENUE,DURHAM,DURHAM,NC,27704,36.01592,-78.87222,THE SUNROCK GROUP INC,NO,Nonmetallic Mineral Product,Nitrate compounds (water dissociable; reportable only when in aqueous solution),NO
2021,27603LDCST92WIT,110001488863.0,OLDCASTLE PRECAST INC,920 WITHERS RD,RALEIGH,WAKE,NC,27603,35.7293,-78.6645,CRH AMERICAS INC,NO,Nonmetallic Mineral Product,Lead compounds,NO
2021,28320MRPHY255BR,110054879878.0,MURPHY-BROWN LLC BLADEBORO FEED MILL,255 BRYANT SWAMP RD,BLADENBORO,BLADEN,NC,28320,34.550391,-78.8312,MURPHY BROWN LLC,NO,Food,Copper  And Copper Compounds,NO
2021,27524MYCRF96HIL,110000346830.0,MAYCRAFT BOATS LLC,96 HILSBORO RD,FOUR OAKS,JOHNSTON,NC,27524,35.45918,-78.38705,NA,NO,Transportation Equipment,Styrene,YES
2021,28682DKNRG8320E,110000351397.0,DUKE ENERGY CAROLINAS LLC - MARSHALL STEAM STATION,8320 E NC 150 HWY,TERRELL,CATAWBA,NC,28682,35.5983,-80.9636,DUKE ENERGY CORP,NO,Electric Utilities,Mercury compounds,NO
2021,27409PPGND109PP,110001496060.0,PPG INDUSTRIES GREENSBORO POWDER,109 PPG RD,GREENSBORO,GUILFORD,NC,27409,36.08162,-79.92295,PPG INDUSTRIES INC,NO,Chemicals,Zinc compounds,NO
2021,27962WYRHSTROWB,110013794000.0,DOMTAR PAPER CO LLC-PLYMOUTH MILL,TROWBRIDGE RD,PLYMOUTH,MARTIN,NC,27962,35.861716,-76.779683,DOMTAR CORP,NO,Paper,Chlorine,NO
2021,28456FDRLPRIEGE,110009719304.0,INTERNATIONAL PAPER RIEGELWOOD MILL,865 JOHN L.RIEGEL RD,RIEGELWOOD,COLUMBUS,NC,28456,34.3522,-78.2125,INTERNATIONAL PAPER CO,NO,Paper,"Hydrochloric acid (acid aerosols including mists, vapors, gas, fog, and other airborne forms of any particle size)",NO
2021,2845WNSHJH3362H,110039019433.0,NASH JOHNSON & SONS FARMS INC ROSE HILL FEED MILL,3362 HWY 117 N,ROSE HILL,DUPLIN,NC,28458,34.855527,-78.036865,HOUSE OF RAEFORD,NO,Food,Zinc compounds,NO
2021,28621WYRHSRT3OF,110000740663.0,WEYERHAEUSER NR CO-ELKIN PLANT,524 PRIDE WAY,ELKIN,SURRY,NC,28621,36.26471,-80.78851,WEYERHAEUSER CO,NO,Wood Products,Diisocyanates,NO
2021,28075MNRLRHWY49,110057679739.0,VENATOR CHEMICALS LLC,5910 PHARR MILL RD,HARRISBURG,CABARRUS,NC,28075,35.33417,-80.6177,VENATOR AMERICAS LLC,NO,Chemicals,Nitric acid,NO
2021,28144NTNLSCEDAR,110056525835.0,HENKEL US OPERATIONS CORP,825 CEDAR SPRINGS RD,SALISBURY,ROWAN,NC,28147,35.63367,-80.53335,HENKEL OF AMERICA INC,NO,Chemicals,Xylene (mixed isomers),NO
2021,28052FRGHT1400T,110000348124.0,DAIMLER TRUCKS NA LLC,1400 TULIP DR,GASTONIA,GASTON,NC,28052,35.28778,-81.20262,DAIMLER TRUCKS NORTH AMERICA LLC,NO,Transportation Equipment,Manganese,NO
2021,28241HNKLC3300W,110012474740.0,IGM RESINS USA INC,3300 WESTINGHOUSE BLVD,CHARLOTTE,MECKLENBURG,NC,28273,35.132595,-80.960855,IGM SPECIALTIES HOLDING INC,NO,Chemicals,Phthalic anhydride,NO
2021,27282CHMCN108OA,110000345957.0,UNIVAR SOLUTIONS USA INC,108 OAKDALE RD,JAMESTOWN,GUILFORD,NC,27282,35.99347,-79.93371,UNIVAR SOLUTIONS USA INC,NO,Chemical Wholesalers,m-Xylene,NO
2021,27856BRGDR1001E,110007122853.0,CLAYTON NASHVILLE,1001 EASTERN AVE,NASHVILLE,NASH,NC,27856,35.97025,-77.94711,BERKSHIRE HATHAWAY INC,NO,Wood Products,Diisocyanates,NO
2021,27702STHCH2000E,110000347303.0,BRENNTAG MID-SOUTH,2000 E PETTIGREW ST,DURHAM,DURHAM,NC,27703,35.979401,-78.880293,BRENNTAG NORTH AMERICA INC,NO,Chemical Wholesalers,Toluene,NO
2021,27320BHMFLROUTE,110009856165.0,DYSTAR LP,209 WATLINGTON IND US TRIAL DR,REIDSVILLE,ROCKINGHAM,NC,27320,36.32093,-79.64907,DYSTAR LP,NO,Chemicals,Aniline,NO
2021,27320BHMFLROUTE,110009856165.0,DYSTAR LP,209 WATLINGTON IND US TRIAL DR,REIDSVILLE,ROCKINGHAM,NC,27320,36.32093,-79.64907,DYSTAR LP,NO,Chemicals,Certain glycol ethers,NO
2021,28137HMSBY131RH,110000348829.0,SCHULT RICHFIELD,304 E. CHURCH STREET,RICHFIELD,STANLY,NC,28137,35.46526,-80.25797,BERKSHIRE HATHAWAY INC,NO,Wood Products,Diisocyanates,NO
2021,2821WMTVNT6851F,110009719974.0,MOTIVA ENTERPRISES LLC CHARLOTTE NORTH & SOUTH TERMINALS,410 TOM SADLER RD,CHARLOTTE,MECKLENBURG,NC,28214,35.27994,-80.93817,MOTIVA ENTERPRISES LLC,NO,Petroleum Bulk Terminals,Styrene,YES
2021,28024DKNRGDUKEP,110006424404.0,DUKE ENERGY CAROLINAS LLC - ROGERS ENERGY COMPLEX,573 DUKE POWER RD,MOORESBORO,RUTHERFORD,NC,28114,35.217222,-81.761111,DUKE ENERGY CORP,NO,Electric Utilities,Dioxin and dioxin-like compounds,YES
2021,28208JNSCH1500T,110000349294.0,JCI JONES CHEMICALS INC.,1500 TAR HEEL RD,CHARLOTTE,MECKLENBURG,NC,28208,35.26643,-80.90994,JCI JONES CHEMICALS INC,NO,Chemical Wholesalers,Chlorine,NO
2021,28379CRYST162EN,110033627341.0,LATHAM POOL PRODUCTS INC D/B/A VIKING POOLS-NC,162 ENTERPRISE DR,ROCKINGHAM,RICHMOND,NC,28379,34.96422,-79.8091,LATHAM POOL PRODUCTS INC,NO,Plastics and Rubber,Styrene,YES
2021,28461PFZRNEASTM,110000350370.0,ADM SOUTHPORT,1730 E MOORE ST SE,SOUTHPORT,BRUNSWICK,NC,28461,33.94516,-78.00117,ARCHER DANIELS MIDLAND CO,NO,Chemicals,Barium compounds (except for barium sulfate (CAS No. 7727-43-7)),NO
2021,2761WCNCRT374VE,110069232869.0,CONCRETE SUPPLY CO.  LLC - DURANT PARK,3740 OVERLOOK RD,RALEIGH,WAKE,NC,27616,35.880844,-78.577966,CONCRETE SUPPLY CO LLC,NO,Nonmetallic Mineral Product,Lead  And Lead Compounds,NO
2021,2720WTCHNM18CMM,110007663858.0,TECHNIMARK LLC,180 COMMERCE PL,ASHEBORO,RANDOLPH,NC,27203,35.77847,-79.81155,NA,NO,Plastics and Rubber,Antimony,NO
2021,2790WCRPRT112CR,110071045564.0,112 CORPORATE DRIVE E-CITY,112 CORPORATE DR,ELIZABETH CITY,PASQUOTANK,NC,27909,36.36106,-76.29594,GRIFFON CORP,NO,Computers and Electronic Products,Lead,YES
2021,2817WTRNGL296US,110031274323.0,TRIANGLE BRICK-WADESBORO,2960 US HIGHWAY 52 N,WADESBORO,ANSON,NC,28170,35.019923,-80.087889,TRIANGLE BRICK CO,NO,Nonmetallic Mineral Product,Lead compounds,NO
2021,2808WBCKYFPBX42,110070071110.0,BUCKEYE FIRE EQUIPMENT,110 KINGS RD,KINGS MOUNTAIN,GASTON,NC,28086,35.267656,-81.326165,NA,NO,Fabricated Metals,"2,2-Dichloro-1,1,1-trifluoroethane (HCFC-123)",NO
2021,28458MRPHY210TH,110017385079.0,MURPHY-BROWN LLC CHIEF FEED MILL,210 THE CHIEF LN,ROSE HILL,DUPLIN,NC,28458,34.813976,-78.021241,MURPHY BROWN LLC,NO,Food,Manganese,NO
2021,27893NCRMC2401S,110018831852.0,LINAMAR FORGING CAROLINA,2401 STANTONSBURG RD,WILSON,WILSON,NC,27893,35.6957,-77.89097,LINAMAR CORP,NO,Fabricated Metals,Chromium,NO
2021,2791WNVVPL142NC,110071286085.0,ENVIVA PELLETS LLC - AHOSKIE FACILITY,142 NC HIGHWAY 561 E,AHOSKIE,HERTFORD,NC,27910,36.269338,-76.964464,ENVIVA LP,NO,Wood Products,Lead,YES
2021,28456FDRLPRIEGE,110009719304.0,INTERNATIONAL PAPER RIEGELWOOD MILL,865 JOHN L.RIEGEL RD,RIEGELWOOD,COLUMBUS,NC,28456,34.3522,-78.2125,INTERNATIONAL PAPER CO,NO,Paper,Chlorine dioxide,NO
2021,28716CHMPNMAINS,110009846480.0,BLUE RIDGE PAPER PRODUCTS LLC,175 MAIN ST,CANTON,HAYWOOD,NC,28716,35.5349,-82.8421,EVERGREEN PACKAGING GROUP,NO,Paper,Barium compounds (except for barium sulfate (CAS No. 7727-43-7)),NO
2021,28405CRNNG310NC,110038493252.0,CORNING INC,310 N COLLEGE RD,WILMINGTON,NEW HANOVER,NC,28405,34.250833,-77.868889,CORNING INC,NO,Nonmetallic Mineral Product,"Hydrochloric acid (acid aerosols including mists, vapors, gas, fog, and other airborne forms of any particle size)",NO
2021,28472CMPBL1476S,110000350398.0,CAMPBELL OIL & GAS CO.,1476 S JK POWELL BLVD,WHITEVILLE,COLUMBUS,NC,28472,34.30961,-78.71479,CAMPBELL OIL & GAS CO,NO,Petroleum Bulk Terminals,"1,2,4-Trimethylbenzene",NO
2021,28214MRCNC8309W,110000349436.0,DYSTAR CAROLINA CHEMICAL CORP,8309 WILKINSON BLVD,CHARLOTTE,MECKLENBURG,NC,28214,35.24147,-80.98285,DYSTAR LP,NO,Chemicals,Formaldehyde,YES
2021,2814WHXGNG11CRP,110071285784.0,HEXAGON-AGILITY FUEL SYSTEMS,1010 CORPORATE CENTER DR.,SALISBURY,ROWAN,NC,28146,35.622704,-80.490042,NA,NO,Transportation Equipment,Nickel  And Nickel Compounds,YES
2021,28311KLLYS6650R,110000349784.0,THE GOODYEAR TIRE & RUBBER CO FAYETTEVILLE PLANT,6650 RAMSEY ST,FAYETTEVILLE,CUMBERLAND,NC,28311,35.17187,-78.86062,THE GOODYEAR TIRE & RUBBER CO,NO,Plastics and Rubber,Cobalt compounds,NO
2021,28352MNVLLPOBOX,110000349980.0,RAILROAD FRICTION PRODUCTS CORP,13601 AIRPORT RD,MAXTON,SCOTLAND,NC,28364,34.762788,-79.370238,WABTEC CORP,NO,Transportation Equipment,Antimony  And Antimony Compounds,NO
2021,2821WCMCRB31BLA,110070551052.0,CMC REBAR NC CHARLOTTE,301 BLACK SATCHEL DR,CHARLOTTE,MECKLENBURG,NC,28216,35.28369,-80.8869,COMMERCIAL METALS CO,NO,Fabricated Metals,Nickel compounds,YES
2021,28052FRGHT1400T,110000348124.0,DAIMLER TRUCKS NA LLC,1400 TULIP DR,GASTONIA,GASTON,NC,28052,35.28778,-81.20262,DAIMLER TRUCKS NORTH AMERICA LLC,NO,Transportation Equipment,Nickel,YES
2021,28551CRSHNOLDUS,110001492028.0,EATON'S CROUSE-HINDS LLC,4758 E  WASHINGTON ST,LA GRANGE,LENOIR,NC,28551,35.2906,-77.76157,EATON CORP,NO,Electrical Equipment,Copper,NO
2021,27282CHMCN108OA,110000345957.0,UNIVAR SOLUTIONS USA INC,108 OAKDALE RD,JAMESTOWN,GUILFORD,NC,27282,35.99347,-79.93371,UNIVAR SOLUTIONS USA INC,NO,Chemical Wholesalers,Certain glycol ethers,NO
2021,28603SCRTLSTATE,110000350637.0,CORNING OPTICAL COMMUNICATIONS LLC-HMTC,1164 23RD ST SE,HICKORY,CATAWBA,NC,28602,35.71095,-81.29267,CORNING INC,NO,Electrical Equipment,Barium compounds (except for barium sulfate (CAS No. 7727-43-7)),NO
2021,28669HLLYFHWYNC,110009856263.0,TYSON FARMS INC. - ROARING RIVER FEED MILL,179 ROARING RIVER ROAD,ROARING RIVER,WILKES,NC,28669,36.2044,-81.0047,TYSON FOODS INC,NO,Food,Manganese compounds,NO
2021,28302DPNTFHIGHW,110000559609.0,CHEMOURS CO - FAYETTEVILLE WORKS,22828 NC HWY 87 W,FAYETTEVILLE,BLADEN,NC,28306,34.8419,-78.8388,THE CHEMOURS CO,NO,Chemicals,Ethylene glycol,NO
2021,27262PRCHM1670E,110000345895.0,INNOSPEC ACTIVE CHEMICALS,510 W GRIMES AVE,HIGH POINT,GUILFORD,NC,27260,35.950596,-80.009533,INNOSPEC INC,NO,Chemicals,o-Xylene,NO
2021,28358LNDSY612E1,110000350021.0,LINDSEY CAMPBELL OIL CO,612 E 17TH ST,LUMBERTON,ROBESON,NC,28358,34.62886,-79.0003,CAMPBELL OIL & GAS CO,NO,Petroleum Bulk Terminals,Benzene,YES
2021,28364SLGNC2120N,110000350085.0,SILGAN CONTAINERS MANUFACTURING CORP,2120 NC HWY N UNIT A,MAXTON,ROBESON,NC,28364,34.772816,-79.326733,SILGAN HOLDINGS INC,NO,Fabricated Metals,Ethylbenzene,YES
2021,27320BHMFLROUTE,110009856165.0,DYSTAR LP,209 WATLINGTON IND US TRIAL DR,REIDSVILLE,ROCKINGHAM,NC,27320,36.32093,-79.64907,DYSTAR LP,NO,Chemicals,n-Butyl alcohol,NO
2021,27573CGNTR331AL,110000347045.0,CPI USA NORTH CAROLINA LLC,331 ALLIE CLAY RD,ROXBORO,PERSON,NC,27573,36.43286,-78.96017,CAPITAL POWER INC,NO,Electric Utilities,Lead  And Lead Compounds,NO
2021,28451GNRLWHIGHW,110000350307.0,CAROLINA POLE LELAND,1901 WOOD TREATMENT RD,LELAND,BRUNSWICK,NC,28451,34.2504,-78.07447,KOPPERS INC,NO,Wood Products,Dioxin and dioxin-like compounds,YES
2021,27536DYLLMEXIT2,110004037612.0,CM TUCKER LUMBER OF NORTH CAROLINA LLC,100 TUCKER LUMBER RD,HENDERSON,VANCE,NC,27537,36.391981,-78.335061,CM TUCKER LUMBER COS,NO,Wood Products,Copper compounds,NO
2021,2814WKZNBL485CE,110000348936.0,NOURYON SURFACE CHEMISTRY LLC,485 CEDAR SPRINGS RD,SALISBURY,ROWAN,NC,28147,35.62962,-80.53595,NOURYON CHEMICALS LLC,NO,Chemicals,Vinyl acetate,YES
2021,2814WKZNBL485CE,110000348936.0,NOURYON SURFACE CHEMISTRY LLC,485 CEDAR SPRINGS RD,SALISBURY,ROWAN,NC,28147,35.62962,-80.53595,NOURYON CHEMICALS LLC,NO,Chemicals,Styrene,YES
2021,27531SRFRC4CESC,110000913851.0,US DOD USAF SEYMOUR JOHNSON AFB,4 CES CC 1095 PETERSON AVE,GOLDSBORO,WAYNE,NC,27531,35.349475,-77.968849,US DEPARTMENT OF DEFENSE,YES,Other,Naphthalene,YES
2021,27530HFLST1677O,110000496552.0,DUKE ENERGY PROGRESS LLC - H F LEE ENERGY COMPLEX,1199 BLACK JACK CHURCH RD,GOLDSBORO,WAYNE,NC,27530,35.37991,-78.087688,DUKE ENERGY CORP,NO,Electric Utilities,Naphthalene,YES
2021,2725WNDLRX932EA,110056968456.0,INDULOR AMERICA LP,932 E ELM ST,GRAHAM,ALAMANCE,NC,27253,36.08125,-79.38037,NA,NO,Chemicals,Ethyl acrylate,YES
2021,28456FDRLPRIEGE,110009719304.0,INTERNATIONAL PAPER RIEGELWOOD MILL,865 JOHN L.RIEGEL RD,RIEGELWOOD,COLUMBUS,NC,28456,34.3522,-78.2125,INTERNATIONAL PAPER CO,NO,Paper,Methanol,NO
2021,2836WSCTLNPELLD,110070795818.0,SCOTLAND COUNTY FEED MILL,PELL DR,MAXTON,SCOTLAND,NC,28364,34.764203,-79.368579,MOUNTAIRE FARMS INC,NO,Food,Manganese compounds,NO
2021,27893LLNCN237BA,110031469836.0,ALLIANCE ONE SPECIALTY PRODUCTS LLC,2307 BALDREE RD S,WILSON,WILSON,NC,27893,35.69337,-77.91751,PYXUS INTERNATIONAL INC,NO,Tobacco,Nicotine and salts,NO
2021,2710WSTRTF1681S,110014354475.0,STRATFORD METAL FINISHING INC,1681 S MARTIN LUTHER KING JR DR,WINSTON SALEM,FORSYTH,NC,27107,36.075808,-80.220172,NA,NO,Fabricated Metals,Nickel  And Nickel Compounds,YES
2021,27962WYRHSMAINA,110055643736.0,WEYERHAEUSER NR CO - LUMBER TECHNOLOGIES,NC HWY 149 N,PLYMOUTH,MARTIN,NC,27962,35.858814,-76.790571,WEYERHAEUSER CO,NO,Wood Products,Methanol,NO
2021,28016LTHMCHWY16,110056969883.0,LIVENT USA CORP,HWY 161,BESSEMER CITY,GASTON,NC,28016,35.283468,-81.295636,LIVENT USA CORP,NO,Chemicals,n-Hexane,NO
2021,28560WYRHSSTREE,110000350478.0,INTERNATIONAL PAPER- NEW BERN MILL,1785 WEYERHAEUSER RD,VANCEBORO,CRAVEN,NC,28586,35.212247,-77.114823,INTERNATIONAL PAPER CO,NO,Paper,Formaldehyde,YES
2021,2760WWKFLD291IN,110071044085.0,WAKEFIELD-VETTE DBA SIMON INDUSTRIES,2910 INDUSTRIAL DR,RALEIGH,WAKE,NC,27609,35.819967,-78.618257,THE HEICO COS LLC,NO,Fabricated Metals,Copper,NO
2021,2721WCHMTK697CU,110035820403.0,CHEMTEK INC. YANCEYVILLE MANUFACTURING FACILITY,697 COUNTY HOME RD,BLANCH,CASWELL,NC,27212,36.423287,-79.333522,CHEMTEK INC,NO,Chemicals,"Benzo[g,h,i]perylene",NO
2021,2890WSTHRN268WH,110069249129.0,SOUTHERN CONCRETE MATERIALS-ANDREWS PLANT,268 WHITAKER LN,ANDREWS,CHEROKEE,NC,28901,35.19901,-83.83519,HEDRICK INDUSTRIES,NO,Nonmetallic Mineral Product,Lead  And Lead Compounds,NO
2021,27573MYLCT10660,110057382666.0,DUKE ENERGY PROGRESS LLC-MAYO ELECTRIC GENERATING PLANT,10660 BOSTON RD,ROXBORO,PERSON,NC,27574,36.5278,-78.8917,DUKE ENERGY CORP,NO,Electric Utilities,Dioxin and dioxin-like compounds,YES
2021,28144RYNLDPEELE,110000348945.0,WALK-ON PRODUCTS INC,1170 CHUCK TAYLOR LANE,SALISBURY,ROWAN,NC,28147,35.6186,-80.52817,LEGGETT & PLATT INC,NO,Plastics and Rubber,Diisocyanates,NO
2021,27806TXSGLHIGHW,110000586376.0,PCS PHOSPHATE CO INC,1530 NC HWY 306 S,AURORA,BEAUFORT,NC,27806,35.37745,-76.778816,POTASH HOLDING CO INC,NO,Chemicals,"Benzo[g,h,i]perylene",NO
2021,28214TRNSM7401O,110000492672.0,BLANCHARD TERMINAL CO - CHARLOTTE EAST NC TERMINAL,7401 OLD MT HOLLY RD,CHARLOTTE,MECKLENBURG,NC,28214,35.277522,-80.931366,MARATHON PETROLEUM CORP,NO,Petroleum Bulk Terminals,Cyclohexane,NO
2021,27835HNDRX1101I,110002348638.0,TRIEST AG GROUP INC,1101 INDUSTRIAL BLVD,GREENVILLE,PITT,NC,27834,35.645,-77.34877,TRIEST AG GROUP INC,NO,Chemicals,Formaldehyde,YES
2021,28728SHKSP1451S,110054251420.0,SHAKESPEARE CO LLC,1451 SAND HILL RD,ENKA,BUNCOMBE,NC,28728,35.5417,-82.6488,JADEX INC,NO,Chemicals,Formic acid,NO
2021,28302CRGLLRIVER,110009849968.0,CARGILL INC,1754 RIVER RD,FAYETTEVILLE,CUMBERLAND,NC,28312,35.087889,-78.844949,CARGILL INC,NO,Food,Cyclohexane,NO
2021,28451CTNGSRTE74,110004045701.0,COATINGS & ADHESIVES CORP,1901 POPULAR ST NE,LELAND,BRUNSWICK,NC,28451,34.251633,-78.070816,NA,NO,Chemicals,Butyl acrylate,NO
2021,2840WSNNCH251NR,110071284149.0,SENNECA HOLDINGS (HMF EXPRESS),2501 NORTHCHASE PKWY SE,WILMINGTON,NEW HANOVER,NC,28405,34.304473,-77.868614,SENNECA HOLDINGS,NO,Fabricated Metals,Copper,NO
2021,2733WSDNTC5618C,110005971779.0,STI POLYMER INC,5618 CLYDE RHYNE DRIVE,SANFORD,LEE,NC,27330,35.549708,-79.181971,NA,NO,Chemicals,Styrene,YES
2021,2811WCRDNL342MR,110001502311.0,CARDINAL FG FLAT GLASS PLANT,342 MOORESVILLE BLVD,MOORESVILLE,IREDELL,NC,28115,35.63526,-80.786231,CARDINAL GLASS INDUSTRIES,NO,Nonmetallic Mineral Product,Ammonia,NO
2021,28643SPRGL1SPRA,110009858207.0,UNITED CHEMI-CON INC,185 MCNEIL RD,LANSING,ASHE,NC,28643,36.47906,-81.50381,NIPPON CHEMI-CON,NO,Computers and Electronic Products,Ethylene glycol,NO
2021,2740WGRNSB1124S,110070070851.0,GREENSBORO PLANT,1124 S HOLDEN RD,GREENSBORO,GUILFORD,NC,27407,36.05822,-79.84236,RUSSELL STANDARD CORP,NO,Petroleum,Styrene,YES
2021,27559CHRKSSTATE,110006670138.0,GENERAL SHALE BRICK INC MONCURE FACILITY PLANTS 24 & 25,300 BRICK PLANT RD,MONCURE,CHATHAM,NC,27559,35.57242,-79.03562,GENERAL SHALE BRICK INC,NO,Nonmetallic Mineral Product,Hydrogen fluoride,NO
2021,27962WYRHSTROWB,110013794000.0,DOMTAR PAPER CO LLC-PLYMOUTH MILL,TROWBRIDGE RD,PLYMOUTH,MARTIN,NC,27962,35.861716,-76.779683,DOMTAR CORP,NO,Paper,Cresol (mixed isomers),NO
2021,2880WSTHRN8PNDR,110054251527.0,SOUTHERN CONCRETE MATERIALS-POND ROAD PLANT,80 POND RD,ASHEVILLE,BUNCOMBE,NC,28806,35.5458,-82.60318,HEDRICK INDUSTRIES,NO,Nonmetallic Mineral Product,Nitrate compounds (water dissociable; reportable only when in aqueous solution),NO
2021,2808WGRNHC212CM,110070703698.0,GREENHECK FAN CORP - KINGS MOUNTAIN,212 COMMERCE BLVD,KINGS MOUNTAIN,CLEVELAND,NC,28086,35.24031,-81.41077,GREENHECK FAN CORP,NO,Machinery,Chromium,NO
2021,28360LKYST88CAT,110001493090.0,ELKAY PLUMBING PRODUCTS CO,880 CATON ROAD,LUMBERTON,ROBESON,NC,28360,34.64175,-79.07481,ELKAY MANUFACTURING CO,NO,Fabricated Metals,Manganese,NO
2021,27262PRCHM1670E,110000345895.0,INNOSPEC ACTIVE CHEMICALS,510 W GRIMES AVE,HIGH POINT,GUILFORD,NC,27260,35.950596,-80.009533,INNOSPEC INC,NO,Chemicals,Epichlorohydrin,YES
2021,28144NTNLSCEDAR,110056525835.0,HENKEL US OPERATIONS CORP,825 CEDAR SPRINGS RD,SALISBURY,ROWAN,NC,28147,35.63367,-80.53335,HENKEL OF AMERICA INC,NO,Chemicals,Methanol,NO
2021,2873WSTHRN25LDH,110071044104.0,SOUTHERN CONCRETE MATERIALS-PRECAST DIV,250 OLD HENDERSONVILLE RD,FLETCHER,HENDERSON,NC,28732,35.405131,-82.50769,HEDRICK INDUSTRIES,NO,Nonmetallic Mineral Product,Lead  And Lead Compounds,NO
2021,2752WNVNRD3611P,110070943424.0,NOVO NORDISK DAPI-US,3611 POWHATAN RD,CLAYTON,JOHNSTON,NC,27527,35.61703,-78.40426,NOVO NORDISK HOLDINGS INC,NO,Chemicals,"Sulfuric acid (acid aerosols including mists, vapors, gas, fog, and other airborne forms of any particle size)",NO
2021,27403DSTNC1025H,110000346518.0,SHERWIN-WILLIAMS CO,1025 HOWARD ST,GREENSBORO,GUILFORD,NC,27403,36.06238,-79.83395,THE SHERWIN-WILLIAMS CO,NO,Chemicals,Cyclohexane,NO
2021,28429CCDNTOFFST,110000350272.0,ELEMENTIS CHROMIUM INC,5408 HOLLY SHELTER RD,CASTLE HAYNE,NEW HANOVER,NC,28429,34.372516,-77.859466,ELEMENTIS,NO,Chemicals,Lead  And Lead Compounds,NO
2021,28086TNCRPHWY29,110007660281.0,EATON CORP TRANSMISSION DIV,744 S BATTLEGROUND AVE,KINGS MOUNTAIN,CLEVELAND,NC,28086,35.229576,-81.351502,EATON CORP,NO,Transportation Equipment,Manganese,NO
2021,28052FRGHT1400T,110000348124.0,DAIMLER TRUCKS NA LLC,1400 TULIP DR,GASTONIA,GASTON,NC,28052,35.28778,-81.20262,DAIMLER TRUCKS NORTH AMERICA LLC,NO,Transportation Equipment,Zinc (fume or dust),NO
2021,27355LBRTY2607O,110009849682.0,PILGRIM'S PRIDE CORP STALEY FEEDMILL,2607 OLD 421 RD,STALEY,RANDOLPH,NC,27355,35.81061,-79.55357,JBS USA FOOD CO,NO,Food,Copper compounds,NO
2021,27526NCPRD1431P,110022522536.0,OLDCASTLE PRECAST INC,1431 PRODUCTS RD,FUQUAY-VARINA,WAKE,NC,27526,35.598138,-78.77314,CRH AMERICAS INC,NO,Nonmetallic Mineral Product,Barium compounds (except for barium sulfate (CAS No. 7727-43-7)),NO
2021,2750WPXCNC151EW,110054277073.0,ARGOS APEX CONCRETE PLANT,1501 E WILLIAMS ST,APEX,WAKE,NC,27539,35.71034,-78.83807,ARGOS USA CORP,NO,Nonmetallic Mineral Product,Lead,YES
2021,28364SLGNC2120N,110000350085.0,SILGAN CONTAINERS MANUFACTURING CORP,2120 NC HWY N UNIT A,MAXTON,ROBESON,NC,28364,34.772816,-79.326733,SILGAN HOLDINGS INC,NO,Fabricated Metals,Naphthalene,YES
2021,28269BNDLC4823N,110001497489.0,BENDEL TANK & HEAT EXCHANGER LLC,4823 N GRAHAM ST,CHARLOTTE,MECKLENBURG,NC,28269,35.280481,-80.805891,TRANSTECH ENERGY LLC,NO,Fabricated Metals,Nickel,YES
2021,28542CMPLJATTNA,110041995151.0,MCIEAST-MCB CAMLEJ MAIN FACILITY,12 POST LN,CAMP LEJEUNE,ONSLOW,NC,28547,34.669402,-77.322574,US DEPARTMENT OF DEFENSE,YES,Other,Lead  And Lead Compounds,NO
2021,2878WSTHRN5VIGR,110070068096.0,SOUTHERN CONCRETE MATERIALS-WEST WAYNESVILLE PLANT,50 VIGORO LN,WAYNESVILLE,HAYWOOD,NC,28786,35.4734,-83.00555,HEDRICK INDUSTRIES,NO,Nonmetallic Mineral Product,Lead  And Lead Compounds,NO
2021,27343RXBRS1700D,110000346386.0,DUKE ENERGY PROGRESS LLC - ROXBORO STEAM ELECTRIC PLANT,1700 DUNNAWAY RD,SEMORA,PERSON,NC,27343,36.4833,-79.0731,DUKE ENERGY CORP,NO,Electric Utilities,Lead  And Lead Compounds,NO
2021,2834WCMXHM153AI,110022549768.0,CONCRETE SUPPLY CO LLC-HAMLET,1053 AIRPORT RD,HAMLET,RICHMOND,NC,28345,34.87246,-79.74062,CONCRETE SUPPLY CO LLC,NO,Nonmetallic Mineral Product,Lead  And Lead Compounds,NO
2021,28302BRDNN1411I,110009846471.0,HEXION INC-FAYETTEVILLE FACILITY,1411 INDUSTRIAL DR,FAYETTEVILLE,CUMBERLAND,NC,28301,35.0299,-78.86319,HEXION HOLDINGS CORP,NO,Chemicals,Formaldehyde,YES
2021,27374MRSNN325WE,110006722029.0,ASCO POWER TECHNOLOGIES,325 WELCOME CENTER BLVD,WELCOME,DAVIDSON,NC,27374,35.9295,-80.2354,SCHNEIDER ELECTRIC USA INC,NO,Electrical Equipment,Manganese,NO
2021,27530HFLST1677O,110000496552.0,DUKE ENERGY PROGRESS LLC - H F LEE ENERGY COMPLEX,1199 BLACK JACK CHURCH RD,GOLDSBORO,WAYNE,NC,27530,35.37991,-78.087688,DUKE ENERGY CORP,NO,Electric Utilities,Polycyclic aromatic compounds,YES
2021,2850WSNDRS4985H,110043222964.0,SANDERSON FARMS INC,2081 SANDERSON WAY,KINSTON,LENOIR,NC,28504,35.258611,-77.670556,SANDERSON FARMS INC,NO,Food,Peracetic acid,NO
2021,28001PRFRM1700W,110000496598.0,PREFORMED LINE PRODUCTS,1700 WOODHURST LN,ALBEMARLE,STANLY,NC,28001,35.34279,-80.16595,PREFORMED LINE PRODUCTS CO,NO,Chemicals,Diisocyanates,NO
2021,28001PRFRM1700W,110000496598.0,PREFORMED LINE PRODUCTS,1700 WOODHURST LN,ALBEMARLE,STANLY,NC,28001,35.34279,-80.16595,PREFORMED LINE PRODUCTS CO,NO,Chemicals,Lead,YES
2021,28120FRGHT1800N,110000348669.0,DAIMLER TRUCKS NA LLC,1800 N MAIN ST,MOUNT HOLLY,GASTON,NC,28120,35.32452,-81.00572,DAIMLER TRUCKS NORTH AMERICA LLC,NO,Transportation Equipment,Ethylene glycol,NO
2021,27730GNRLTROUTE,110000615228.0,GENERAL TIMBER INC,625 FARMVILLE MINE RD,SANFORD,CHATHAM,NC,27330,35.5648,-79.2116,NA,NO,Wood Products,Arsenic compounds,NO
2021,27406CHMLC2410R,110000346563.0,CHEMOL CO INC,2300 RANDOLPH AVE,GREENSBORO,GUILFORD,NC,27406,36.04432,-79.78471,THE SEYDEL COS,NO,Chemicals,Nickel  And Nickel Compounds,YES
2021,28451CTNGSRTE74,110004045701.0,COATINGS & ADHESIVES CORP,1901 POPULAR ST NE,LELAND,BRUNSWICK,NC,28451,34.251633,-78.070816,NA,NO,Chemicals,Certain glycol ethers,NO
2021,27536BLLNCUSHWY,110001482887.0,ARDAGH GLASS INC,620 FACET RD,HENDERSON,VANCE,NC,27537,36.291066,-78.391883,ARDAGH HOLDINGS USA INC,NO,Nonmetallic Mineral Product,Lead compounds,NO
2021,28682DKNRG8320E,110000351397.0,DUKE ENERGY CAROLINAS LLC - MARSHALL STEAM STATION,8320 E NC 150 HWY,TERRELL,CATAWBA,NC,28682,35.5983,-80.9636,DUKE ENERGY CORP,NO,Electric Utilities,Manganese compounds,NO
2021,28716CHMPNMAINS,110009846480.0,BLUE RIDGE PAPER PRODUCTS LLC,175 MAIN ST,CANTON,HAYWOOD,NC,28716,35.5349,-82.8421,EVERGREEN PACKAGING GROUP,NO,Paper,Catechol,YES
2021,2733WSDNTC5618C,110005971779.0,STI POLYMER INC,5618 CLYDE RHYNE DRIVE,SANFORD,LEE,NC,27330,35.549708,-79.181971,NA,NO,Chemicals,Butyl acrylate,NO
2021,28208SHLND3930G,110000349329.0,NEXEO SOLUTIONS LLC,3930 GLENWOOD DR,CHARLOTTE,MECKLENBURG,NC,28208,35.2511,-80.8855,UNIVAR SOLUTIONS USA INC,NO,Chemical Wholesalers,Methanol,NO
2021,27526JHNDR6501H,110006722092.0,JOHN DEERE TURF CARE,6501 SOUTH NC 55 HWY,FUQUAY VARINA,WAKE,NC,27526,35.58289,-78.75688,DEERE & CO,NO,Machinery,Lead,YES
2021,2783WHVRTR1262T,110069518604.0,HOOVER TREATED WOOD PRODUCTS INC,1262 TRUEBLOOD RD,HALIFAX,HALIFAX,NC,27839,36.391414,-77.617592,GRAHAM HOLDINGS CO,NO,Wood Products,Copper compounds,NO
2021,28451GNRLWHIGHW,110000350307.0,CAROLINA POLE LELAND,1901 WOOD TREATMENT RD,LELAND,BRUNSWICK,NC,28451,34.2504,-78.07447,KOPPERS INC,NO,Wood Products,Polycyclic aromatic compounds,YES
2021,27403MRFLX2110H,110000346527.0,VERTELLUS GREENSBORO LLC,2110 W GATE CITY BLVD,GREENSBORO,GUILFORD,NC,27403,36.05963,-79.82714,V GLOBAL HOLDINGS LLC,NO,Chemicals,Methanol,NO
2021,27403DSTNC1025H,110000346518.0,SHERWIN-WILLIAMS CO,1025 HOWARD ST,GREENSBORO,GUILFORD,NC,27403,36.06238,-79.83395,THE SHERWIN-WILLIAMS CO,NO,Chemicals,"1,2,4-Trimethylbenzene",NO
2021,2753WTHMSC845CM,110001483458.0,MARS PETCARE US INC.,845 COMMERCE DR,HENDERSON,VANCE,NC,27537,36.26709,-78.40091,MARS INC,NO,Food,Zinc compounds,NO
2021,2808WGRNHC212CM,110070703698.0,GREENHECK FAN CORP - KINGS MOUNTAIN,212 COMMERCE BLVD,KINGS MOUNTAIN,CLEVELAND,NC,28086,35.24031,-81.41077,GREENHECK FAN CORP,NO,Machinery,Nickel,YES
2021,2814WLDPRD132LI,110070225354.0,ALDO COATINGS,1320 LITTON DR,SALISBURY,ROWAN,NC,28147,35.61097,-80.55362,INLAND COATINGS HOLDINGS LLC,NO,Chemicals,Ethylbenzene,YES
2021,27355LBRTY2607O,110009849682.0,PILGRIM'S PRIDE CORP STALEY FEEDMILL,2607 OLD 421 RD,STALEY,RANDOLPH,NC,27355,35.81061,-79.55357,JBS USA FOOD CO,NO,Food,Manganese compounds,NO
2021,28677THVLS1931S,110006719168.0,SHERWIN-WILLIAMS CO,188 SIDE TRACK DR,STATESVILLE,IREDELL,NC,28625,35.76391,-80.84241,THE SHERWIN-WILLIAMS CO,NO,Chemicals,Lead,YES
2021,28402GCMPNCASTL,110000745230.0,GE CO,3901 CASTLE HAYNE RD NC HWY 133,WILMINGTON,NEW HANOVER,NC,28401,34.32184,-77.92815,GENERAL ELECTRIC CO (GE CO),NO,Chemicals,Cobalt,YES
2021,28170CRLNBLITTL,110008055674.0,VALLEY PROTEINS INC - WADESBORO FACILITY,656 LITTLE DUNCAN RD,WADESBORO,ANSON,NC,28170,35.038228,-80.082846,VALLEY PROTEINS INC,NO,Food,Ammonia,NO
2021,28328CMPBL224FA,110000349837.0,CAMPBELL OIL & GAS CO.,224 FAISON HWY,CLINTON,SAMPSON,NC,28328,35.00735,-78.30882,CAMPBELL OIL & GAS CO,NO,Petroleum Bulk Terminals,n-Hexane,NO
2021,2860WSCMKR11261,110001484894.0,SOUTHERN CONCRETE MATERIALS-HICKORY (KERRS),1126 1ST AVE SW,HICKORY,CATAWBA,NC,28602,35.731331,-81.357788,HEDRICK INDUSTRIES,NO,Nonmetallic Mineral Product,Lead  And Lead Compounds,NO
2021,2840WSWWLM229MN,110001480326.0,S&W WILMINGTON PLANT,2209 MONROE STREET,WILMINGTON,NEW HANOVER,NC,28401,34.19699,-77.94414,TITAN AMERICA LLC,NO,Nonmetallic Mineral Product,Lead,YES
2021,2814WKZNBL485CE,110000348936.0,NOURYON SURFACE CHEMISTRY LLC,485 CEDAR SPRINGS RD,SALISBURY,ROWAN,NC,28147,35.62962,-80.53595,NOURYON CHEMICALS LLC,NO,Chemicals,"1,2-Dichloroethane",YES
2021,2725WNDLRX932EA,110056968456.0,INDULOR AMERICA LP,932 E ELM ST,GRAHAM,ALAMANCE,NC,27253,36.08125,-79.38037,NA,NO,Chemicals,Styrene,YES
2021,2702WCNCRT215IN,110022292561.0,CONCRETE SUPPLY CO-MOCKSVILLE PLANT-INDUSTRIAL DR,215 IND US TRIAL BLVD,MOCKSVILLE,DAVIE,NC,27028,35.89958,-80.54364,CONCRETE SUPPLY CO LLC,NO,Nonmetallic Mineral Product,Lead  And Lead Compounds,NO
2021,28655STRND114IN,110000351155.0,HEXION INC - MORGANTON FACILITY,114 IND US TRIAL BLVD,MORGANTON,BURKE,NC,28655,35.7305,-81.749667,HEXION HOLDINGS CORP,NO,Chemicals,Certain glycol ethers,NO
2021,28025MRCHM723CO,110000348035.0,AMERICHEM INC CNC,723 COMMERCE DR,CONCORD,CABARRUS,NC,28025,35.378066,-80.58515,AMERICHEM INC,NO,Chemicals,Chromium compounds (except for chromite ore mined in the Transvaal Region),NO
2021,27573MYLCT10660,110057382666.0,DUKE ENERGY PROGRESS LLC-MAYO ELECTRIC GENERATING PLANT,10660 BOSTON RD,ROXBORO,PERSON,NC,27574,36.5278,-78.8917,DUKE ENERGY CORP,NO,Electric Utilities,Hydrogen fluoride,NO
2021,27882BLTCN605NP,110000347660.0,BELT CONCEPTS OF AMERICA INC,605 N PINE ST,SPRING HOPE,NASH,NC,27882,35.94871,-78.11672,RIGHT LANE INDUSTRIES LLC,NO,Plastics and Rubber,Dibutyl phthalate,NO
2021,28402STHTL3527H,110009846462.0,SOUTH ATLANTIC SERVICES INC,3527 HWY 421 N,WILMINGTON,NEW HANOVER,NC,28401,34.29153,-77.97009,SOUTH ATLANTIC SERVICES INC,NO,Chemicals,Hydrazine,YES
2021,2853WSWHBR3248F,110027981922.0,S&W HUBERT PLANT,3248 FREEDOM WAY,HUBERT,ONSLOW,NC,28539,34.71638,-77.20167,TITAN AMERICA LLC,NO,Nonmetallic Mineral Product,Lead,YES
2021,27889FLNDRFLAND,110000347722.0,FLANDERS FILTERS INC,531 FLANDERS FILTERS RD,WASHINGTON,BEAUFORT,NC,27889,35.5875,-77.106111,AMERICAN AIR FILTER CO INC,NO,Machinery,Nickel,YES
2021,27806TXSGLHIGHW,110000586376.0,PCS PHOSPHATE CO INC,1530 NC HWY 306 S,AURORA,BEAUFORT,NC,27806,35.37745,-76.778816,POTASH HOLDING CO INC,NO,Chemicals,Polycyclic aromatic compounds,YES
2021,27406VNKST241DY,110067042122.0,EVONIK SUPERABSORBER LLC,2401 DOYLE ST,GREENSBORO,GUILFORD,NC,27406,36.0441,-79.78814,EVONIK CORP,NO,Chemicals,Acrylamide,YES
2021,27052DKNRGPINEH,110000604141.0,DUKE ENERGY CAROLINAS LLC - BELEWS CREEK STEAM STATION,3195 PINE HALL RD,WALNUT COVE,STOKES,NC,27052,36.281338,-80.059438,DUKE ENERGY CORP,NO,Electric Utilities,Hydrogen fluoride,NO
2021,27052DKNRGPINEH,110000604141.0,DUKE ENERGY CAROLINAS LLC - BELEWS CREEK STEAM STATION,3195 PINE HALL RD,WALNUT COVE,STOKES,NC,27052,36.281338,-80.059438,DUKE ENERGY CORP,NO,Electric Utilities,Mercury  And Mercury Compounds,NO
2021,28208SHLND3930G,110000349329.0,NEXEO SOLUTIONS LLC,3930 GLENWOOD DR,CHARLOTTE,MECKLENBURG,NC,28208,35.2511,-80.8855,UNIVAR SOLUTIONS USA INC,NO,Chemical Wholesalers,Xylene (mixed isomers),NO
2021,27013FRGHTHWY70,110000345083.0,DAIMLER TRUCKS NA LLC-CLEVELAND,11550 STATESVILLE BLVD,CLEVELAND,ROWAN,NC,27013,35.72916,-80.68949,DAIMLER TRUCKS NORTH AMERICA LLC,NO,Transportation Equipment,Methanol,NO
2021,2803WRNLLH235AN,110071250646.0,R-ANELL HOUSING GROUP LLC DBA R-ANELL HOMES,235 ANTHONY GROVE RD,CROUSE,GASTON,NC,28033,35.39568,-81.33103,CAVCO INDUSTRIES INC,NO,Wood Products,Diisocyanates,NO
2021,2740WSSCTD1SUTH,110012339987.0,ASSOCIATED ASPHALT GREENSBORO LLC,100 S CHIMNEY ROCK RD,GREENSBORO,GUILFORD,NC,27409,36.075477,-79.920317,ASSOCIATED ASPHALT PARTNERS LLC,NO,Petroleum Bulk Terminals,Polycyclic aromatic compounds,YES
2021,27520MLSNCHWY70,110000745187.0,GRIFOLS THERAPEUTICS LLC,8368 US 70 B US HWY W,CLAYTON,JOHNSTON,NC,27520,35.61961,-78.42068,GRIFOLS THERAPEUTICS LLC,NO,Chemicals,Ethylene glycol,NO
2021,28456FDRLPRIEGE,110009719304.0,INTERNATIONAL PAPER RIEGELWOOD MILL,865 JOHN L.RIEGEL RD,RIEGELWOOD,COLUMBUS,NC,28456,34.3522,-78.2125,INTERNATIONAL PAPER CO,NO,Paper,Formaldehyde,YES
2021,27262PRCHM1670E,110000345895.0,INNOSPEC ACTIVE CHEMICALS,510 W GRIMES AVE,HIGH POINT,GUILFORD,NC,27260,35.950596,-80.009533,INNOSPEC INC,NO,Chemicals,"Hydrochloric acid (acid aerosols including mists, vapors, gas, fog, and other airborne forms of any particle size)",NO
2021,27008STHRNHWY70,110000345074.0,CARGILL FEED & NUTRITION BARBER,9150 STATESVILLE BLVD,CLEVELAND,ROWAN,NC,27013,35.71845,-80.6452,CARGILL INC,NO,Food,Manganese compounds,NO
2021,27262PRCHM1670E,110000345895.0,INNOSPEC ACTIVE CHEMICALS,510 W GRIMES AVE,HIGH POINT,GUILFORD,NC,27260,35.950596,-80.009533,INNOSPEC INC,NO,Chemicals,Methanol,NO
2021,27403DSTNC1025H,110000346518.0,SHERWIN-WILLIAMS CO,1025 HOWARD ST,GREENSBORO,GUILFORD,NC,27403,36.06238,-79.83395,THE SHERWIN-WILLIAMS CO,NO,Chemicals,Ethylene glycol,NO
2021,28804RVCSC275AI,110009296699.0,THERMO FISHER SCIENTIFIC,275 AIKEN RD,ASHEVILLE,BUNCOMBE,NC,28804,35.6849,-82.57636,THERMO FISHER SCIENTIFIC INC,NO,Machinery,Diisocyanates,NO
2021,28241HNKLC3300W,110012474740.0,IGM RESINS USA INC,3300 WESTINGHOUSE BLVD,CHARLOTTE,MECKLENBURG,NC,28273,35.132595,-80.960855,IGM SPECIALTIES HOLDING INC,NO,Chemicals,Nitric acid,NO
2021,2880WDVSTL4MEAD,110004012452.0,DAVE STEEL CO INC,40 MEADOW RD,ASHEVILLE,BUNCOMBE,NC,28803,35.56675,-82.55259,DAVE STEEL CO INC,NO,Fabricated Metals,Copper,NO
2021,28429DMSPR5225H,110012146267.0,ADAMS AN OLDCASTLE CO - CASTLE HAYNE,5225 HOLLY SHELTER RD,CASTLE HAYNE,NEW HANOVER,NC,28429,34.35581,-77.86779,CRH AMERICAS INC,NO,Nonmetallic Mineral Product,Lead,YES
2021,28024DKNRGDUKEP,110006424404.0,DUKE ENERGY CAROLINAS LLC - ROGERS ENERGY COMPLEX,573 DUKE POWER RD,MOORESBORO,RUTHERFORD,NC,28114,35.217222,-81.761111,DUKE ENERGY CORP,NO,Electric Utilities,Hydrogen fluoride,NO
2021,28024DKNRGDUKEP,110006424404.0,DUKE ENERGY CAROLINAS LLC - ROGERS ENERGY COMPLEX,573 DUKE POWER RD,MOORESBORO,RUTHERFORD,NC,28114,35.217222,-81.761111,DUKE ENERGY CORP,NO,Electric Utilities,"Hydrochloric acid (acid aerosols including mists, vapors, gas, fog, and other airborne forms of any particle size)",NO
2021,28542CMPLJATTNA,110041995151.0,MCIEAST-MCB CAMLEJ MAIN FACILITY,12 POST LN,CAMP LEJEUNE,ONSLOW,NC,28547,34.669402,-77.322574,US DEPARTMENT OF DEFENSE,YES,Other,Nitroglycerin,NO
2021,28086KNGSM1755S,110017844270.0,KINGS MOUNTAIN INTERNATIONAL INC.,1755 SOUTH BATTLEGROUND AVE.,KINGS MOUNTAIN,CLEVELAND,NC,28086,35.1874,-81.4092,NA,NO,Fabricated Metals,Chromium compounds (except for chromite ore mined in the Transvaal Region),NO
2021,2832WDBSNT9INDU,110070669640.0,DUBOSE NATIONAL ENERGY SERVICES INC.,900 INDUSTRIAL DR,CLINTON,SAMPSON,NC,28328,35.023,-78.33492,RELIANCE STEEL & ALUMINUM CO,NO,Fabricated Metals,Nickel,YES
2021,28110HLLYFSECRE,110000348516.0,TYSON FARMS INC,233 S SECREST AVE,MONROE,UNION,NC,28112,34.9815,-80.494566,TYSON FOODS INC,NO,Food,Ammonia,NO
2021,2830WDPNTF22654,110067659466.0,DUPONT FAYETTEVILLE,22654 NC HWY 87 SOUTH,FAYETTEVILLE,BLADEN,NC,28306,34.845568,-78.854426,DUPONT DE NEMOURS INC,NO,Plastics and Rubber,Vinyl fluoride,YES
2021,2710WSTRTF1681S,110014354475.0,STRATFORD METAL FINISHING INC,1681 S MARTIN LUTHER KING JR DR,WINSTON SALEM,FORSYTH,NC,27107,36.075808,-80.220172,NA,NO,Fabricated Metals,Nitric acid,NO
2021,28352MNVLLPOBOX,110000349980.0,RAILROAD FRICTION PRODUCTS CORP,13601 AIRPORT RD,MAXTON,SCOTLAND,NC,28364,34.762788,-79.370238,WABTEC CORP,NO,Transportation Equipment,Toluene,NO
2021,28461CGNTR1281C,110043787783.0,CPI USA NORTH CAROLINA LLC,1281 POWERHOUSE DR,SOUTHPORT,BRUNSWICK,NC,28461,33.94303,-78.009397,CAPITAL POWER INC,NO,Electric Utilities,Lead  And Lead Compounds,NO
2021,2754WCRLNS214SU,110037982993.0,CAROLINA SUNROCK LLC - KITTRELL,214 SUNROCK ROAD,KITTRELL,VANCE,NC,27544,36.169116,-78.443883,THE SUNROCK GROUP INC,NO,Nonmetallic Mineral Product,Lead  And Lead Compounds,NO
2021,2807WKRZTR11836,110070932184.0,KURZ TRANSFER PRODUCTS. L.P. HUNTERSVILLE,11836 PATTERSON RD,HUNTERSVILLE,MECKLENBURG,NC,28078,35.38447,-80.86459,KURZ TRANSFER PRODUCTS LP,NO,Printing,Xylene (mixed isomers),NO
2021,27962WYRHSTROWB,110013794000.0,DOMTAR PAPER CO LLC-PLYMOUTH MILL,TROWBRIDGE RD,PLYMOUTH,MARTIN,NC,27962,35.861716,-76.779683,DOMTAR CORP,NO,Paper,"Hydrochloric acid (acid aerosols including mists, vapors, gas, fog, and other airborne forms of any particle size)",NO
2021,27407BRLNG6008H,110012656697.0,ALBERDINGK BOLEY INC,6008 WEST GATE CITY BOULEVARD,GREENSBORO,GUILFORD,NC,27407,36.00477,-79.90461,NA,NO,Chemicals,N-Methyl-2-pyrrolidone,NO
2021,28659CRTNT1149A,110001503301.0,PLYCEM USA LLC,1149 ABTCO RD,NORTH WILKESBORO,WILKES,NC,28659,36.199131,-81.034545,ELEMENTIA USA INC,NO,Nonmetallic Mineral Product,Lead,YES
2021,27834MTLLX251IN,110015308111.0,METALLIX REFINING  INC.,251 INDUSTRIAL BLVD,GREENVILLE,PITT,NC,27834,35.64516,-77.36382,METALLIX REFINING INC,NO,Primary Metals,Silver,NO
2021,2791WNVVPL142NC,110071286085.0,ENVIVA PELLETS LLC - AHOSKIE FACILITY,142 NC HIGHWAY 561 E,AHOSKIE,HERTFORD,NC,27910,36.269338,-76.964464,ENVIVA LP,NO,Wood Products,Formaldehyde,YES
2021,28601SHFRDLIGHL,110000350539.0,SHURTAPE TECHNOLOGIES LLC - HICKORY TAPE PLANT,1620 HIGHLAND AVENUE NE,HICKORY,CATAWBA,NC,28601,35.738,-81.309,STM INC,NO,Paper,n-Hexane,NO
2021,28241CBGGY3400W,110000349604.0,HUNTSMAN INTERNATIONAL LLC,3400 WESTINGHO US E BLVD,CHARLOTTE,MECKLENBURG,NC,28273,35.13264,-80.9635,HUNTSMAN CORP,NO,Chemicals,Chromium compounds (except for chromite ore mined in the Transvaal Region),NO
2021,28732RCKWL1000R,110000351538.0,MERITOR HEAVY VEHICLE SYSTEMS LLC,1000 ROCKWELL DR,FLETCHER,HENDERSON,NC,28732,35.4137,-82.5161,MERITOR INC,NO,Transportation Equipment,Chromium,NO
2021,27298SSCTD6163O,110000346135.0,NORCRAFT COS LP DBA ULTRACRAFT CABINETRY,6163 OLD 421 RD,LIBERTY,RANDOLPH,NC,27298,35.88299,-79.57968,FORTUNE BRANDS HOME & SECURITY INC,NO,Furniture,Xylene (mixed isomers),NO
2021,28208CHRLT1335S,110000349267.0,CHARLOTTE PIPE & FOUNDRY CO,1335 S CLARKSON ST,CHARLOTTE,MECKLENBURG,NC,28208,35.224323,-80.861806,CHARLOTTE PIPE & FOUNDRY CO,NO,Primary Metals,Zinc (fume or dust),NO
2021,27962WYRHSTROWB,110013794000.0,DOMTAR PAPER CO LLC-PLYMOUTH MILL,TROWBRIDGE RD,PLYMOUTH,MARTIN,NC,27962,35.861716,-76.779683,DOMTAR CORP,NO,Paper,Chlorine dioxide,NO
2021,2726WJWTCR658LI,110007662779.0,JOWAT CORP,6058 LOIS LN,HIGH POINT,RANDOLPH,NC,27263,35.90182,-80.01005,NA,NO,Chemicals,Diisocyanates,NO
2021,28682DKNRG8320E,110000351397.0,DUKE ENERGY CAROLINAS LLC - MARSHALL STEAM STATION,8320 E NC 150 HWY,TERRELL,CATAWBA,NC,28682,35.5983,-80.9636,DUKE ENERGY CORP,NO,Electric Utilities,Copper compounds,NO
2021,27565CRTNT200CE,110000347018.0,CERTAINTEED CORP.,200 CERTAINTEED RD,OXFORD,GRANVILLE,NC,27565,36.293789,-78.615014,SAINT-GOBAIN CORP,NO,Petroleum,Mercury  And Mercury Compounds,NO
2021,2871WRSSLL1561G,110070244719.0,RUSSELL STANDARD CORP,1561 GROVESTONE RD,BLACK MOUNTAIN,BUNCOMBE,NC,28711,35.606326,-82.362298,RUSSELL STANDARD CORP,NO,Petroleum Bulk Terminals,Polycyclic aromatic compounds,YES
2021,2733WSDNTC5618C,110005971779.0,STI POLYMER INC,5618 CLYDE RHYNE DRIVE,SANFORD,LEE,NC,27330,35.549708,-79.181971,NA,NO,Chemicals,Acrylonitrile,YES
2021,28054NRYLC214WE,110000348259.0,LANXESS SOLUTIONS US INC,214 W RUBY AVE,GASTONIA,GASTON,NC,28054,35.243611,-81.1875,LANXESS CORP,NO,Chemicals,Propargite,NO
2021,27849PRDNCHIGHW,110004027320.0,LEWISTON PROCESSING PLANT,3539 GOVERNORS RD,LEWISTON WOODVILLE,BERTIE,NC,27849,36.140066,-77.224466,PERDUE FARMS INC,NO,Food,Peracetic acid,NO
2021,27406LYMPC4100P,110000346572.0,OLYMPIC PRODUCTS LLC,4100 PLEASANT GARDEN RD,GREENSBORO,GUILFORD,NC,27406,36.00601,-79.78029,NA,NO,Plastics and Rubber,Toluene diisocyanate (mixed isomers),YES
2021,27107STRHC4000O,110000345458.0,ARDAGH METAL BEVERAGE USA INC RE: WINSTON SALEM PLANT,4000 OLD MILWAUKEE LN,WINSTON SALEM,FORSYTH,NC,27107,36.03497,-80.22449,ARDAGH HOLDINGS USA INC,NO,Fabricated Metals,Certain glycol ethers,NO
2021,2862WPTTSB3PGWD,110055586101.0,PITTSBURGH GLASS WORKS - ELKIN PLANT,300 PGW DRIVE,ELKIN,SURRY,NC,28621,36.273581,-80.833979,VITRO ASSETS CORP TEXAS,NO,Nonmetallic Mineral Product,Chromium compounds (except for chromite ore mined in the Transvaal Region),NO
2021,28557BLLYR135LI,110009858038.0,BALLY REFRIGERATED BOXES INC.,135 LITTLE NINE ROAD,MOREHEAD CITY,CARTERET,NC,28557,34.739493,-76.808982,BALLY REFRIGERATED BOXES INC,NO,Machinery,Chromium,NO
2021,28144NTNLL1709J,110000348927.0,GRANGES AMERICAS INC,1709 JAKE ALEXANDER BLVD S,SALISBURY,ROWAN,NC,28146,35.64153,-80.4729,GRANGES AMERICAS INC,NO,Primary Metals,Chlorine,NO
2021,27215HFFMN1021Q,110000345626.0,HUFFMAN OIL CO INC,1021 QUEEN ANN ST,BURLINGTON,ALAMANCE,NC,27217,36.08485,-79.41787,NA,NO,Petroleum Bulk Terminals,Toluene,NO
2021,27877RSNLLWATER,110006848322.0,RESINALL CORP,302 N WATER ST,SEVERN,NORTHAMPTON,NC,27877,36.512899,-77.189712,ERGON INC,NO,Chemicals,Cumene,YES
2021,28016LTHMCHWY16,110056969883.0,LIVENT USA CORP,HWY 161,BESSEMER CITY,GASTON,NC,28016,35.283468,-81.295636,LIVENT USA CORP,NO,Chemicals,Lithium carbonate,NO
2021,27932RGLTR187PE,110000347937.0,REGULATOR MARINE INC.,187 PEANUT DR,EDENTON,CHOWAN,NC,27932,36.08263,-76.59175,NA,NO,Transportation Equipment,Styrene,YES
2021,2838WSNDRS276NC,110069992280.0,SANDERSON FARMS ST. PAULS PROCESSING,2076 NC HIGHWAY 20 W,SAINT PAULS,ROBESON,NC,28384,34.827673,-79.015169,SANDERSON FARMS INC,NO,Food,Ammonia,NO
2021,27559WYRHSSTATE,110000346992.0,ARAUCO N.A. INC.,985 CORINTH RD,MONCURE,CHATHAM,NC,27559,35.60067,-79.04634,ARAUCO NORTH AMERICA INC,NO,Wood Products,Methanol,NO
2021,27263LPFMN2222S,110000345902.0,FXI INC. - HIGH POINT,2222 SURRET T DR,HIGH POINT,RANDOLPH,NC,27263,35.916778,-80.800856,FXI INC,NO,Plastics and Rubber,Toluene diisocyanate (mixed isomers),YES
2021,2737WCRSTR262WE,110069248870.0,CARAUSTAR INDUSTRIAL & CONSUMER PRODUCTS GROUP INC. DBA G,262 WELCOME CENTER COURT,WELCOME,DAVIDSON,NC,27374,35.92809,-80.23464,GREIF INC,NO,Paper,Lead,YES
2021,2879WSTHRN715SH,110070068094.0,SOUTHERN CONCRETE MATERIALS-HENDERSONVILLE PLANT,715 SHEPHERD ST,HENDERSONVILLE,HENDERSON,NC,28792,35.29695,-82.43849,HEDRICK INDUSTRIES,NO,Nonmetallic Mineral Product,Lead  And Lead Compounds,NO
2021,28787RLNCLREEMS,110000351681.0,DODGE MECHANICAL POWER TRANSMISSION CO,70 REEMS CREEK RD,WEAVERVILLE,BUNCOMBE,NC,28787,35.68472,-82.56483,RBC BEARINGS INC,NO,Machinery,Copper,NO
2021,275593MCPT4191H,110056955022.0,3M CO-PITTSBORO,4191 HWY 87 S,MONCURE,CHATHAM,NC,27559,35.660933,-79.167316,3M CO,NO,Nonmetallic Mineral Product,Chromium compounds (except for chromite ore mined in the Transvaal Region),NO
2021,28560WYRHSSTREE,110000350478.0,INTERNATIONAL PAPER- NEW BERN MILL,1785 WEYERHAEUSER RD,VANCEBORO,CRAVEN,NC,28586,35.212247,-77.114823,INTERNATIONAL PAPER CO,NO,Paper,Catechol,YES
2021,27107STRCT1725V,110001493615.0,STRUCTURAL STEEL OF CAROLINA,1720 VARGRAVE ST,WINSTON SALEM,FORSYTH,NC,27107,36.07636,-80.22982,STRUCTURAL STEEL OF CAROLINA,NO,Fabricated Metals,Manganese,NO
2021,28054NRYLC214WE,110000348259.0,LANXESS SOLUTIONS US INC,214 W RUBY AVE,GASTONIA,GASTON,NC,28054,35.243611,-81.1875,LANXESS CORP,NO,Chemicals,Ethylene glycol,NO
2021,28025CHMTX2725A,110012339941.0,HEIQ CHEMTEX INC,2725 ARMENTROUT DR,CONCORD,CABARRUS,NC,28025,35.37851,-80.57505,NA,NO,Chemicals,Maleic anhydride,NO
2021,27886LCTLT2801A,110000347697.0,"LS CABLE & SYSTEM U.S.A., INC.",2901 ANACONDA RD,TARBORO,EDGECOMBE,NC,27886,35.91085,-77.5804,SUPERIOR ESSEX INC,NO,Primary Metals,Zinc compounds,NO
2021,27573LSNPC10475,110000492636.0,LOUISIANA PACIFIC CORP. ROXBOR O OSB,10475 BOSTON RD,ROXBORO,PERSON,NC,27574,36.52113,-78.90658,LOUISIANA PACIFIC CORP,NO,Wood Products,Lead,YES
2021,2751WPLNTC331RE,110009717271.0,ARGOS READY MIX CARY CONCRETE PLANT,331 REEDY CREEK RD,CARY,WAKE,NC,27513,35.79214,-78.76847,ARGOS USA CORP,NO,Nonmetallic Mineral Product,Lead,YES
2021,28273TWCKN145WE,110024942446.0,ITW COOKING EQUIPMENT,10405 WESTLAKE DR,CHARLOTTE,MECKLENBURG,NC,28273,35.14276,-80.96875,ILLINOIS TOOL WORKS INC,NO,Machinery,Chromium,NO
2021,2733WSDNTC5618C,110005971779.0,STI POLYMER INC,5618 CLYDE RHYNE DRIVE,SANFORD,LEE,NC,27330,35.549708,-79.181971,NA,NO,Chemicals,Vinyl acetate,YES
2021,27834SMGRN1125S,110004060453.0,DENSO MANUFACTURING NORTH CAROLINA INC. - GREENVILLE PLANT,1125 SUGG PKWY,GREENVILLE,PITT,NC,27834,35.65605,-77.34439,DENSO INTERNATIONAL AMERICA INC,NO,Transportation Equipment,Copper,NO
2021,28150CRTSS201OL,110000349052.0,CURTISS-WRIGHT,201 OLD BOILING SPRINGS RD,SHELBY,CLEVELAND,NC,28152,35.28872,-81.58737,CURTISS-WRIGHT CORP,NO,Transportation Equipment,1-Bromopropane,YES
2021,28677CLRKQI77I4,110010283996.0,CLARK EQUIPMENT DBA DOOSAN INFRACORE CONSTRUCTION EQUIPMENT,1293 GLENWAY DR,STATESVILLE,IREDELL,NC,28625,35.81027,-80.86413,NA,NO,Machinery,Manganese,NO
2021,28645MRLNC1333V,110012706964.0,MARLIN DBA BRENNTAG MIDSOUTH,1333 VIRGINIA ST,LENOIR,CALDWELL,NC,28645,35.88465,-81.56351,NA,NO,Chemicals,Certain glycol ethers,NO
2021,28302CPFRF1309I,110000349748.0,VALLEY PROTEINS INC - FAYETTEVILLE FACILITY,1309 INDUSTRIAL DR,FAYETTEVILLE,CUMBERLAND,NC,28301,35.03104,-78.86301,VALLEY PROTEINS INC,NO,Food,Nitrate compounds (water dissociable; reportable only when in aqueous solution),NO
2021,28110MDLVLAIRPO,110000348525.0,CIRCOR PUMPS N.A. LLC,1710 AIRPORT RD,MONROE,UNION,NC,28110,35.02691,-80.61957,CIRCOR INTERNATIONAL INC,NO,Machinery,Antimony,NO
2021,28110MDLVLAIRPO,110000348525.0,CIRCOR PUMPS N.A. LLC,1710 AIRPORT RD,MONROE,UNION,NC,28110,35.02691,-80.61957,CIRCOR INTERNATIONAL INC,NO,Machinery,Manganese,NO
2021,28206CNCRT3823R,110001479775.0,CONCRETE SUPPLY CO NORTH PLANT,3823 RALEIGH ST,CHARLOTTE,MECKLENBURG,NC,28206,35.25301,-80.79763,CONCRETE SUPPLY CO LLC,NO,Nonmetallic Mineral Product,Mercury  And Mercury Compounds,NO
2021,27215HFFMN1021Q,110000345626.0,HUFFMAN OIL CO INC,1021 QUEEN ANN ST,BURLINGTON,ALAMANCE,NC,27217,36.08485,-79.41787,NA,NO,Petroleum Bulk Terminals,"1,2,4-Trimethylbenzene",NO
2021,2780WNWSTN3883S,110061795062.0,NEW STANDARD CORP,3883 S CHURCH ST,ROCKY MOUNT,NASH,NC,27803,35.89894,-77.81523,NA,NO,Fabricated Metals,Lead,YES
2021,27260THLLL1717E,110000345760.0,AXALTA COATING SYSTEMS USA LLC - HIGH POINT,1717 WEST ENGLISH RD,HIGH POINT,GUILFORD,NC,27262,35.945162,-80.022598,AXALTA COATING SYSTEMS LLC,NO,Chemicals,n-Butyl alcohol,NO
2021,27604MLLNC8801N,110000347214.0,MALLINCKRODT PHARMACEUTICALS,8801 CAPITAL BLVD,RALEIGH,WAKE,NC,27616,35.90059,-78.56164,SPECGX LLC,NO,Chemicals,Nitrate compounds (water dissociable; reportable only when in aqueous solution),NO
2021,28110HLLYFSECRE,110000348516.0,TYSON FARMS INC,233 S SECREST AVE,MONROE,UNION,NC,28112,34.9815,-80.494566,TYSON FOODS INC,NO,Food,Peracetic acid,NO
2021,27703CRRSR4600S,110000347321.0,WOLFSPEED INC.,4600 SILICON DR,DURHAM,DURHAM,NC,27703,35.899298,-78.840802,WOLFSPEED INC,NO,Computers and Electronic Products,N-Methyl-2-pyrrolidone,NO
2021,28601SHFRDLIGHL,110000350539.0,SHURTAPE TECHNOLOGIES LLC - HICKORY TAPE PLANT,1620 HIGHLAND AVENUE NE,HICKORY,CATAWBA,NC,28601,35.738,-81.309,STM INC,NO,Paper,Toluene,NO
2021,27573MYLCT10660,110057382666.0,DUKE ENERGY PROGRESS LLC-MAYO ELECTRIC GENERATING PLANT,10660 BOSTON RD,ROXBORO,PERSON,NC,27574,36.5278,-78.8917,DUKE ENERGY CORP,NO,Electric Utilities,"Hydrochloric acid (acid aerosols including mists, vapors, gas, fog, and other airborne forms of any particle size)",NO
2021,27559TRNGLUSHWY,110000346983.0,TRIANGLE BRICK - MERRY OAKS,294 KING RD,MONCURE,CHATHAM,NC,27559,35.64351,-79.00093,TRIANGLE BRICK CO,NO,Nonmetallic Mineral Product,"Hydrochloric acid (acid aerosols including mists, vapors, gas, fog, and other airborne forms of any particle size)",NO
2021,27603SFTYK6225O,110000615111.0,SAFETY-KLEEN SYSTEMS RALEIGH (RAL),125 SOMMERVILLE PARK RD,RALEIGH,WAKE,NC,27603,35.694679,-78.652937,CLEAN HARBORS INC,NO,Hazardous Waste,"Benzo[g,h,i]perylene",NO
2021,27025PNHLLLINDS,110000345118.0,PINE HALL BRICK CO INC,634 LINDSAY BRIDGE RD,MADISON,ROCKINGHAM,NC,27025,36.37608,-79.99042,PINE HALL BRICK CO INC,NO,Nonmetallic Mineral Product,Ammonia,NO
2021,2802WCNCRD47MCG,110001484144.0,CONCRETE SUPPLY CO. LLC - CONCORD,470 MCGILL AVE,CONCORD,CABARRUS,NC,28027,35.415716,-80.612466,CONCRETE SUPPLY CO LLC,NO,Nonmetallic Mineral Product,Mercury  And Mercury Compounds,NO
2021,2710WSTRTF1681S,110014354475.0,STRATFORD METAL FINISHING INC,1681 S MARTIN LUTHER KING JR DR,WINSTON SALEM,FORSYTH,NC,27107,36.075808,-80.220172,NA,NO,Fabricated Metals,Zinc compounds,NO
2021,27922NCRST1505R,110024423131.0,NUCOR STEEL HERTFORD COUNTY,1505 RIVER RD,COFIELD,HERTFORD,NC,27922,36.355216,-76.81115,NUCOR CORP,NO,Primary Metals,Zinc compounds,NO
2021,28159FNTXNI85AN,110000349114.0,INNOSPEC ACTIVE CHEMICALS,500 HINKLE LANE,SALISBURY,ROWAN,NC,28144,35.7037,-80.41267,INNOSPEC INC,NO,Chemicals,Cyclohexanol,NO
2021,28560WYRHSSTREE,110000350478.0,INTERNATIONAL PAPER- NEW BERN MILL,1785 WEYERHAEUSER RD,VANCEBORO,CRAVEN,NC,28586,35.212247,-77.114823,INTERNATIONAL PAPER CO,NO,Paper,Formic acid,NO
2021,28270QNTMC1337N,110015680949.0,QUANTUM COATINGS INC,1337 WOOD BRANCH DR,CHARLOTTE,MECKLENBURG,NC,28273,35.12449,-80.92538,NA,NO,Chemicals,Certain glycol ethers,NO
2021,27565CLYTN3212K,110001501492.0,CLAYTON OXFORD,3212 KNOTTS GROVE RD,OXFORD,GRANVILLE,NC,27565,36.27652,-78.59636,BERKSHIRE HATHAWAY INC,NO,Wood Products,Diisocyanates,NO
2021,28273WRTHC11750,110000349711.0,BRENNTAG MID-SOUTH,11750 FRUEHAUF DR,CHARLOTTE,MECKLENBURG,NC,28273,35.12582,-80.95812,BRENNTAG NORTH AMERICA INC,NO,Chemical Wholesalers,Nonylphenol Ethoxylates,NO
2021,28054WLSHC207TE,110041964201.0,LUBRIZOL,207 TELEGRAPH DR,GASTONIA,GASTON,NC,28056,35.20176,-81.20877,BERKSHIRE HATHAWAY INC,NO,Chemicals,Ethyl acrylate,YES
2021,28054WLSHC207TE,110041964201.0,LUBRIZOL,207 TELEGRAPH DR,GASTONIA,GASTON,NC,28056,35.20176,-81.20877,BERKSHIRE HATHAWAY INC,NO,Chemicals,Acrylonitrile,YES
2021,28144MCKNZSTLUK,110009716156.0,MCKENZIE SPORTS PRODUCTS LLC,1910 ST LUKES CHURCH RD,SALISBURY,ROWAN,NC,28146,35.600033,-80.403616,MCKENZIE SPORTS PRODUCTS INC,NO,Plastics and Rubber,Diisocyanates,NO
2021,28120HCHSTPOBOX,110000348687.0,CLARIANT CORP-MOUNT HOLLY WEST PLANT,625 E CATAWBA AVE,MOUNT HOLLY,GASTON,NC,28120,35.295833,-81.006667,CLARIANT CORP,NO,Chemicals,Diethanolamine,NO
2021,28458VLLYPHWY11,110000604294.0,VALLEY PROTEINS INC-ROSE HILL FACILITY,469 YELLOW CUT RD,ROSE HILL,DUPLIN,NC,28458,34.838207,-78.035053,VALLEY PROTEINS INC,NO,Food,Chlorine,NO
2021,27835GRDYWGREEN,110000347606.0,GRADY WHITE BOATS INC.,5121 MARTIN LUTHER KING JR HWY,GREENVILLE,PITT,NC,27834,35.649613,-77.34405,NA,NO,Transportation Equipment,Methyl methacrylate,NO
2021,28804RVCSC275AI,110009296699.0,THERMO FISHER SCIENTIFIC,275 AIKEN RD,ASHEVILLE,BUNCOMBE,NC,28804,35.6849,-82.57636,THERMO FISHER SCIENTIFIC INC,NO,Machinery,Manganese,NO
2021,28777MCSPR1025G,110012281627.0,BRP US INC,1211 GREENWOOD RD,SPRUCE PINE,MITCHELL,NC,28777,35.91219,-82.0906,BOMBARDIER RECREATIONAL PRODUCTS INC,NO,Primary Metals,Styrene,YES
2021,28345TRNTY11EVH,110000349935.0,TRINITY MANUFACTURING INC,11 E V.HOGAN DR,HAMLET,RICHMOND,NC,28345,34.918889,-79.673333,TRICAL INC,NO,Chemicals,Chloropicrin,NO
2021,28734CHCGR324IN,110001503613.0,TEKTONE,324 INDUSTRIAL PARK RD,FRANKLIN,MACON,NC,28734,35.1588,-83.43726,NA,NO,Miscellaneous Manufacturing,Lead  And Lead Compounds,NO
2021,27343RXBRS1700D,110000346386.0,DUKE ENERGY PROGRESS LLC - ROXBORO STEAM ELECTRIC PLANT,1700 DUNNAWAY RD,SEMORA,PERSON,NC,27343,36.4833,-79.0731,DUKE ENERGY CORP,NO,Electric Utilities,Vanadium compounds,NO
2021,28333GRGPCOLDMO,110000349855.0,GEORGIA-PACIFIC WOOD PRODUCTS LLC  DUDLEY FACILITY,139 BREWINGTON RD,DUDLEY,WAYNE,NC,28333,35.25875,-78.03138,KOCH INDUSTRIES INC,NO,Wood Products,Lead,YES
2021,28610NRNDX402PE,110039207060.0,MILLWORK & PANEL LLC,2651 PENNY RD,CLAREMONT,CATAWBA,NC,28610,35.70825,-81.15841,SAINT-GOBAIN CORP,NO,Plastics and Rubber,Antimony compounds,NO
2021,27203PLSTCHWY49,110007120748.0,CHROMA COLOR CORP (FORMERLY PLASTIC COLOR CORP,1134 HIGHWAY 49 SOUTH,ASHEBORO,RANDOLPH,NC,27205,35.673437,-79.865324,CHROMA COLOR CORP,NO,Chemicals,Lead  And Lead Compounds,NO
2021,28345PRGRSNCSR1,110004060417.0,DUKE ENERGY PROGRESS LLC - SMITH ENERGY COMPLEX,198 ENERGY WAY,HAMLET,RICHMOND,NC,28345,34.8387,-79.7396,DUKE ENERGY CORP,NO,Electric Utilities,Ammonia,NO
2021,28086MYFLW629SO,110000348419.0,COMMERCIAL VEHICLE GROUP KINGS MOUNTAIN FACILITY,629 S BATTLEGROUND AVE,KINGS MOUNTAIN,CLEVELAND,NC,28086,35.231778,-81.34903,COMMERCIAL VEHICLE GROUP INC,NO,Transportation Equipment,Zinc compounds,NO
2021,27957RJRYNSTATE,110042039692.0,AVOCA LLC,841 AVOCA FARM ROAD,MERRY HILL,BERTIE,NC,27957,36.00056,-76.71005,ASHLAND LLC,NO,Food,n-Hexane,NO
2021,2826WRMSRD1159R,110060258368.0,REAMES RD  CONCRETE PLANT,11509 REAMES RD.,CHARLOTTE,MECKLENBURG,NC,28269,35.34696,-80.82815,ARGOS USA CORP,NO,Nonmetallic Mineral Product,Lead,YES
2021,2814WKZNBL485CE,110000348936.0,NOURYON SURFACE CHEMISTRY LLC,485 CEDAR SPRINGS RD,SALISBURY,ROWAN,NC,28147,35.62962,-80.53595,NOURYON CHEMICALS LLC,NO,Chemicals,Ammonia,NO
2021,27330LBRCK3704H,110000346313.0,LEE BRICK & TILE CO,3704 HAWKINS AVE,SANFORD,LEE,NC,27330,35.54708,-79.19088,NA,NO,Nonmetallic Mineral Product,Lead compounds,NO
2021,27107STRHC4000O,110000345458.0,ARDAGH METAL BEVERAGE USA INC RE: WINSTON SALEM PLANT,4000 OLD MILWAUKEE LN,WINSTON SALEM,FORSYTH,NC,27107,36.03497,-80.22449,ARDAGH HOLDINGS USA INC,NO,Fabricated Metals,Manganese,NO
2021,28110MDLVLAIRPO,110000348525.0,CIRCOR PUMPS N.A. LLC,1710 AIRPORT RD,MONROE,UNION,NC,28110,35.02691,-80.61957,CIRCOR INTERNATIONAL INC,NO,Machinery,Zinc (fume or dust),NO
2021,2827WSFTYK124GD,110009717128.0,SAFETY-KLEEN SYSTEMS INC,12040 GOODRICH DR,CHARLOTTE,MECKLENBURG,NC,28273,35.12617,-80.96417,CLEAN HARBORS INC,NO,Hazardous Waste,Polycyclic aromatic compounds,YES
2021,28054WLSHC207TE,110041964201.0,LUBRIZOL,207 TELEGRAPH DR,GASTONIA,GASTON,NC,28056,35.20176,-81.20877,BERKSHIRE HATHAWAY INC,NO,Chemicals,Methyl acrylate,YES
2021,27709SCMMT2601W,110000347401.0,SCM METAL PRODUCTS INC,2601 WECK DR,RESEARCH TRIANGLE PARK,DURHAM,NC,27709,35.93214,-78.84981,NA,NO,Primary Metals,Antimony,NO
2021,2869WJSTRT186RI,110070551070.0,U.S. CHEMICAL STORAGE LLC,1806 RIVER ST,WILKESBORO,WILKES,NC,28697,36.137753,-81.19141,JUSTRITE SAFETY GROUP,NO,Fabricated Metals,Chromium,NO
2021,28110MDLVLAIRPO,110000348525.0,CIRCOR PUMPS N.A. LLC,1710 AIRPORT RD,MONROE,UNION,NC,28110,35.02691,-80.61957,CIRCOR INTERNATIONAL INC,NO,Machinery,Aluminum (fume or dust),NO
2021,27052DKNRGPINEH,110000604141.0,DUKE ENERGY CAROLINAS LLC - BELEWS CREEK STEAM STATION,3195 PINE HALL RD,WALNUT COVE,STOKES,NC,27052,36.281338,-80.059438,DUKE ENERGY CORP,NO,Electric Utilities,n-Hexane,NO
2021,27573LSNPC10475,110000492636.0,LOUISIANA PACIFIC CORP. ROXBOR O OSB,10475 BOSTON RD,ROXBORO,PERSON,NC,27574,36.52113,-78.90658,LOUISIANA PACIFIC CORP,NO,Wood Products,Methanol,NO
2021,28025PRDFR862HA,110000542495.0,CONCORD FURTHER PROCESSING PLANT,862 HARRIS ST NW,CONCORD,CABARRUS,NC,28025,35.429883,-80.605933,PERDUE FARMS INC,NO,Food,Ammonia,NO
2021,28716CHMPNMAINS,110009846480.0,BLUE RIDGE PAPER PRODUCTS LLC,175 MAIN ST,CANTON,HAYWOOD,NC,28716,35.5349,-82.8421,EVERGREEN PACKAGING GROUP,NO,Paper,Zinc compounds,NO
2021,28115CNCRT123HA,110006529845.0,CONCRETE SUPPLY CO-MOORESVILLE PLANT,123 HANEY DR,MOORESVILLE,IREDELL,NC,28115,35.60308,-80.81561,CONCRETE SUPPLY CO LLC,NO,Nonmetallic Mineral Product,Lead  And Lead Compounds,NO
2021,27962WYRHSTROWB,110013794000.0,DOMTAR PAPER CO LLC-PLYMOUTH MILL,TROWBRIDGE RD,PLYMOUTH,MARTIN,NC,27962,35.861716,-76.779683,DOMTAR CORP,NO,Paper,Polycyclic aromatic compounds,YES
2021,2803WSWSCN8151W,110071284950.0,SWS CONCRETE-DENVER PLANT,8151 WEBBS ROAD,DENVER,LINCOLN,NC,28037,35.523927,-80.980954,STEVENSON-WEIR/SOUTHERN LLC,NO,Nonmetallic Mineral Product,Lead compounds,NO
2021,28208SHLND3930G,110000349329.0,NEXEO SOLUTIONS LLC,3930 GLENWOOD DR,CHARLOTTE,MECKLENBURG,NC,28208,35.2511,-80.8855,UNIVAR SOLUTIONS USA INC,NO,Chemical Wholesalers,Certain glycol ethers,NO
2021,27260TRDFB1325B,110000345797.0,HSM-HIGH POINT (PLANT 1),1325 BAKER RD,HIGH POINT,GUILFORD,NC,27263,35.93848,-79.96596,HICKORY SPRINGS MANUFACTURING CO,NO,Plastics and Rubber,Diisocyanates,NO
2021,27042HLSTDHWY31,110009844865.0,WIELAND COPPER PRODUCTS LLC,3990 US 311 HWY N,PINE HALL,STOKES,NC,27042,36.342778,-80.044166,WIELAND HOLDINGS INC,NO,Primary Metals,Barium,NO
2021,2729WRRPLS18WEL,110069246872.0,AURORA PLASTICS - WELCOME PLANT,180 WELCOME CENTER BLVD,LEXINGTON,DAVIDSON,NC,27295,35.93484,-80.23533,AURORA PLASTICS,NO,Chemicals,Antimony compounds,NO
2021,2827WJMMYR512WE,110070839735.0,JIM MYERS & SONS INC,5120 WESTINGHOUSE BLVD,CHARLOTTE,MECKLENBURG,NC,28273,35.145,-80.9853,NA,NO,Fabricated Metals,Chromium,NO
2021,28127FBRCM181RA,110039019424.0,FIBER COMPOSITES LLC,181 RANDOM DR,NEW LONDON,STANLY,NC,28127,35.419316,-80.211766,FIBER COMPOSITES LLC,NO,Plastics and Rubber,Antimony compounds,NO
2021,28150CRTSS201OL,110000349052.0,CURTISS-WRIGHT,201 OLD BOILING SPRINGS RD,SHELBY,CLEVELAND,NC,28152,35.28872,-81.58737,CURTISS-WRIGHT CORP,NO,Transportation Equipment,Chromium,NO
2021,28214STLFB8623O,110000349454.0,STEELFAB INC,8623 OLD DOWD RD,CHARLOTTE,MECKLENBURG,NC,28214,35.22948,-80.9771,STEELFAB INC,NO,Fabricated Metals,Chromium,NO
2021,2816WKSMCS641PL,110055600229.0,KSM CASTINGS USA INC,120 BLUE BROOK DR,SHELBY,CLEVELAND,NC,28150,35.32276,-81.62174,NA,NO,Primary Metals,Lead,YES
2021,2813WCNSTR1221N,110043550092.0,CONTROLS SOUTHEAST INC.,12201 NATIONS FORD RD,PINEVILLE,MECKLENBURG,NC,28134,35.099108,-80.915766,AMETEK INC,NO,Fabricated Metals,Chromium,NO
2021,28163TXTRN614NC,110001488426.0,STANLY ENGINEERED FASTENING,614 NC HWY 200S,STANFIELD,STANLY,NC,28163,35.22411,-80.41328,STANLEY BLACK & DECKER,NO,Fabricated Metals,Nickel,YES
2021,28027LSMRC451EN,110004049048.0,OILES AMERICA CORP,4510 ENTERPRISE DR NW,CONCORD,CABARRUS,NC,28027,35.42256,-80.6565,NA,NO,Transportation Equipment,Copper compounds,NO
2021,27360NLNFL55CLN,110021035814.0,UNILIN FLOORING,550 CLONIGER DR,THOMASVILLE,DAVIDSON,NC,27360,35.86743,-80.05013,MOHAWK INDUSTRIES INC,NO,Wood Products,Formaldehyde,YES
2021,27359HNDPWHONDA,110056965020.0,NORTH CAROLINA MANUFACTURING,3721 NC HWY 119,SWEPSONVILLE,ALAMANCE,NC,27359,36.030792,-79.342882,AMERICAN HONDA MOTOR CO INC,NO,Machinery,Xylene (mixed isomers),NO
2021,27292PDMNTRTE14,110000346073.0,KURZ TRANSFER PRODUCTS LP,4939 N NC HWY 150,LEXINGTON,DAVIDSON,NC,27295,35.91417,-80.33069,KURZ TRANSFER PRODUCTS LP,NO,Printing,Mixture,NO
2021,2811WTLLVC375AL,110018570688.0,ATI SPECIALTY MATERIALS - BAKERS SITE,3750 ALLOY WAY,MONROE,UNION,NC,28110,35.01803,-80.612762,ALLEGHENY TECHNOLOGIES INC,NO,Primary Metals,Chromium,NO
2021,28603CNTRY42012,110009717869.0,CENTURY FURNITURE CASEGOODS PLANT NO 1,420 12TH ST NW,HICKORY,CATAWBA,NC,28601,35.737818,-81.360176,RHF INVESTMENTS INC,NO,Furniture,Toluene,NO
2021,2803WBRLCM5CRRE,110045519079.0,WESTLAKE ROYAL BUILDING PRODUCTS INC - PLANT 1,500 CORRELL ST,EAST SPENCER,ROWAN,NC,28039,35.67498,-80.4347,WESTLAKE CHEMICAL CORP,NO,Plastics and Rubber,Lead compounds,NO
2021,28402FRTRNHWY42,110009842536.0,FORTRON INDUSTRIES LLC,4600 HWY 421 NORTH,WILMINGTON,NEW HANOVER,NC,28401,34.3138,-77.9801,CELANESE CORP,NO,Chemicals,Phenol,NO
2021,28472CMPBL1476S,110000350398.0,CAMPBELL OIL & GAS CO.,1476 S JK POWELL BLVD,WHITEVILLE,COLUMBUS,NC,28472,34.30961,-78.71479,CAMPBELL OIL & GAS CO,NO,Petroleum Bulk Terminals,Methyl tert-butyl ether,NO
2021,27870CHMPNNORTH,110037266990.0,WESTROCK KRAFT PAPER LLC,100 GASTON RD,ROANOKE RAPIDS,HALIFAX,NC,27870,36.476037,-77.643173,WESTROCK CO,NO,Paper,Methanol,NO
2021,2813WDWRDS16PUL,110069238266.0,EDWARDS WOOD PRODUCTS INC.,160 PULPWOOD YARD RD,PEACHLAND,ANSON,NC,28133,34.9929,-80.29535,EDWARDS WOOD PRODUCTS INC,NO,Wood Products,Lead  And Lead Compounds,NO
2021,2826WVRTVP3999G,110071043164.0,VERITIV OPERATING CO - NC310 CHARLOTTE,3999 GIBBON RD,CHARLOTTE,MECKLENBURG,NC,28269,35.316205,-80.835374,VERITIV OPERATING CO,NO,Other,Diisocyanates,NO
2021,27870CHMPNNORTH,110037266990.0,WESTROCK KRAFT PAPER LLC,100 GASTON RD,ROANOKE RAPIDS,HALIFAX,NC,27870,36.476037,-77.643173,WESTROCK CO,NO,Paper,Catechol,YES
2021,28110LDWGN2806M,110001135496.0,CONN-SELMER INC LUDWIG FACILITY,2806 MASON ST,MONROE,UNION,NC,28110,34.98752,-80.49778,STEINWAY MUSICAL INSTRUMENTS INC,NO,Miscellaneous Manufacturing,Copper,NO
2021,2846WSWSTH1619N,110009717459.0,S&W SOUTHPORT,1619 NORTH HOWE ROAD,SOUTHPORT,BRUNSWICK,NC,28461,33.94031,-78.02721,TITAN AMERICA LLC,NO,Nonmetallic Mineral Product,Lead,YES
2021,28803NSNNG41SWE,110004021594.0,UNISON ENGINE COMPONENTS,401 SWEETEN CREEK INDUSTRIAL PARK,ASHEVILLE,BUNCOMBE,NC,28803,35.54868,-82.5188,GENERAL ELECTRIC CO (GE CO),NO,Transportation Equipment,Chromium,NO
2021,2871WSHWND77IND,110018847417.0,BEASLEY FLOORING PRODUCTS INC.,77 INDUSTRIAL PARK RD,BRYSON CITY,SWAIN,NC,28713,35.413811,-83.461975,BEASLEY FOREST PRODUCTS INC,NO,Wood Products,Certain glycol ethers,NO
2021,28682DKNRG8320E,110000351397.0,DUKE ENERGY CAROLINAS LLC - MARSHALL STEAM STATION,8320 E NC 150 HWY,TERRELL,CATAWBA,NC,28682,35.5983,-80.9636,DUKE ENERGY CORP,NO,Electric Utilities,Zinc compounds,NO
2021,2840WSNNCH251NR,110071284149.0,SENNECA HOLDINGS (HMF EXPRESS),2501 NORTHCHASE PKWY SE,WILMINGTON,NEW HANOVER,NC,28405,34.304473,-77.868614,SENNECA HOLDINGS,NO,Fabricated Metals,Nickel,YES
2021,28337CMPBL1106W,110000349891.0,CAMPBELL OIL & GAS CO.,1106 W BROAD ST,ELIZABETHTOWN,BLADEN,NC,28337,34.63212,-78.616874,CAMPBELL OIL & GAS CO,NO,Petroleum Bulk Terminals,Methyl tert-butyl ether,NO
2021,28105RXHMC700CR,110000348455.0,TRANSCONTINENTAL MATTHEWS,700 CRESTDALE RD,MATTHEWS,MECKLENBURG,NC,28105,35.1164,-80.7082,TC TRANSCONTINENTAL PACKAGING INC,NO,Plastics and Rubber,Toluene,NO
2021,28466SWFTC1170C,110000350389.0,HOUSE OF RAEFORD FARMS INC WALLACE DIV,233 BUTTERBALL RD,TEACHEY,DUPLIN,NC,28464,34.7561,-78.0517,NASH JOHNSON & SONS FARMS INC,NO,Food,Ammonia,NO
2021,28307DPTFRDIREC,110064176877.0,U.S. ARMY FORT BRAGG,DPW ENV COMPLIANCE BRANCH BLDG 3-1137 REILLY RD,FORT BRAGG,CUMBERLAND,NC,28310,35.15705,-79.00036,US DEPARTMENT OF DEFENSE,YES,Other,Copper,NO
2021,27893MRCNN2200F,110000347802.0,ARDAGH GLASS INC,2201 FIRESTONE PKWY,WILSON,WILSON,NC,27893,35.7602,-77.8826,ARDAGH HOLDINGS USA INC,NO,Nonmetallic Mineral Product,"Sulfuric acid (acid aerosols including mists, vapors, gas, fog, and other airborne forms of any particle size)",NO
2021,27889STNDYCLARK,110000347768.0,PAMLICO YACHTWORKS LLC,230 CLARKS NECK RD,WASHINGTON,BEAUFORT,NC,27889,35.564133,-77.081916,NA,NO,Transportation Equipment,Styrene,YES
2021,2761WCRLNS862BA,110018641781.0,CAROLINA SUNROCK LLC - RDU,8620 BAREFOOT INDUSTRIAL,RALEIGH,WAKE,NC,27617,35.89245,-78.745766,THE SUNROCK GROUP INC,NO,Nonmetallic Mineral Product,Mercury  And Mercury Compounds,NO
2021,2710WSTRTF1681S,110014354475.0,STRATFORD METAL FINISHING INC,1681 S MARTIN LUTHER KING JR DR,WINSTON SALEM,FORSYTH,NC,27107,36.075808,-80.220172,NA,NO,Fabricated Metals,Cadmium compounds,YES
2021,28144NTNLSCEDAR,110056525835.0,HENKEL US OPERATIONS CORP,825 CEDAR SPRINGS RD,SALISBURY,ROWAN,NC,28147,35.63367,-80.53335,HENKEL OF AMERICA INC,NO,Chemicals,Cyclohexane,NO
2021,27889FLNDRFLAND,110000347722.0,FLANDERS FILTERS INC,531 FLANDERS FILTERS RD,WASHINGTON,BEAUFORT,NC,27889,35.5875,-77.106111,AMERICAN AIR FILTER CO INC,NO,Machinery,Manganese,NO
2021,27893WLTRK2500A,110004018063.0,KIDDE AEROSPACE & DEFENSE,4200 AIRPORT DR NW,WILSON,WILSON,NC,27896,35.76264,-77.96203,RAYTHEON TECHNOLOGIES CORP,NO,Transportation Equipment,Bromotrifluoromethane (Halon 1301),NO
2021,27292PDMNTRTE14,110000346073.0,KURZ TRANSFER PRODUCTS LP,4939 N NC HWY 150,LEXINGTON,DAVIDSON,NC,27295,35.91417,-80.33069,KURZ TRANSFER PRODUCTS LP,NO,Printing,Toluene,NO
2021,27526NCPRD1431P,110022522536.0,OLDCASTLE PRECAST INC,1431 PRODUCTS RD,FUQUAY-VARINA,WAKE,NC,27526,35.598138,-78.77314,CRH AMERICAS INC,NO,Nonmetallic Mineral Product,Lead compounds,NO
2021,28334MCPGN1600S,110009855914.0,BRAINERD CHEMICAL CO LLC OF NORTH CAROLINA,1600 S WILSON AVENUES,DUNN,HARNETT,NC,28334,35.294444,-78.621111,BRAINERD CHEMICAL CO INC,NO,Chemical Wholesalers,Formaldehyde,YES
2021,28787RLNCLREEMS,110000351681.0,DODGE MECHANICAL POWER TRANSMISSION CO,70 REEMS CREEK RD,WEAVERVILLE,BUNCOMBE,NC,28787,35.68472,-82.56483,RBC BEARINGS INC,NO,Machinery,Ammonia,NO
2021,2811WRGSRD58759,110060260435.0,ARGOS READY MIX MOORESVILLE CONCRETE PLANT,(587-593) HWY 150,MOORESVILLE,IREDELL,NC,28115,35.603883,-80.807984,ARGOS USA CORP,NO,Nonmetallic Mineral Product,Lead,YES
2021,27203TLRMP801PI,110056970434.0,STARPET INC,801 PINEVIEW RD,ASHEBORO,RANDOLPH,NC,27203,35.77262,-79.82243,INDORAMA VENTURES HOLDINGS LP,NO,Chemicals,"1,4-Dioxane",YES
2021,28103DWRDS1736O,110001495640.0,EDWARDS WOOD PRODUCTS INC.,2215 OLD LAWYERS RD,MARSHVILLE,UNION,NC,28103,35.01482,-80.34848,EDWARDS WOOD PRODUCTS INC,NO,Wood Products,Lead  And Lead Compounds,NO
2021,28451MRCND1690N,110000350316.0,AMERICAN DISTILLATION INC,1690 NE ROYSTER RD,LELAND,BRUNSWICK,NC,28451,34.270744,-78.003706,NA,NO,Chemicals,tert-Butyl alcohol,NO
2021,2733WSDNTC5618C,110005971779.0,STI POLYMER INC,5618 CLYDE RHYNE DRIVE,SANFORD,LEE,NC,27330,35.549708,-79.181971,NA,NO,Chemicals,Ethyl acrylate,YES
2021,2835WSWLMB85SUT,110001493107.0,S&W LUMBERTON PLANT,805 SOUTH ROBERTS AVE,LUMBERTON,ROBESON,NC,28358,34.607383,-78.9799,TITAN AMERICA LLC,NO,Nonmetallic Mineral Product,Lead,YES
2021,2740WNLSTL15WES,110043975062.0,O'NEAL MANUFACTURING SERVICES,105 E FLORIDA ST,GREENSBORO,GUILFORD,NC,27406,36.048816,-79.791365,O'NEAL MANUFACTURING SERVICES,NO,Fabricated Metals,Manganese,NO
2021,28208SHLND3930G,110000349329.0,NEXEO SOLUTIONS LLC,3930 GLENWOOD DR,CHARLOTTE,MECKLENBURG,NC,28208,35.2511,-80.8855,UNIVAR SOLUTIONS USA INC,NO,Chemical Wholesalers,Methyl isobutyl ketone,YES
2021,27229PRDNCSTATE,110007376865.0,PERDUE AGRIBUSINESS LLC-COFIELD NC,242 PERDUE RD,COFIELD,HERTFORD,NC,27922,36.36325,-76.89573,PERDUE FARMS INC,NO,Food,n-Hexane,NO
2021,27834SMGRN1125S,110004060453.0,DENSO MANUFACTURING NORTH CAROLINA INC. - GREENVILLE PLANT,1125 SUGG PKWY,GREENVILLE,PITT,NC,27834,35.65605,-77.34439,DENSO INTERNATIONAL AMERICA INC,NO,Transportation Equipment,Chromium compounds (except for chromite ore mined in the Transvaal Region),NO
2021,27108WNSBROLDRO,110009716469.0,OWENS-BROCKWAY GLASS CONTAINER INC - PLANT #06,9698 OLD US HWY 52,LEXINGTON,DAVIDSON,NC,27295,35.95027,-80.21778,O-I GLASS INC,NO,Nonmetallic Mineral Product,Chromium compounds (except for chromite ore mined in the Transvaal Region),NO
2021,28075GLVNNHWY49,110006844969.0,GALVAN INDUSTRIES INC,7315 GALVAN WAY,HARRISBURG,CABARRUS,NC,28075,35.31429,-80.67935,GALVAN INDUSTRIES,NO,Fabricated Metals,Zinc compounds,NO
2021,2839WTRKYM564TU,110043582138.0,TURKEYMILL,5604 TURKEY HWY,TURKEY,SAMPSON,NC,28393,34.98652,-78.22031,NA,NO,Food,Manganese compounds,NO
2021,28726MNTMN305WK,110001504097.0,MMA MANUFACTURING,305 W KING ST,EAST FLAT ROCK,HENDERSON,NC,28726,35.28295,-82.42608,NA,NO,Fabricated Metals,Manganese,NO
2021,27565SNTFN322KN,110001504202.0,SANTA FE NATURAL TOBACCO CO,3220 KNOTTS GROVE RD,OXFORD,GRANVILLE,NC,27565,36.275483,-78.596066,REYNOLDS AMERICAN INC,NO,Tobacco,Nicotine and salts,NO
2021,28174WMPLR205ED,110000349178.0,PILGRIM'S PRIDE CORP WINGATE FEED MILL,205 EDGEWOOD DR,WINGATE,UNION,NC,28174,34.983133,-80.467216,JBS USA FOOD CO,NO,Food,Zinc compounds,NO
2021,27027NFNCXCARDW,110056322304.0,STURM RUGER & CO INC,271 CARDWELL RD,MAYODAN,ROCKINGHAM,NC,27027,36.4031,-79.95643,STURM RUGER & CO INC,NO,Fabricated Metals,Chromium,NO
2021,28804RVCSC275AI,110009296699.0,THERMO FISHER SCIENTIFIC,275 AIKEN RD,ASHEVILLE,BUNCOMBE,NC,28804,35.6849,-82.57636,THERMO FISHER SCIENTIFIC INC,NO,Machinery,Cobalt,YES
2021,28364SLGNC2120N,110000350085.0,SILGAN CONTAINERS MANUFACTURING CORP,2120 NC HWY N UNIT A,MAXTON,ROBESON,NC,28364,34.772816,-79.326733,SILGAN HOLDINGS INC,NO,Fabricated Metals,Certain glycol ethers,NO
2021,28542CMPLJATTNA,110041995151.0,MCIEAST-MCB CAMLEJ MAIN FACILITY,12 POST LN,CAMP LEJEUNE,ONSLOW,NC,28547,34.669402,-77.322574,US DEPARTMENT OF DEFENSE,YES,Other,Lead  And Lead Compounds,NO
2021,28144NTNLSCEDAR,110056525835.0,HENKEL US OPERATIONS CORP,825 CEDAR SPRINGS RD,SALISBURY,ROWAN,NC,28147,35.63367,-80.53335,HENKEL OF AMERICA INC,NO,Chemicals,Acrylic acid,NO
2021,28024DKNRGDUKEP,110006424404.0,DUKE ENERGY CAROLINAS LLC - ROGERS ENERGY COMPLEX,573 DUKE POWER RD,MOORESBORO,RUTHERFORD,NC,28114,35.217222,-81.761111,DUKE ENERGY CORP,NO,Electric Utilities,Vanadium compounds,NO
2021,27957RJRYNSTATE,110042039692.0,AVOCA LLC,841 AVOCA FARM ROAD,MERRY HILL,BERTIE,NC,27957,36.00056,-76.71005,ASHLAND LLC,NO,Food,Methanol,NO
2021,2814WKZNBL485CE,110000348936.0,NOURYON SURFACE CHEMISTRY LLC,485 CEDAR SPRINGS RD,SALISBURY,ROWAN,NC,28147,35.62962,-80.53595,NOURYON CHEMICALS LLC,NO,Chemicals,Benzoyl peroxide,NO
2021,28690SFTMR313CR,110000351413.0,SAFT AMERICA INC,313 CRESCENT ST,VALDESE,BURKE,NC,28690,35.76331,-81.55475,SAFT AMERICA INC,NO,Electrical Equipment,Acetonitrile,NO
2021,28054WLSHC207TE,110041964201.0,LUBRIZOL,207 TELEGRAPH DR,GASTONIA,GASTON,NC,28056,35.20176,-81.20877,BERKSHIRE HATHAWAY INC,NO,Chemicals,N-Methylolacrylamide,NO
2021,27565LMYNC1501W,110000347027.0,REVLON CONSUMER PRODUCTS CORP,1501 WILLIAMSBORO ST,OXFORD,GRANVILLE,NC,27565,36.3164,-78.5559,REVLON CONSUMER PRODUCTS CORP,NO,Chemicals,Zinc compounds,NO
2021,28458MRPHY152FA,110045599205.0,MURPHY-BROWN LLC ROSEMARY FEED MILL,152 FARROW TO FINISH LN,ROSE HILL,DUPLIN,NC,28458,34.807072,-78.023775,MURPHY BROWN LLC,NO,Food,Copper  And Copper Compounds,NO
2021,2846WSWWLL768SU,110055129114.0,S&W WALLACE PLANT,768 SOUTHEAST RR STREET,WALLACE,DUPLIN,NC,28466,34.720072,-77.991257,TITAN AMERICA LLC,NO,Nonmetallic Mineral Product,Lead,YES
2021,27343RXBRS1700D,110000346386.0,DUKE ENERGY PROGRESS LLC - ROXBORO STEAM ELECTRIC PLANT,1700 DUNNAWAY RD,SEMORA,PERSON,NC,27343,36.4833,-79.0731,DUKE ENERGY CORP,NO,Electric Utilities,Polycyclic aromatic compounds,YES
2021,2850WSNDRS168PA,110045405076.0,SANDERSON FARMS INC,1680 PARROTT DICKERSON RD,KINSTON,LENOIR,NC,28504,35.270358,-77.659202,SANDERSON FARMS INC,NO,Food,Manganese compounds,NO
2021,28333GRGPCOLDMO,110000349855.0,GEORGIA-PACIFIC WOOD PRODUCTS LLC  DUDLEY FACILITY,139 BREWINGTON RD,DUDLEY,WAYNE,NC,28333,35.25875,-78.03138,KOCH INDUSTRIES INC,NO,Wood Products,Methanol,NO
2021,2854WPJCKS24EAS,110001480479.0,P4 JACKSONVILLE PLANT,24 EAST THOMPSON STREET,JACKSONVILLE,ONSLOW,NC,28540,34.76341,-77.40712,TITAN AMERICA LLC,NO,Nonmetallic Mineral Product,Lead,YES
2021,27525NVBCHSTATE,110000346849.0,NOVOZYMES NA INC,77 PERRY CHAPEL CHURCH RD,FRANKLINTON,FRANKLIN,NC,27525,36.098611,-78.410556,NOVOZYMES US INC,NO,Chemicals,Polycyclic aromatic compounds,YES
2021,28402FRTRNHWY42,110009842536.0,FORTRON INDUSTRIES LLC,4600 HWY 421 NORTH,WILMINGTON,NEW HANOVER,NC,28401,34.3138,-77.9801,CELANESE CORP,NO,Chemicals,Hydrogen sulfide,NO
2021,27407BRLNG6008H,110012656697.0,ALBERDINGK BOLEY INC,6008 WEST GATE CITY BOULEVARD,GREENSBORO,GUILFORD,NC,27407,36.00477,-79.90461,NA,NO,Chemicals,Methyl methacrylate,NO
2021,28682DKNRG8320E,110000351397.0,DUKE ENERGY CAROLINAS LLC - MARSHALL STEAM STATION,8320 E NC 150 HWY,TERRELL,CATAWBA,NC,28682,35.5983,-80.9636,DUKE ENERGY CORP,NO,Electric Utilities,Barium compounds (except for barium sulfate (CAS No. 7727-43-7)),NO
2021,28337CMPBL1106W,110000349891.0,CAMPBELL OIL & GAS CO.,1106 W BROAD ST,ELIZABETHTOWN,BLADEN,NC,28337,34.63212,-78.616874,CAMPBELL OIL & GAS CO,NO,Petroleum Bulk Terminals,Xylene (mixed isomers),NO
2021,28105RXHMC700CR,110000348455.0,TRANSCONTINENTAL MATTHEWS,700 CRESTDALE RD,MATTHEWS,MECKLENBURG,NC,28105,35.1164,-80.7082,TC TRANSCONTINENTAL PACKAGING INC,NO,Plastics and Rubber,n-Butyl alcohol,NO
2021,28352MNVLLPOBOX,110000349980.0,RAILROAD FRICTION PRODUCTS CORP,13601 AIRPORT RD,MAXTON,SCOTLAND,NC,28364,34.762788,-79.370238,WABTEC CORP,NO,Transportation Equipment,n-Hexane,NO
2021,27922NCRST1505R,110024423131.0,NUCOR STEEL HERTFORD COUNTY,1505 RIVER RD,COFIELD,HERTFORD,NC,27922,36.355216,-76.81115,NUCOR CORP,NO,Primary Metals,Nickel  And Nickel Compounds,YES
2021,2720WTCHNM18CMM,110007663858.0,TECHNIMARK LLC,180 COMMERCE PL,ASHEBORO,RANDOLPH,NC,27203,35.77847,-79.81155,NA,NO,Plastics and Rubber,Lead,YES
2021,27013FRGHTHWY70,110000345083.0,DAIMLER TRUCKS NA LLC-CLEVELAND,11550 STATESVILLE BLVD,CLEVELAND,ROWAN,NC,27013,35.72916,-80.68949,DAIMLER TRUCKS NORTH AMERICA LLC,NO,Transportation Equipment,"1,2,4-Trimethylbenzene",NO
2021,27893MRCNN2200F,110000347802.0,ARDAGH GLASS INC,2201 FIRESTONE PKWY,WILSON,WILSON,NC,27893,35.7602,-77.8826,ARDAGH HOLDINGS USA INC,NO,Nonmetallic Mineral Product,"Hydrochloric acid (acid aerosols including mists, vapors, gas, fog, and other airborne forms of any particle size)",NO
2021,27962WYRHSTROWB,110013794000.0,DOMTAR PAPER CO LLC-PLYMOUTH MILL,TROWBRIDGE RD,PLYMOUTH,MARTIN,NC,27962,35.861716,-76.779683,DOMTAR CORP,NO,Paper,Nitric acid,NO
2021,27052DKNRGPINEH,110000604141.0,DUKE ENERGY CAROLINAS LLC - BELEWS CREEK STEAM STATION,3195 PINE HALL RD,WALNUT COVE,STOKES,NC,27052,36.281338,-80.059438,DUKE ENERGY CORP,NO,Electric Utilities,"Sulfuric acid (acid aerosols including mists, vapors, gas, fog, and other airborne forms of any particle size)",NO
2021,28134RTLND9635I,110000348801.0,MEXICHEM SPECIALTY COMPOUNDS,9635 INDUSTRIAL DR,PINEVILLE,MECKLENBURG,NC,28134,35.10231,-80.88803,MEXICHEM SPECIALTY COMPOUNDS INC,NO,Chemicals,Zinc compounds,NO
2021,28732RLPHWCANEC,110009856708.0,WILSONART LLC,80 LA WHITE DR,FLETCHER,HENDERSON,NC,28732,35.43584,-82.47971,CLAYTON DUBILIER & RICE LLC,NO,Plastics and Rubber,Methanol,NO
2021,27962WYRHSTROWB,110013794000.0,DOMTAR PAPER CO LLC-PLYMOUTH MILL,TROWBRIDGE RD,PLYMOUTH,MARTIN,NC,27962,35.861716,-76.779683,DOMTAR CORP,NO,Paper,Lead compounds,NO
2021,27806TXSGLHIGHW,110000586376.0,PCS PHOSPHATE CO INC,1530 NC HWY 306 S,AURORA,BEAUFORT,NC,27806,35.37745,-76.778816,POTASH HOLDING CO INC,NO,Chemicals,"Hydrochloric acid (acid aerosols including mists, vapors, gas, fog, and other airborne forms of any particle size)",NO
2021,2870WLNMRX2169B,110070121475.0,LINAMAR NC,2169 HENDERSONVILLE RD,ARDEN,BUNCOMBE,NC,28704,35.48056,-82.52453,LINAMAR CORP,NO,Transportation Equipment,Manganese,NO
2021,27379NRGYD753CO,110020058916.0,ENERGY DYNAMICS INC,753 COUNTY HOME RD,YANCEYVILLE,CASWELL,NC,27379,36.421944,-79.337778,WILMORE ELECTRONICS CO INC,NO,Electrical Equipment,Lead,YES
2021,27526JHNDR6501H,110006722092.0,JOHN DEERE TURF CARE,6501 SOUTH NC 55 HWY,FUQUAY VARINA,WAKE,NC,27526,35.58289,-78.75688,DEERE & CO,NO,Machinery,Manganese,NO
2021,28631MRCNP407TH,110041063265.0,GKN SINTER METALS,407 THORNBURG DR,CONOVER,CATAWBA,NC,28613,35.70852,-81.200607,GKN NORTH AMERICA INC,NO,Fabricated Metals,Aluminum (fume or dust),NO
2021,2871WRSSLL1561G,110070244719.0,RUSSELL STANDARD CORP,1561 GROVESTONE RD,BLACK MOUNTAIN,BUNCOMBE,NC,28711,35.606326,-82.362298,RUSSELL STANDARD CORP,NO,Petroleum Bulk Terminals,Lead,YES
2021,27261MRSHF1001S,110011733963.0,MARSH FURNITURE CO,1001 S CENTENNIAL ST,HIGH POINT,GUILFORD,NC,27260,35.943189,-79.999779,MARSH,NO,Furniture,n-Butyl alcohol,NO
2021,28120MRCNF22AME,110000348696.0,AMERICAN & EFIRD LLC PLANT 05 & 15,601 AMERICAN ST,MOUNT HOLLY,GASTON,NC,28120,35.29062,-81.01181,AMERICAN & EFIRD LLC,NO,Textiles,Nitrate compounds (water dissociable; reportable only when in aqueous solution),NO
2021,27870PTCHRBECKE,110000601894.0,PATCH RUBBER CO,100 PATCH RUBBER RD,WELDON,HALIFAX,NC,27890,36.439191,-77.625235,MYERS INDUSTRIES INC,NO,Plastics and Rubber,Zinc compounds,NO
2021,28636MRCNRINTER,110007663876.0,AMERICAN ROLLER BEARING & MANUFACTURING INC,1095 MCCLAIN RD,HIDDENITE,ALEXANDER,NC,28636,35.88375,-81.09311,AMERICAN ROLLER BEARING CO,NO,Fabricated Metals,Methanol,NO
2021,28150CRTSS201OL,110000349052.0,CURTISS-WRIGHT,201 OLD BOILING SPRINGS RD,SHELBY,CLEVELAND,NC,28152,35.28872,-81.58737,CURTISS-WRIGHT CORP,NO,Transportation Equipment,Lead  And Lead Compounds,NO
2021,28523CVCTYHWY10,110007657678.0,CULPEPER OF COVE CITY LLC,11065 OLD HWY 70 W,COVE CITY,CRAVEN,NC,28523,35.190698,-77.335617,JEFFERSON HOMEBUILDERS INC,NO,Wood Products,Copper compounds,NO
2021,2723WCMXCL3415B,110061592405.0,ADAMS AN OLDCASTLE CO-COLFAX,3415 SANDY RIDGE RD,COLFAX,GUILFORD,NC,27235,36.1016,-79.99599,CRH AMERICAS INC,NO,Nonmetallic Mineral Product,Lead,YES
2021,28401STRDY1822C,110015583778.0,STURDY CORP,1822 CAROLINA BEACH RD,WILMINGTON,NEW HANOVER,NC,28401,34.21003,-77.94499,NA,NO,Transportation Equipment,Lead,YES
2021,2760WSTCRL1117C,110043776991.0,EAST CAROLINA METAL TREATING INC.,1117 CAPITAL BLVD.,RALEIGH,WAKE,NC,27603,35.79776,-78.6402,NA,NO,Fabricated Metals,Methanol,NO
2021,27886SRLBKHWY25,110000548738.0,SARA LEE FROZEN BAKERY LLC,110 SARA LEE RD,TARBORO,EDGECOMBE,NC,27886,35.8742,-77.5599,KOHLBERG & CO LLC,NO,Food,Nitrate compounds (water dissociable; reportable only when in aqueous solution),NO
2021,28213NCLCH14700,110059780198.0,MALLARD CREEK POLYMERS,2800 MOREHEAD RD,CHARLOTTE,MECKLENBURG,NC,28262,35.350334,-80.714847,NA,NO,Chemicals,Acrylamide,YES
2021,2808WBCKYFPBX42,110070071110.0,BUCKEYE FIRE EQUIPMENT,110 KINGS RD,KINGS MOUNTAIN,GASTON,NC,28086,35.267656,-81.326165,NA,NO,Fabricated Metals,Nitric acid,NO
2021,27573MYLCT10660,110057382666.0,DUKE ENERGY PROGRESS LLC-MAYO ELECTRIC GENERATING PLANT,10660 BOSTON RD,ROXBORO,PERSON,NC,27574,36.5278,-78.8917,DUKE ENERGY CORP,NO,Electric Utilities,"Benzo[g,h,i]perylene",NO
2021,28352BTLRMHWY74,110001493241.0,EDWARDS WOOD PRODUCTS INC. - LAURINBURG EAST,13421 N ROCKY FORD RD,LAURINBURG,SCOTLAND,NC,28352,34.75695,-79.396883,EDWARDS WOOD PRODUCTS INC,NO,Wood Products,Lead  And Lead Compounds,NO
2021,2740WCNTRL395LI,110022548830.0,CENTRAL CAROLINA CONCRETE LLC   PLANT 2,3905 LIBERTY RD,GREENSBORO,GUILFORD,NC,27406,36.009133,-79.755416,CONCRETE SUPPLY CO LLC,NO,Nonmetallic Mineral Product,Lead  And Lead Compounds,NO
2021,2710WSTRTF1681S,110014354475.0,STRATFORD METAL FINISHING INC,1681 S MARTIN LUTHER KING JR DR,WINSTON SALEM,FORSYTH,NC,27107,36.075808,-80.220172,NA,NO,Fabricated Metals,Nitrate compounds (water dissociable; reportable only when in aqueous solution),NO
2021,27801MCFBRATLAN,110018729982.0,SEPRO DISTRIBUTION CENTER,1259 ATLANTIC AVE,ROCKY MOUNT,EDGECOMBE,NC,27801,35.96624,-77.78179,SEPRO CORP,NO,Chemicals,Triclopyr-triethylammonium salt,NO
2021,27377NGNRD1239R,110000346466.0,ENGINEERED CONTROLS INTERNATIONAL,1239 ROCK CREEK DAIRY RD,WHITSETT,GUILFORD,NC,27377,36.0525,-79.59969,ENGINEERED CONTROLS INTERNATIONAL,NO,Fabricated Metals,Lead,YES
2021,28214STLFB8623O,110000349454.0,STEELFAB INC,8623 OLD DOWD RD,CHARLOTTE,MECKLENBURG,NC,28214,35.22948,-80.9771,STEELFAB INC,NO,Fabricated Metals,Nickel,YES
2021,2803WBRLCM5CRRE,110045519079.0,WESTLAKE ROYAL BUILDING PRODUCTS INC - PLANT 1,500 CORRELL ST,EAST SPENCER,ROWAN,NC,28039,35.67498,-80.4347,WESTLAKE CHEMICAL CORP,NO,Plastics and Rubber,Diethanolamine,NO
2021,27828STHRNSOUTH,110007115371.0,BUTTERBALL FARMVILLE FEED MILL,3628 S. FIELDS ST.,FARMVILLE,PITT,NC,27828,35.597673,-77.592218,SEABOARD CORP,NO,Food,Copper compounds,NO
2021,28621CNTNNRTE3X,110000350842.0,WAYNE FARMS LLC - ELKIN FEEDMILL,10949 NC-268,ELKIN,SURRY,NC,28621,36.2722,-80.7806,CONTINENTAL GRAIN CO,NO,Food,Zinc compounds,NO
2021,28111TLDYN2020A,110000348589.0,ATI SPECIALTY MATERIALS - MONROE PLANT,2020 ASHCRAFT AVE,MONROE,UNION,NC,28110,34.984,-80.51337,ALLEGHENY TECHNOLOGIES INC,NO,Primary Metals,Copper,NO
2021,2880WDMSNL19MEA,110064545112.0,ADAMS AN OLDCASTLE CO-ASHEVILLE,190 MEADOW RD,ASHEVILLE,BUNCOMBE,NC,28803,35.565709,-82.555437,CRH AMERICAS INC,NO,Nonmetallic Mineral Product,Lead,YES
2021,28086KNGSM1755S,110017844270.0,KINGS MOUNTAIN INTERNATIONAL INC.,1755 SOUTH BATTLEGROUND AVE.,KINGS MOUNTAIN,CLEVELAND,NC,28086,35.1874,-81.4092,NA,NO,Fabricated Metals,Lead  And Lead Compounds,NO
2021,27030NRTHC511CA,110000345172.0,BARNHARDT MANUFACTURING CO NCFI POLYURETHANES DIV,1515 CARTER ST,MOUNT AIRY,SURRY,NC,27030,36.472778,-80.608611,BARNHARDT MANUFACTURING CO,NO,Plastics and Rubber,Ethylene glycol,NO
2021,28024DKNRGDUKEP,110006424404.0,DUKE ENERGY CAROLINAS LLC - ROGERS ENERGY COMPLEX,573 DUKE POWER RD,MOORESBORO,RUTHERFORD,NC,28114,35.217222,-81.761111,DUKE ENERGY CORP,NO,Electric Utilities,Naphthalene,YES
2021,27559TRNGLUSHWY,110000346983.0,TRIANGLE BRICK - MERRY OAKS,294 KING RD,MONCURE,CHATHAM,NC,27559,35.64351,-79.00093,TRIANGLE BRICK CO,NO,Nonmetallic Mineral Product,Zinc compounds,NO
2021,2808WBCKYFPBX42,110070071110.0,BUCKEYE FIRE EQUIPMENT,110 KINGS RD,KINGS MOUNTAIN,GASTON,NC,28086,35.267656,-81.326165,NA,NO,Fabricated Metals,Chromium,NO
2021,2750WFDRLCLDNCH,110039204054.0,FEDERAL CORRECTIONAL COMPLEX,PO BOX 1600 OLD NC HIGHWAY 75,BUTNER,GRANVILLE,NC,27509,36.138308,-78.799589,US DEPARTMENT OF JUSTICE,YES,Other,Lead,YES
2021,27834MTLLX251IN,110015308111.0,METALLIX REFINING  INC.,251 INDUSTRIAL BLVD,GREENVILLE,PITT,NC,27834,35.64516,-77.36382,METALLIX REFINING INC,NO,Primary Metals,Lead,YES
2021,27573MYLCT10660,110057382666.0,DUKE ENERGY PROGRESS LLC-MAYO ELECTRIC GENERATING PLANT,10660 BOSTON RD,ROXBORO,PERSON,NC,27574,36.5278,-78.8917,DUKE ENERGY CORP,NO,Electric Utilities,Zinc compounds,NO
2021,2728WTKNRP3518D,110069204667.0,TEKNOR APEX - NORTH CAROLINA,3518 DILLON RD,JAMESTOWN,GUILFORD,NC,27282,35.9919,-79.93883,TEKNOR APEX CO,NO,Chemicals,Chromium compounds (except for chromite ore mined in the Transvaal Region),NO
2021,28621PRDFRHWY26,110001491699.0,PERDUE FARMS INC ELKIN FEED MILL,105 GREENWOOD CIR,ELKIN,SURRY,NC,28621,36.27586,-80.766,PERDUE FARMS INC,NO,Food,Copper compounds,NO
2021,28429CCDNTOFFST,110000350272.0,ELEMENTIS CHROMIUM INC,5408 HOLLY SHELTER RD,CASTLE HAYNE,NEW HANOVER,NC,28429,34.372516,-77.859466,ELEMENTIS,NO,Chemicals,Chromium  and Chromium Compounds(except for chromite ore mined in the Transvaal Region),NO
2021,28384SFTYKHWY30,110039005377.0,SAFETY-KLEEN SYSTEMS SAINT PAULS (STP),934 N 5TH ST,SAINT PAULS,ROBESON,NC,28384,34.817116,-78.974865,CLEAN HARBORS INC,NO,Hazardous Waste,Polycyclic aromatic compounds,YES
2021,2811WCNSLD4515C,110070912817.0,CONSOLIDATED METCO INC.,4515 CORPORATE CENTER DRIVE,MONROE,UNION,NC,28110,35.016217,-80.638084,CONSOLIDATED METCO INC,NO,Transportation Equipment,Diisocyanates,NO
2021,28638CHMCLPOBOX,110000350913.0,RPM WOOD FINISHES GROUP INC,3194 HICKORY BLVD,HUDSON,CALDWELL,NC,28638,35.84148,-81.46758,RPM INTERNATIONAL INC,NO,Chemicals,"1,2,4-Trimethylbenzene",NO
2021,2761WCNCRT374VE,110069232869.0,CONCRETE SUPPLY CO.  LLC - DURANT PARK,3740 OVERLOOK RD,RALEIGH,WAKE,NC,27616,35.880844,-78.577966,CONCRETE SUPPLY CO LLC,NO,Nonmetallic Mineral Product,Mercury  And Mercury Compounds,NO
2021,27877RSNLLWATER,110006848322.0,RESINALL CORP,302 N WATER ST,SEVERN,NORTHAMPTON,NC,27877,36.512899,-77.189712,ERGON INC,NO,Chemicals,Xylene (mixed isomers),NO
2021,28613HLSTD1004K,110000350744.0,ARMACELL ENGINEERED FOAMS,1004 KEISLER RD,CONOVER,CATAWBA,NC,28613,35.69244,-81.20573,ARMACELL US HOLDINGS INC,NO,Plastics and Rubber,Zinc compounds,NO
2021,28655CTPLL90CER,110000351057.0,VEKA EAST,90 CERAMIC TILE DR,MORGANTON,BURKE,NC,28655,35.70569,-81.79431,VEKA HOLDINGS,NO,Transportation Equipment,Antimony compounds,NO
2021,27204VRDYB419AR,110000345564.0,ENERGIZER  MANUFACTURING INC,419 ART BRYAN DR,ASHEBORO,RANDOLPH,NC,27203,35.77012,-79.81675,ENERGIZER HOLDINGS INC,NO,Electrical Equipment,Zinc (fume or dust),NO
2021,27215HFFMN1021Q,110000345626.0,HUFFMAN OIL CO INC,1021 QUEEN ANN ST,BURLINGTON,ALAMANCE,NC,27217,36.08485,-79.41787,NA,NO,Petroleum Bulk Terminals,Ethylene glycol,NO
2021,28086MYFLW629SO,110000348419.0,COMMERCIAL VEHICLE GROUP KINGS MOUNTAIN FACILITY,629 S BATTLEGROUND AVE,KINGS MOUNTAIN,CLEVELAND,NC,28086,35.231778,-81.34903,COMMERCIAL VEHICLE GROUP INC,NO,Transportation Equipment,Certain glycol ethers,NO
2021,2865WSCMKR18IND,110070244694.0,SOUTHERN CONCRETE MATERIALS-MORGANTON (KERRS),108 INDUSTRIAL BLVD,MORGANTON,BURKE,NC,28655,35.72803,-81.74954,HEDRICK INDUSTRIES,NO,Nonmetallic Mineral Product,Nitrate compounds (water dissociable; reportable only when in aqueous solution),NO
2021,28560RDYMX1715R,110022447609.0,ARGOS NEW BERN CONCRETE PLANT,1715 RACE TRACK RD,NEW BERN,CRAVEN,NC,28562,35.12846,-77.09591,ARGOS USA CORP,NO,Nonmetallic Mineral Product,Lead,YES
2021,27263THMSB715WF,110000345939.0,THOMAS BUILT BUSES INC,715 W FAIRFIELD RD,HIGH POINT,GUILFORD,NC,27263,35.92156,-79.99726,DAIMLER TRUCKS NORTH AMERICA LLC,NO,Transportation Equipment,Chromium compounds (except for chromite ore mined in the Transvaal Region),NO
2021,2720WCRLND116IN,110071151069.0,SAPUTO CHEESE USA INC,116 INDUSTRIAL DR,BISCOE,MONTGOMERY,NC,27209,35.3623,-79.80204,SAPUTO CHEESE USA INC,NO,Food,Nitrate compounds (water dissociable; reportable only when in aqueous solution),NO
2021,27204VRDYB419AR,110000345564.0,ENERGIZER  MANUFACTURING INC,419 ART BRYAN DR,ASHEBORO,RANDOLPH,NC,27203,35.77012,-79.81675,ENERGIZER HOLDINGS INC,NO,Electrical Equipment,Zinc compounds,NO
2021,27343RXBRS1700D,110000346386.0,DUKE ENERGY PROGRESS LLC - ROXBORO STEAM ELECTRIC PLANT,1700 DUNNAWAY RD,SEMORA,PERSON,NC,27343,36.4833,-79.0731,DUKE ENERGY CORP,NO,Electric Utilities,Copper compounds,NO
2021,28451CTNGSRTE74,110004045701.0,COATINGS & ADHESIVES CORP,1901 POPULAR ST NE,LELAND,BRUNSWICK,NC,28451,34.251633,-78.070816,NA,NO,Chemicals,Zinc compounds,NO
2021,28111TLDYN2020A,110000348589.0,ATI SPECIALTY MATERIALS - MONROE PLANT,2020 ASHCRAFT AVE,MONROE,UNION,NC,28110,34.984,-80.51337,ALLEGHENY TECHNOLOGIES INC,NO,Primary Metals,Nickel,YES
2021,2785WFWNLC1INDU,110039497327.0,AMERICAN COMPUTER DEVELOPMENT INC,100 IND US TRY CT,NASHVILLE,NASH,NC,27856,35.970756,-77.985844,AMERICAN COMPUTER DEVELOPMENT INC,NO,Computers and Electronic Products,Lead compounds,NO
2021,27806TXSGLHIGHW,110000586376.0,PCS PHOSPHATE CO INC,1530 NC HWY 306 S,AURORA,BEAUFORT,NC,27806,35.37745,-76.778816,POTASH HOLDING CO INC,NO,Chemicals,Copper  And Copper Compounds,NO
2021,27292FMTCH117CE,110000346037.0,CARTER MILLWORK INC.,117 CEDAR LN DR,LEXINGTON,DAVIDSON,NC,27292,35.776933,-80.263633,NA,NO,Plastics and Rubber,Diisocyanates,NO
2021,2791WNVVPL142NC,110071286085.0,ENVIVA PELLETS LLC - AHOSKIE FACILITY,142 NC HIGHWAY 561 E,AHOSKIE,HERTFORD,NC,27910,36.269338,-76.964464,ENVIVA LP,NO,Wood Products,Acetaldehyde,YES
2021,27573MYLCT10660,110057382666.0,DUKE ENERGY PROGRESS LLC-MAYO ELECTRIC GENERATING PLANT,10660 BOSTON RD,ROXBORO,PERSON,NC,27574,36.5278,-78.8917,DUKE ENERGY CORP,NO,Electric Utilities,Barium compounds (except for barium sulfate (CAS No. 7727-43-7)),NO
2021,2809WCNCRT831SM,110055497920.0,CONCRETE SUPPLY CO - LINCOLNTON,831 S. MADISON ST,LINCOLNTON,LINCOLN,NC,28092,35.46017,-81.26184,CONCRETE SUPPLY CO LLC,NO,Nonmetallic Mineral Product,Lead  And Lead Compounds,NO
2021,27330GLDNP6500Z,110000551493.0,PILGRIM'S PRIDE CORP SANFORD FACILITY,484 ZIMMERMAN RD,SANFORD,LEE,NC,27330,35.558038,-79.22948,JBS USA FOOD CO,NO,Food,Chlorine,NO
2021,27420LRLLR2525E,110000346787.0,ITG BRANDS,2525 E MARKET ST,GREENSBORO,GUILFORD,NC,27401,36.07779,-79.75408,ITG BRANDS LLC,NO,Tobacco,Ammonia,NO
2021,28429CCDNTOFFST,110000350272.0,ELEMENTIS CHROMIUM INC,5408 HOLLY SHELTER RD,CASTLE HAYNE,NEW HANOVER,NC,28429,34.372516,-77.859466,ELEMENTIS,NO,Chemicals,Mercury  And Mercury Compounds,NO
2021,27377NGNRD1239R,110000346466.0,ENGINEERED CONTROLS INTERNATIONAL,1239 ROCK CREEK DAIRY RD,WHITSETT,GUILFORD,NC,27377,36.0525,-79.59969,ENGINEERED CONTROLS INTERNATIONAL,NO,Fabricated Metals,Nickel compounds,YES
2021,27285STHSTWESTM,110000586269.0,SOUTH-EAST LUMBER CO,W MOUNTAIN ST & FULP RD,KERNERSVILLE,FORSYTH,NC,27284,36.13569,-80.11263,NA,NO,Wood Products,Copper compounds,NO
2021,28360LKYST88CAT,110001493090.0,ELKAY PLUMBING PRODUCTS CO,880 CATON ROAD,LUMBERTON,ROBESON,NC,28360,34.64175,-79.07481,ELKAY MANUFACTURING CO,NO,Fabricated Metals,Copper,NO
2021,27282CHMCN108OA,110000345957.0,UNIVAR SOLUTIONS USA INC,108 OAKDALE RD,JAMESTOWN,GUILFORD,NC,27282,35.99347,-79.93371,UNIVAR SOLUTIONS USA INC,NO,Chemical Wholesalers,n-Hexane,NO
2021,28147TRSTT3310S,110001481192.0,CENTURION MEDICAL PRODUCTS,3310 S MAIN ST,SALISBURY,ROWAN,NC,28147,35.63746,-80.51356,CENTURION MEDICAL PRODUCTS,NO,Miscellaneous Manufacturing,Ethylene oxide,YES
2021,28120CKLSP801WC,110054846093.0,CEKAL SPECIALTIES INC,101 BRICKYARD RD,MOUNT HOLLY,GASTON,NC,28120,35.302222,-81.033056,NA,NO,Chemicals,Formaldehyde,YES
2021,28105RXHMC700CR,110000348455.0,TRANSCONTINENTAL MATTHEWS,700 CRESTDALE RD,MATTHEWS,MECKLENBURG,NC,28105,35.1164,-80.7082,TC TRANSCONTINENTAL PACKAGING INC,NO,Plastics and Rubber,Methanol,NO
2021,28120MRCNF22AME,110000348696.0,AMERICAN & EFIRD LLC PLANT 05 & 15,601 AMERICAN ST,MOUNT HOLLY,GASTON,NC,28120,35.29062,-81.01181,AMERICAN & EFIRD LLC,NO,Textiles,N-Methyl-2-pyrrolidone,NO
2021,27052DKNRGPINEH,110000604141.0,DUKE ENERGY CAROLINAS LLC - BELEWS CREEK STEAM STATION,3195 PINE HALL RD,WALNUT COVE,STOKES,NC,27052,36.281338,-80.059438,DUKE ENERGY CORP,NO,Electric Utilities,Vanadium compounds,NO
2021,28682DKNRG8320E,110000351397.0,DUKE ENERGY CAROLINAS LLC - MARSHALL STEAM STATION,8320 E NC 150 HWY,TERRELL,CATAWBA,NC,28682,35.5983,-80.9636,DUKE ENERGY CORP,NO,Electric Utilities,Ammonia,NO
2021,27420GLBRC7300F,110000847601.0,GILBARCO INC,7300 W FRIENDLY AVE,GREENSBORO,GUILFORD,NC,27410,36.08764,-79.9272,VONTIER CORP,NO,Machinery,Chromium,NO
2021,28307DPTFRDIREC,110064176877.0,U.S. ARMY FORT BRAGG,DPW ENV COMPLIANCE BRANCH BLDG 3-1137 REILLY RD,FORT BRAGG,CUMBERLAND,NC,28310,35.15705,-79.00036,US DEPARTMENT OF DEFENSE,YES,Other,Chromium,NO
2021,2850WSNDRS4985H,110043222964.0,SANDERSON FARMS INC,2081 SANDERSON WAY,KINSTON,LENOIR,NC,28504,35.258611,-77.670556,SANDERSON FARMS INC,NO,Food,Nitrate compounds (water dissociable; reportable only when in aqueous solution),NO
2021,27264SPRBR1350W,110000554533.0,DFA DAIRY BRANDS FLUID LLC DBA PET DAIRY,1350 W FAIRFIELD RD,HIGH POINT,GUILFORD,NC,27263,35.9217,-80.01229,DAIRY FARMERS OF AMERICA INC,NO,Food,Nitric acid,NO
2021,28328THLND424RA,110000349846.0,SMITHFIELD-CLINTON,424 E RAILROAD RD,CLINTON,SAMPSON,NC,28328,34.994252,-78.313318,UNITED GLOBAL FOODS US HOLDINGS INC,NO,Food,Chlorine dioxide,NO
2021,28352MNVLLPOBOX,110000349980.0,RAILROAD FRICTION PRODUCTS CORP,13601 AIRPORT RD,MAXTON,SCOTLAND,NC,28364,34.762788,-79.370238,WABTEC CORP,NO,Transportation Equipment,Chromium compounds (except for chromite ore mined in the Transvaal Region),NO
2021,28144NTNLSCEDAR,110056525835.0,HENKEL US OPERATIONS CORP,825 CEDAR SPRINGS RD,SALISBURY,ROWAN,NC,28147,35.63367,-80.53335,HENKEL OF AMERICA INC,NO,Chemicals,Diisocyanates,NO
2021,28086FRSTN100FI,110001494874.0,FIRESTONE FIBERS & TEXTILES CO,100 FIRESTONE LN,KINGS MOUNTAIN,GASTON,NC,28086,35.23088,-81.31827,BRIDGESTONE AMERICAS INC,NO,Textiles,Ammonia,NO
2021,27263SFTYK6182O,110000345920.0,SAFETY-KLEEN SYSTEMS ARCHDALE (ARC),6182 OLD MENDENHALL RD,ARCHDALE,RANDOLPH,NC,27263,35.91512,-80.01621,CLEAN HARBORS INC,NO,Hazardous Waste,"Benzo[g,h,i]perylene",NO
2021,27565BNDGN505WI,110000347009.0,BRIDGESTONE BANDAG LLC OXFORD PLANT,505 W INDUSTRY DR,OXFORD,GRANVILLE,NC,27565,36.29566,-78.60859,BRIDGESTONE AMERICAS INC,NO,Plastics and Rubber,Zinc compounds,NO
2021,28560WYRHSSTREE,110000350478.0,INTERNATIONAL PAPER- NEW BERN MILL,1785 WEYERHAEUSER RD,VANCEBORO,CRAVEN,NC,28586,35.212247,-77.114823,INTERNATIONAL PAPER CO,NO,Paper,Lead  And Lead Compounds,NO
2021,27893WLTRK2500A,110004018063.0,KIDDE AEROSPACE & DEFENSE,4200 AIRPORT DR NW,WILSON,WILSON,NC,27896,35.76264,-77.96203,RAYTHEON TECHNOLOGIES CORP,NO,Transportation Equipment,Diisocyanates,NO
2021,27893LLNCN237BA,110031469836.0,ALLIANCE ONE SPECIALTY PRODUCTS LLC,2307 BALDREE RD S,WILSON,WILSON,NC,27893,35.69337,-77.91751,PYXUS INTERNATIONAL INC,NO,Tobacco,Ammonia,NO
2021,28270QNTMC1337N,110015680949.0,QUANTUM COATINGS INC,1337 WOOD BRANCH DR,CHARLOTTE,MECKLENBURG,NC,28273,35.12449,-80.92538,NA,NO,Chemicals,Ammonia,NO
2021,27261RLNCN1431P,110000345840.0,AKZONOBEL COATINGS INC,1431 PROGRESS AVE,HIGH POINT,GUILFORD,NC,27260,35.92387,-80.02214,AKZO NOBEL NV,NO,Chemicals,Cyclohexane,NO
2021,2761WCRLNS862BA,110018641781.0,CAROLINA SUNROCK LLC - RDU,8620 BAREFOOT INDUSTRIAL,RALEIGH,WAKE,NC,27617,35.89245,-78.745766,THE SUNROCK GROUP INC,NO,Nonmetallic Mineral Product,Polycyclic aromatic compounds,YES
2021,28352LBBYWHWY74,110064226868.0,PILKINGTON NA,13121 ROCKY FORD RD,LAURINBURG,SCOTLAND,NC,28352,34.748702,-79.405889,PILKINGTON NORTH AMERICA INC,NO,Nonmetallic Mineral Product,"Hydrochloric acid (acid aerosols including mists, vapors, gas, fog, and other airborne forms of any particle size)",NO
2021,27573MYLCT10660,110057382666.0,DUKE ENERGY PROGRESS LLC-MAYO ELECTRIC GENERATING PLANT,10660 BOSTON RD,ROXBORO,PERSON,NC,27574,36.5278,-78.8917,DUKE ENERGY CORP,NO,Electric Utilities,Polycyclic aromatic compounds,YES
2021,28677THVLS1931S,110006719168.0,SHERWIN-WILLIAMS CO,188 SIDE TRACK DR,STATESVILLE,IREDELL,NC,28625,35.76391,-80.84241,THE SHERWIN-WILLIAMS CO,NO,Chemicals,Nonylphenol Ethoxylates,NO
2021,28384SPXVL1491N,110015680958.0,WATTS REGULATOR CO,1491 NC HWY 20 W,SAINT PAULS,ROBESON,NC,28384,34.822033,-79.009316,WATTS REGULATOR CO,NO,Fabricated Metals,Diisocyanates,NO
2021,27028NGRSL501SA,110000345145.0,INGERSOLL-RAND CO-MOCKSVILLE OPERATIONS,501 SANFORD AVE,MOCKSVILLE,DAVIE,NC,27028,35.89166,-80.56909,INGERSOLL-RAND CO,NO,Machinery,Chromium,NO
2021,28613HCKRYHIGHW,110000350735.0,ELITE COMFORT SOLUTIONS - CONOVER,1115 FARRINGTON STREET,CONOVER,CATAWBA,NC,28613,35.71675,-81.24176,ELITE COMFORT SOLUTIONS LLC,NO,Plastics and Rubber,Toluene diisocyanate (mixed isomers),YES
2021,28655SGLCR307JA,110002100039.0,SGL CARBON LLC,307 JAMESTOWN RD,MORGANTON,BURKE,NC,28655,35.73239,-81.73013,SGL CARBON LLC,NO,Electrical Equipment,Polycyclic aromatic compounds,YES
2021,28086FRSTN100FI,110001494874.0,FIRESTONE FIBERS & TEXTILES CO,100 FIRESTONE LN,KINGS MOUNTAIN,GASTON,NC,28086,35.23088,-81.31827,BRIDGESTONE AMERICAS INC,NO,Textiles,Methanol,NO
2021,28052WXDNCNORTH,110000586544.0,MANN+HUMMEL FILTRATION TECHNOLOGY - ALLEN PLANT,2900 NW BLVD,GASTONIA,GASTON,NC,28052,35.27638,-81.22267,MANN+HUMMEL USA INC,NO,Transportation Equipment,Manganese,NO
2021,27709SCMMT2601W,110000347401.0,SCM METAL PRODUCTS INC,2601 WECK DR,RESEARCH TRIANGLE PARK,DURHAM,NC,27709,35.93214,-78.84981,NA,NO,Primary Metals,Lead,YES
2021,2809WCTGNR125TE,110070550211.0,ACTEGA N.A. INC.,125 TECHNOLOGY DR,LINCOLNTON,LINCOLN,NC,28092,35.4748,-81.21511,ACTEGA NORTH AMERICA INC,NO,Chemicals,Certain glycol ethers,NO
2021,28086CMMRC101CA,110012476329.0,PARKER HANNIFIN - GPD,101 CANTERBURY RD,KINGS MOUNTAIN,CLEVELAND,NC,28086,35.240556,-81.324722,PARKER HANNIFIN CORP,NO,Machinery,Chromium,NO
2021,27828STHRNSOUTH,110007115371.0,BUTTERBALL FARMVILLE FEED MILL,3628 S. FIELDS ST.,FARMVILLE,PITT,NC,27828,35.597673,-77.592218,SEABOARD CORP,NO,Food,Methanol,NO
2021,27403MRFLX2110H,110000346527.0,VERTELLUS GREENSBORO LLC,2110 W GATE CITY BLVD,GREENSBORO,GUILFORD,NC,27403,36.05963,-79.82714,V GLOBAL HOLDINGS LLC,NO,Chemicals,Cyclohexanol,NO
2021,28451CTNGSRTE74,110004045701.0,COATINGS & ADHESIVES CORP,1901 POPULAR ST NE,LELAND,BRUNSWICK,NC,28451,34.251633,-78.070816,NA,NO,Chemicals,Diisocyanates,NO
2021,28603CRLNS22741,110000350619.0,CAROLINA SOLVENTS INC,2274 1ST ST SE,HICKORY,CATAWBA,NC,28602,35.69927,-81.34293,NA,NO,Chemicals,Toluene,NO
2021,2811WPRTPS41VAN,110064433377.0,PRO-TOPS INC.,4001 VAN DYKE CT,MONROE,UNION,NC,28110,35.06697,-80.63452,NA,NO,Nonmetallic Mineral Product,Styrene,YES
2021,28716CHMPNMAINS,110009846480.0,BLUE RIDGE PAPER PRODUCTS LLC,175 MAIN ST,CANTON,HAYWOOD,NC,28716,35.5349,-82.8421,EVERGREEN PACKAGING GROUP,NO,Paper,Ammonia,NO
2021,2839WTRKYM564TU,110043582138.0,TURKEYMILL,5604 TURKEY HWY,TURKEY,SAMPSON,NC,28393,34.98652,-78.22031,NA,NO,Food,Selenium compounds,NO
2021,2870WLNMRX2169B,110070121475.0,LINAMAR NC,2169 HENDERSONVILLE RD,ARDEN,BUNCOMBE,NC,28704,35.48056,-82.52453,LINAMAR CORP,NO,Transportation Equipment,Copper,NO
2021,28208SHLND3930G,110000349329.0,NEXEO SOLUTIONS LLC,3930 GLENWOOD DR,CHARLOTTE,MECKLENBURG,NC,28208,35.2511,-80.8855,UNIVAR SOLUTIONS USA INC,NO,Chemical Wholesalers,n-Hexane,NO
2021,27804LCNCN400JE,110000347492.0,KABA ILCO CORP,400 JEFFERYS RD,ROCKY MOUNT,NASH,NC,27801,35.98742,-77.78704,KABA ILCO CORP,NO,Fabricated Metals,Copper  And Copper Compounds,NO
2021,27565NVRSL311PR,110012656429.0,J P TAYLOR CO LLC,311 PROVIDENCE RD,OXFORD,GRANVILLE,NC,27565,36.300916,-78.611266,UNIVERSAL CORP,NO,Tobacco,Nicotine and salts,NO
2021,2814WCRLNC1E17T,110012476043.0,CHROMA COLOR CORP,100 E 17TH ST,SALISBURY,ROWAN,NC,28144,35.680857,-80.44874,CHROMA COLOR CORP,NO,Plastics and Rubber,Lead  And Lead Compounds,NO
2021,28638CHMCLPOBOX,110000350913.0,RPM WOOD FINISHES GROUP INC,3194 HICKORY BLVD,HUDSON,CALDWELL,NC,28638,35.84148,-81.46758,RPM INTERNATIONAL INC,NO,Chemicals,Xylene (mixed isomers),NO
2021,27886LCTLT2801A,110000347697.0,"LS CABLE & SYSTEM U.S.A., INC.",2901 ANACONDA RD,TARBORO,EDGECOMBE,NC,27886,35.91085,-77.5804,SUPERIOR ESSEX INC,NO,Primary Metals,Antimony  And Antimony Compounds,NO
2021,28711SNGRCHIGHW,110042063995.0,KEARFOTT CORP MOTION SYSTEMS DIV,2858 HWY 70 W,BLACK MOUNTAIN,BUNCOMBE,NC,28711,35.62468,-82.316349,ASTRONAUTICS CORP OF AMERICA,NO,Computers and Electronic Products,Lead,YES
2021,27260THLLL1717E,110000345760.0,AXALTA COATING SYSTEMS USA LLC - HIGH POINT,1717 WEST ENGLISH RD,HIGH POINT,GUILFORD,NC,27262,35.945162,-80.022598,AXALTA COATING SYSTEMS LLC,NO,Chemicals,Zinc compounds,NO
2021,27870MLLCNWEST1,110009719144.0,CULPEPER OF ROANOKE RAPIDS LLC,2262 W 10TH ST,ROANOKE RAPIDS,HALIFAX,NC,27870,36.4634,-77.6892,JEFFERSON HOMEBUILDERS INC,NO,Wood Products,Arsenic compounds,NO
2021,27262NVCHM201OL,110000345886.0,ENNIS-FLINT INC - HIGH POINT FACILITY,201 OLD THOMASVILLE RD,HIGH POINT,GUILFORD,NC,27260,35.93417,-80.02944,ENNIS-FLINT INC,NO,Chemicals,Methyl methacrylate,NO
2021,28301NCPRD396CE,110005985791.0,OLDCASTLE PRECAST INC,3960 CEDAR CREEK RD,FAYETTEVILLE,CUMBERLAND,NC,28301,34.97797,-78.77221,CRH AMERICAS INC,NO,Nonmetallic Mineral Product,Lead compounds,NO
2021,28139LLDDC18IND,110018748140.0,AALLIED DIE CASTING OF N.C.,401 AALLIED DR,RUTHERFORDTON,RUTHERFORD,NC,28139,35.35602,-81.95744,RCM INDUSTRIES,NO,Primary Metals,Aluminum (fume or dust),NO
2021,28704SHVLL200CP,110000587071.0,DUKE ENERGY PROGRESS LLC-ASHEVILLE STEAM ELECTRIC PLANT,46 DUKE ENERGY LANE,ARDEN,BUNCOMBE,NC,28704,35.471596,-82.542194,DUKE ENERGY CORP,NO,Electric Utilities,Naphthalene,YES
2021,27893FRSTNFIRES,110000745196.0,BRIDGESTONE AMERICAS TIRE OPERATIONS LLC,3001 FIRESTONE PKWY,WILSON,WILSON,NC,27893,35.75598,-77.86917,BRIDGESTONE AMERICAS INC,NO,Plastics and Rubber,Lead compounds,NO
2021,27343RXBRS1700D,110000346386.0,DUKE ENERGY PROGRESS LLC - ROXBORO STEAM ELECTRIC PLANT,1700 DUNNAWAY RD,SEMORA,PERSON,NC,27343,36.4833,-79.0731,DUKE ENERGY CORP,NO,Electric Utilities,Arsenic compounds,NO
2021,28012CRSPH181WD,110031001939.0,CARUS LLC BELMONT SITE,181 WOODLAWN AVE,BELMONT,GASTON,NC,28012,35.269069,-81.046299,CONDY HOLDINGS LLC,NO,Chemicals,Zinc compounds,NO
2021,2845WSLRLB333NE,110000350352.0,ENTEGRIS INC.,333 NEILS EDDY ROAD,RIEGELWOOD,COLUMBUS,NC,28456,34.32599,-78.19946,ENTEGRIS INC,NO,Chemicals,n-Hexane,NO
2021,27804LCNCN400JE,110000347492.0,KABA ILCO CORP,400 JEFFERYS RD,ROCKY MOUNT,NASH,NC,27801,35.98742,-77.78704,KABA ILCO CORP,NO,Fabricated Metals,Zinc (fume or dust),NO
2021,28150PPGNDRT4XX,110000349070.0,ELECTRIC GLASS FIBER AMERICA LLC,940 WASHBURN SWITCH RD,SHELBY,CLEVELAND,NC,28150,35.33104,-81.62436,NIPPON ELECTRIC GLASS AMERICA INC,NO,Nonmetallic Mineral Product,Methanol,NO
2021,27107GRDNR1664M,110000345396.0,GAC WINSTON SALEM INC,1664 S MARTIN LUTHER KING JR DR,WINSTON SALEM,FORSYTH,NC,27107,36.07639,-80.22022,GARDNER INDUSTRIES INC,NO,Chemicals,Nitrate compounds (water dissociable; reportable only when in aqueous solution),NO
2021,28658GTRGG1848G,110001128271.0,GKN DRIVELINE LLC,1848 GKN WAY,NEWTON,CATAWBA,NC,28658,35.603162,-81.213351,GKN NORTH AMERICA INC,NO,Transportation Equipment,Nickel,YES
2021,2838WSNDRS276NC,110069992280.0,SANDERSON FARMS ST. PAULS PROCESSING,2076 NC HIGHWAY 20 W,SAINT PAULS,ROBESON,NC,28384,34.827673,-79.015169,SANDERSON FARMS INC,NO,Food,Hydrogen sulfide,NO
2021,27203LVRRB408TE,110000345519.0,OLIVER RUBBER CO,408 TELEPHONE AVE,ASHEBORO,RANDOLPH,NC,27205,35.68579,-79.81244,MICHELIN NORTH AMERICA INC,NO,Plastics and Rubber,Zinc compounds,NO
2021,28214TRNSM7401O,110000492672.0,BLANCHARD TERMINAL CO - CHARLOTTE EAST NC TERMINAL,7401 OLD MT HOLLY RD,CHARLOTTE,MECKLENBURG,NC,28214,35.277522,-80.931366,MARATHON PETROLEUM CORP,NO,Petroleum Bulk Terminals,Benzene,YES
2021,2758WCRLNS543UN,110001499977.0,CAROLINA SUNROCK LLC - NORTH RALEIGH,5043 UNICON DRIVE,WAKE FOREST,WAKE,NC,27587,35.92231,-78.53867,THE SUNROCK GROUP INC,NO,Nonmetallic Mineral Product,Nitrate compounds (water dissociable; reportable only when in aqueous solution),NO
2021,2867WRGSRD2289S,110060258153.0,ARGOS READY MIX STATESVILLE CONCRETE PLANT,2289 SALISBURY RD.,STATESVILLE,IREDELL,NC,28677,35.75648,-80.81892,ARGOS USA CORP,NO,Nonmetallic Mineral Product,Lead,YES
2021,28677CLRKQI77I4,110010283996.0,CLARK EQUIPMENT DBA DOOSAN INFRACORE CONSTRUCTION EQUIPMENT,1293 GLENWAY DR,STATESVILLE,IREDELL,NC,28625,35.81027,-80.86413,NA,NO,Machinery,Chromium,NO
2021,27978SRFRCA1AFS,110037143597.0,"U.S. DOD, USAF, DARE COUNTY BOMB RANGE",A-10 AF SHELL RD,STUMPY POINT,DARE,NC,27978,35.67238,-75.89237,US DEPARTMENT OF DEFENSE,YES,Other,Lead,YES
2021,27806TXSGLHIGHW,110000586376.0,PCS PHOSPHATE CO INC,1530 NC HWY 306 S,AURORA,BEAUFORT,NC,27806,35.37745,-76.778816,POTASH HOLDING CO INC,NO,Chemicals,Hydrogen sulfide,NO
2021,28120FRGHT1800N,110000348669.0,DAIMLER TRUCKS NA LLC,1800 N MAIN ST,MOUNT HOLLY,GASTON,NC,28120,35.32452,-81.00572,DAIMLER TRUCKS NORTH AMERICA LLC,NO,Transportation Equipment,Naphthalene,YES
2021,2820WTWCCN227GA,110070244793.0,ITW CCNA PNA CONSTRUCTION TECHNOLOGIES,2027 GATEWAY BLVD,CHARLOTTE,MECKLENBURG,NC,28208,35.24323,-80.90692,ILLINOIS TOOL WORKS INC,NO,Fabricated Metals,Chromium,NO
2021,2865WMRCNR37BUR,110004038194.0,AMERICAN ROLLER BEARING CO,307 BURKE DR,MORGANTON,BURKE,NC,28655,35.74948,-81.66411,AMERICAN ROLLER BEARING CO,NO,Fabricated Metals,Methanol,NO
2021,2870WLNMRX2169B,110070121475.0,LINAMAR NC,2169 HENDERSONVILLE RD,ARDEN,BUNCOMBE,NC,28704,35.48056,-82.52453,LINAMAR CORP,NO,Transportation Equipment,Nickel,YES
2021,28613HLSTD1004K,110000350744.0,ARMACELL ENGINEERED FOAMS,1004 KEISLER RD,CONOVER,CATAWBA,NC,28613,35.69244,-81.20573,ARMACELL US HOLDINGS INC,NO,Plastics and Rubber,Antimony  And Antimony Compounds,NO
2021,28456FDRLPRIEGE,110009719304.0,INTERNATIONAL PAPER RIEGELWOOD MILL,865 JOHN L.RIEGEL RD,RIEGELWOOD,COLUMBUS,NC,28456,34.3522,-78.2125,INTERNATIONAL PAPER CO,NO,Paper,Phenol,NO
2021,2832WDBSNT9INDU,110070669640.0,DUBOSE NATIONAL ENERGY SERVICES INC.,900 INDUSTRIAL DR,CLINTON,SAMPSON,NC,28328,35.023,-78.33492,RELIANCE STEEL & ALUMINUM CO,NO,Fabricated Metals,Manganese,NO
2021,28601HCKRY8567T,110064186731.0,HICKORY WHITE CASEGOODS DIV,9 LENOIR RHYNE BLVD,HICKORY,CATAWBA,NC,28602,35.73564,-81.32486,HWS CO INC DBA HICKORY WHITE,NO,Furniture,Lead,YES
2021,28086NVLKN304LI,110001476714.0,CORMETECH INC.,304 LINWOOD RD,KINGS MOUNTAIN,CLEVELAND,NC,28086,35.25198,-81.3338,CORMETECH INC,NO,Machinery,Vanadium (except when contained in an alloy),NO
2021,28120FRGHT1800N,110000348669.0,DAIMLER TRUCKS NA LLC,1800 N MAIN ST,MOUNT HOLLY,GASTON,NC,28120,35.32452,-81.00572,DAIMLER TRUCKS NORTH AMERICA LLC,NO,Transportation Equipment,Methanol,NO
2021,28352MNVLLPOBOX,110000349980.0,RAILROAD FRICTION PRODUCTS CORP,13601 AIRPORT RD,MAXTON,SCOTLAND,NC,28364,34.762788,-79.370238,WABTEC CORP,NO,Transportation Equipment,Zinc compounds,NO
2021,28144NTNLSCEDAR,110056525835.0,HENKEL US OPERATIONS CORP,825 CEDAR SPRINGS RD,SALISBURY,ROWAN,NC,28147,35.63367,-80.53335,HENKEL OF AMERICA INC,NO,Chemicals,Dichloromethane,YES
2021,28115NGKCR119MA,110030816605.0,NGK CERAMICS USA INC,119 MAZEPPA RD,MOORESVILLE,IREDELL,NC,28115,35.614,-80.81605,NGK NORTH AMERICA,NO,Nonmetallic Mineral Product,Nitric acid,NO
2021,27403DSTNC1025H,110000346518.0,SHERWIN-WILLIAMS CO,1025 HOWARD ST,GREENSBORO,GUILFORD,NC,27403,36.06238,-79.83395,THE SHERWIN-WILLIAMS CO,NO,Chemicals,Certain glycol ethers,NO
2021,2756WNTGRT48DAV,110071041884.0,INTEGRATED DNA TECHNOLOGIES,4800 DAVIS DR,MORRISVILLE,WAKE,NC,27560,35.853317,-78.864928,DANAHER CORP,NO,Chemicals,Toluene,NO
2021,27577LMPML210N2,110012707534.0,LAMPE & MALPHRUS LUMBER CO,210 N TENTH ST,SMITHFIELD,JOHNSTON,NC,27577,35.5094,-78.3361,NA,NO,Wood Products,Lead compounds,NO
2021,27856PRDFRALTUS,110009849815.0,PERDUE NASHVILLE FEED MILL,1835 US HWY 64A,NASHVILLE,NASH,NC,27856,35.970875,-77.999312,PERDUE FARMS INC,NO,Food,Zinc compounds,NO
2021,27870RSMRY12THS,110001483261.0,ROSEMARY POWER STATION,12TH ST,ROANOKE RAPIDS,HALIFAX,NC,27870,36.452527,-77.660408,DOMINION ENERGY INC,NO,Electric Utilities,n-Hexane,NO
2021,27107STRHC4000O,110000345458.0,ARDAGH METAL BEVERAGE USA INC RE: WINSTON SALEM PLANT,4000 OLD MILWAUKEE LN,WINSTON SALEM,FORSYTH,NC,27107,36.03497,-80.22449,ARDAGH HOLDINGS USA INC,NO,Fabricated Metals,n-Butyl alcohol,NO
2021,28379SMPRD106EN,110001503338.0,CAI INC.,106 ENTERPRISE DR,ROCKINGHAM,RICHMOND,NC,28379,34.963772,-79.80426,,NO,Chemicals,Certain glycol ethers,NO
2021,2803WBRLCM5CRRE,110045519079.0,WESTLAKE ROYAL BUILDING PRODUCTS INC - PLANT 1,500 CORRELL ST,EAST SPENCER,ROWAN,NC,28039,35.67498,-80.4347,WESTLAKE CHEMICAL CORP,NO,Plastics and Rubber,Diisocyanates,NO
2021,28625DVNCD280CR,110009716165.0,HEXPOL COMPOUNDING NC INC.,280 CRAWFORD RD,STATESVILLE,IREDELL,NC,28625,35.8229,-80.84611,HEXPOL HOLDINGS INC,NO,Plastics and Rubber,Zinc compounds,NO
2021,27835GRDYWGREEN,110000347606.0,GRADY WHITE BOATS INC.,5121 MARTIN LUTHER KING JR HWY,GREENVILLE,PITT,NC,27834,35.649613,-77.34405,NA,NO,Transportation Equipment,Styrene,YES
2021,2752WRGSGR64EGA,110069311140.0,ARGOS GARNER CONCRETE PLANT,604 E GARNER RD,GARNER,WAKE,NC,27529,35.70435,-78.59646,ARGOS USA CORP,NO,Nonmetallic Mineral Product,Lead,YES
2021,2815WBLDTR1111A,110071284853.0,BLUEDOT-READI-MIX-SHELBY (PLANT #106),1111 AIRPORT RD.,SHELBY,CLEVELAND,NC,28150,35.313597,-81.51241,BLUEDOT READI-MIX,NO,Nonmetallic Mineral Product,Lead  And Lead Compounds,NO
2021,27407BRLNG6008H,110012656697.0,ALBERDINGK BOLEY INC,6008 WEST GATE CITY BOULEVARD,GREENSBORO,GUILFORD,NC,27407,36.00477,-79.90461,NA,NO,Chemicals,Hydrazine,YES
2021,28328CMPBL224FA,110000349837.0,CAMPBELL OIL & GAS CO.,224 FAISON HWY,CLINTON,SAMPSON,NC,28328,35.00735,-78.30882,CAMPBELL OIL & GAS CO,NO,Petroleum Bulk Terminals,Xylene (mixed isomers),NO
2021,27320BTRSL226WA,110010283987.0,HENNIGES AUTOMOTIVE NORTH CAROLINA INC,226 WATLINGTON INDUSTRIAL DR,REIDSVILLE,ROCKINGHAM,NC,27320,36.32657,-79.64808,HENNIGES AUTOMOTIVE INC,NO,Plastics and Rubber,Zinc compounds,NO
2021,28024DKNRGDUKEP,110006424404.0,DUKE ENERGY CAROLINAS LLC - ROGERS ENERGY COMPLEX,573 DUKE POWER RD,MOORESBORO,RUTHERFORD,NC,28114,35.217222,-81.761111,DUKE ENERGY CORP,NO,Electric Utilities,Ammonia,NO
2021,28337VDRRT2100W,110009858261.0,DYNAPAR CORP DBA SPECIALTY PRODUCT TECHNOLOGIES,2100 W BROAD ST,ELIZABETHTOWN,BLADEN,NC,28337,34.63544,-78.63121,FORTIVE CORP,NO,Computers and Electronic Products,Lead,YES
2021,27052DKNRGPINEH,110000604141.0,DUKE ENERGY CAROLINAS LLC - BELEWS CREEK STEAM STATION,3195 PINE HALL RD,WALNUT COVE,STOKES,NC,27052,36.281338,-80.059438,DUKE ENERGY CORP,NO,Electric Utilities,Arsenic compounds,NO
2021,28458VLLYPHWY11,110000604294.0,VALLEY PROTEINS INC-ROSE HILL FACILITY,469 YELLOW CUT RD,ROSE HILL,DUPLIN,NC,28458,34.838207,-78.035053,VALLEY PROTEINS INC,NO,Food,Chlorine dioxide,NO
2021,28732RLPHWCANEC,110009856708.0,WILSONART LLC,80 LA WHITE DR,FLETCHER,HENDERSON,NC,28732,35.43584,-82.47971,CLAYTON DUBILIER & RICE LLC,NO,Plastics and Rubber,Phenol,NO
2021,28054WLSHC207TE,110041964201.0,LUBRIZOL,207 TELEGRAPH DR,GASTONIA,GASTON,NC,28056,35.20176,-81.20877,BERKSHIRE HATHAWAY INC,NO,Chemicals,Vinyl acetate,YES
2021,28379PRDNC416SO,110000350156.0,ROCKINGHAM PROCESSING PLANT,416 S LONG DR,ROCKINGHAM,RICHMOND,NC,28379,34.934167,-79.753611,PERDUE FARMS INC,NO,Food,Certain glycol ethers,NO
2021,2734WPLLTN234IK,110009856940.0,PALLET ONE OF SILER CITY,2340 IKE BROOKS RD,SILER CITY,CHATHAM,NC,27344,35.65526,-79.39197,PALLETONE INC,NO,Wood Products,Lead compounds,NO
2021,2710WDWNTW159WI,110001489513.0,DOWNTOWN CONCRETE PLANT,1590 WILLIAMSON ST,WINSTON SALEM,FORSYTH,NC,27107,36.08068,-80.22318,ARGOS USA CORP,NO,Nonmetallic Mineral Product,Lead,YES
2021,27856CRLNS341CR,110006722172.0,W&W-AFCO STEEL LLC,341 CORBETT RD,NASHVILLE,NASH,NC,27856,35.968157,-78.007145,W & W-AFCO STEEL LLC,NO,Fabricated Metals,Manganese,NO
2021,28682DKNRG8320E,110000351397.0,DUKE ENERGY CAROLINAS LLC - MARSHALL STEAM STATION,8320 E NC 150 HWY,TERRELL,CATAWBA,NC,28682,35.5983,-80.9636,DUKE ENERGY CORP,NO,Electric Utilities,Arsenic compounds,NO
2021,28052FRSTN37SDA,110069533464.0,FIRESTONE FIBERS & TEXTILES CO,317 S DALTON ST,GASTONIA,GASTON,NC,28052,35.25885,-81.1989,BRIDGESTONE AMERICAS INC,NO,Textile Product,Styrene,YES
2021,28677JCSTL710SM,110000351262.0,J C STEELE & SONS INC,710 S MULBERRY ST,STATESVILLE,IREDELL,NC,28677,35.77594,-80.88917,NA,NO,Machinery,Chromium,NO
2021,28358LNDSY612E1,110000350021.0,LINDSEY CAMPBELL OIL CO,612 E 17TH ST,LUMBERTON,ROBESON,NC,28358,34.62886,-79.0003,CAMPBELL OIL & GAS CO,NO,Petroleum Bulk Terminals,Toluene,NO
2021,28054WLSHC207TE,110041964201.0,LUBRIZOL,207 TELEGRAPH DR,GASTONIA,GASTON,NC,28056,35.20176,-81.20877,BERKSHIRE HATHAWAY INC,NO,Chemicals,Methyl methacrylate,NO
2021,27962WYRHSTROWB,110013794000.0,DOMTAR PAPER CO LLC-PLYMOUTH MILL,TROWBRIDGE RD,PLYMOUTH,MARTIN,NC,27962,35.861716,-76.779683,DOMTAR CORP,NO,Paper,Formic acid,NO
2021,27330LBRCK3704H,110000346313.0,LEE BRICK & TILE CO,3704 HAWKINS AVE,SANFORD,LEE,NC,27330,35.54708,-79.19088,NA,NO,Nonmetallic Mineral Product,Hydrogen fluoride,NO
2021,27302RMSTR7600O,110018642860.0,ARMACELL LLC,7600 OAKWOOD ST EXT,MEBANE,ORANGE,NC,27302,36.07919,-79.25172,ARMACELL US HOLDINGS INC,NO,Plastics and Rubber,Zinc compounds,NO
2021,2862WCRSSR28BUC,110067419494.0,CROSSROADS COATINGS INC,208 BUCKS INDUSTRIAL PARK RD,STATESVILLE,IREDELL,NC,28625,35.80975,-80.94172,NA,NO,Chemicals,Toluene,NO
2021,28677PRNML173MC,110000351306.0,PURINA ANIMAL NUTRITION LLC - STATESVILLE,173 MCNESS RD,STATESVILLE,IREDELL,NC,28677,35.75389,-80.79541,LAND O LAKES INC,NO,Food,Zinc compounds,NO
2021,27962WYRHSTROWB,110013794000.0,DOMTAR PAPER CO LLC-PLYMOUTH MILL,TROWBRIDGE RD,PLYMOUTH,MARTIN,NC,27962,35.861716,-76.779683,DOMTAR CORP,NO,Paper,Catechol,YES
2021,27302GCXXX6801I,110000346144.0,INDUSTRIAL CONNECTIONS & SOLUTIONS LLC,6801 INDUSTRIAL DR,MEBANE,ORANGE,NC,27302,36.07902,-79.23383,ABB INC,NO,Electrical Equipment,Nickel,YES
2021,2811WHRSHD484HI,110055619399.0,AMERICAN ZINC PRODUCTS LLC,484 HICKS GROVE RD,MOORESBORO,RUTHERFORD,NC,28114,35.191023,-81.849132,METALS RECOVERY HOLDINGS LLC,NO,Primary Metals,Lead compounds,NO
2021,27806TXSGLHIGHW,110000586376.0,PCS PHOSPHATE CO INC,1530 NC HWY 306 S,AURORA,BEAUFORT,NC,27806,35.37745,-76.778816,POTASH HOLDING CO INC,NO,Chemicals,Mercury  And Mercury Compounds,NO
2021,27922NCRST1505R,110024423131.0,NUCOR STEEL HERTFORD COUNTY,1505 RIVER RD,COFIELD,HERTFORD,NC,27922,36.355216,-76.81115,NUCOR CORP,NO,Primary Metals,Mercury  And Mercury Compounds,NO
2021,2730WJRDNL1959H,110070071267.0,JORDAN LUMBER & SUPPLY CO,1959 HIGHWAY 109 SOUTH,MOUNT GILEAD,MONTGOMERY,NC,27306,35.257891,-79.979323,NA,NO,Wood Products,Methanol,NO
2021,28726MNTMN305WK,110001504097.0,MMA MANUFACTURING,305 W KING ST,EAST FLAT ROCK,HENDERSON,NC,28726,35.28295,-82.42608,NA,NO,Fabricated Metals,Lead,YES
2021,28682DKNRG8320E,110000351397.0,DUKE ENERGY CAROLINAS LLC - MARSHALL STEAM STATION,8320 E NC 150 HWY,TERRELL,CATAWBA,NC,28682,35.5983,-80.9636,DUKE ENERGY CORP,NO,Electric Utilities,Chromium compounds (except for chromite ore mined in the Transvaal Region),NO
2021,27360THMSM1024R,110000496534.0,BRASSCRAFT - THOMASVILLE,1024 RANDOLPH ST,THOMASVILLE,DAVIDSON,NC,27360,35.86641,-80.07204,MASCO CORP,NO,Fabricated Metals,Lead  And Lead Compounds,NO
2021,27017WYNFR1018E,110000345109.0,WAYNE FARMS LLC - DOBSON FRESH PLANT,802 E ATKINS ST,DOBSON,SURRY,NC,27017,36.390989,-80.711483,CONTINENTAL GRAIN CO,NO,Food,Ammonia,NO
2021,28669HLLYFHWYNC,110009856263.0,TYSON FARMS INC. - ROARING RIVER FEED MILL,179 ROARING RIVER ROAD,ROARING RIVER,WILKES,NC,28669,36.2044,-81.0047,TYSON FOODS INC,NO,Food,Zinc compounds,NO
2021,28144NTNLSCEDAR,110056525835.0,HENKEL US OPERATIONS CORP,825 CEDAR SPRINGS RD,SALISBURY,ROWAN,NC,28147,35.63367,-80.53335,HENKEL OF AMERICA INC,NO,Chemicals,Methyl tert-butyl ether,NO
2021,27025PNHLLLINDS,110000345118.0,PINE HALL BRICK CO INC,634 LINDSAY BRIDGE RD,MADISON,ROCKINGHAM,NC,27025,36.37608,-79.99042,PINE HALL BRICK CO INC,NO,Nonmetallic Mineral Product,Chlorine,NO
2021,2760WSTCRL1117C,110043776991.0,EAST CAROLINA METAL TREATING INC.,1117 CAPITAL BLVD.,RALEIGH,WAKE,NC,27603,35.79776,-78.6402,NA,NO,Fabricated Metals,Ammonia,NO
2021,27377NGNRD1239R,110000346466.0,ENGINEERED CONTROLS INTERNATIONAL,1239 ROCK CREEK DAIRY RD,WHITSETT,GUILFORD,NC,27377,36.0525,-79.59969,ENGINEERED CONTROLS INTERNATIONAL,NO,Fabricated Metals,Manganese compounds,NO
2021,28451GNRLWHIGHW,110000350307.0,CAROLINA POLE LELAND,1901 WOOD TREATMENT RD,LELAND,BRUNSWICK,NC,28451,34.2504,-78.07447,KOPPERS INC,NO,Wood Products,Copper  And Copper Compounds,NO
2021,28402GCMPNCASTL,110000745230.0,GE CO,3901 CASTLE HAYNE RD NC HWY 133,WILMINGTON,NEW HANOVER,NC,28401,34.32184,-77.92815,GENERAL ELECTRIC CO (GE CO),NO,Chemicals,Nickel,YES
2021,27877RSNLLWATER,110006848322.0,RESINALL CORP,302 N WATER ST,SEVERN,NORTHAMPTON,NC,27877,36.512899,-77.189712,ERGON INC,NO,Chemicals,Benzene,YES
2021,2820WCNCRT33WES,110001479784.0,CONCRETE SUPPLY WEST,3030 WEST TRADE ST,CHARLOTTE,MECKLENBURG,NC,28208,35.25442,-80.87131,CONCRETE SUPPLY CO LLC,NO,Nonmetallic Mineral Product,Lead  And Lead Compounds,NO
2021,28086PNHLLHWY29,110001135478.0,GENERAL SHALE BRICK INC PLANT 44,HWY 29 S 1622 LONGBRANCH RD,GROVER,CLEVELAND,NC,28073,35.177222,-81.417778,GENERAL SHALE BRICK INC,NO,Nonmetallic Mineral Product,Manganese compounds,NO
2021,28086TNCRPHWY29,110007660281.0,EATON CORP TRANSMISSION DIV,744 S BATTLEGROUND AVE,KINGS MOUNTAIN,CLEVELAND,NC,28086,35.229576,-81.351502,EATON CORP,NO,Transportation Equipment,Nickel,YES
2021,27229MNTRF203MO,110006804985.0,MOUNTAIRE FARMS INC- CANDOR FEED MILL,203 MORRIS FARM RD,CANDOR,MONTGOMERY,NC,27229,35.299233,-79.715983,MOUNTAIRE FARMS INC,NO,Food,Manganese compounds,NO
2021,2816WKSMCS641PL,110055600229.0,KSM CASTINGS USA INC,120 BLUE BROOK DR,SHELBY,CLEVELAND,NC,28150,35.32276,-81.62174,NA,NO,Primary Metals,Copper,NO
2021,2830WSTLFB95CUN,110071263564.0,STEELFAB OF FAYETTEVILLE,950 COUNTRY CLUB DR,FAYETTEVILLE,CUMBERLAND,NC,28301,35.09883,-78.914385,STEELFAB INC,NO,Fabricated Metals,Nickel,YES
2021,28451MRCND1690N,110000350316.0,AMERICAN DISTILLATION INC,1690 NE ROYSTER RD,LELAND,BRUNSWICK,NC,28451,34.270744,-78.003706,NA,NO,Chemicals,N-Methyl-2-pyrrolidone,NO
2021,2759WCPTVR36NRT,110071284169.0,CAPTIVEAIRE SYSTEMS INC,360 NORTHBROOK DR,YOUNGSVILLE,FRANKLIN,NC,27596,36.049586,-78.484613,CAPTIVEAIRE SYSTEMS INC,NO,Fabricated Metals,Zinc compounds,NO
2021,28208SHLND3930G,110000349329.0,NEXEO SOLUTIONS LLC,3930 GLENWOOD DR,CHARLOTTE,MECKLENBURG,NC,28208,35.2511,-80.8855,UNIVAR SOLUTIONS USA INC,NO,Chemical Wholesalers,Toluene,NO
2021,27261MRSHF1001S,110011733963.0,MARSH FURNITURE CO,1001 S CENTENNIAL ST,HIGH POINT,GUILFORD,NC,27260,35.943189,-79.999779,MARSH,NO,Furniture,Xylene (mixed isomers),NO
2021,28307DPTFRDIREC,110064176877.0,U.S. ARMY FORT BRAGG,DPW ENV COMPLIANCE BRANCH BLDG 3-1137 REILLY RD,FORT BRAGG,CUMBERLAND,NC,28310,35.15705,-79.00036,US DEPARTMENT OF DEFENSE,YES,Other,Benzene,YES
2021,27893MRCNN2200F,110000347802.0,ARDAGH GLASS INC,2201 FIRESTONE PKWY,WILSON,WILSON,NC,27893,35.7602,-77.8826,ARDAGH HOLDINGS USA INC,NO,Nonmetallic Mineral Product,Chromium compounds (except for chromite ore mined in the Transvaal Region),NO
2021,27962WYRHSTROWB,110013794000.0,DOMTAR PAPER CO LLC-PLYMOUTH MILL,TROWBRIDGE RD,PLYMOUTH,MARTIN,NC,27962,35.861716,-76.779683,DOMTAR CORP,NO,Paper,Formaldehyde,YES
2021,2814WSCHND15SUM,110027251603.0,SCHNEIDER ELECTRIC SALISBURY NC,105 SUMMIT PARK DRIVE,SALISBURY,ROWAN,NC,28146,35.63016,-80.48892,SCHNEIDER ELECTRIC USA INC,NO,Electrical Equipment,Copper,NO
2021,2827WJMMYR512WE,110070839735.0,JIM MYERS & SONS INC,5120 WESTINGHOUSE BLVD,CHARLOTTE,MECKLENBURG,NC,28273,35.145,-80.9853,NA,NO,Fabricated Metals,Nickel,YES
2021,27806TXSGLHIGHW,110000586376.0,PCS PHOSPHATE CO INC,1530 NC HWY 306 S,AURORA,BEAUFORT,NC,27806,35.37745,-76.778816,POTASH HOLDING CO INC,NO,Chemicals,Cobalt  And Cobalt Compounds,NO
2021,2821WCNCRT4MINU,110009717066.0,CONCRETE SUPPLY CO - SOUTH PLANT,400 MINUET LN,CHARLOTTE,MECKLENBURG,NC,28217,35.16766,-80.88231,CONCRETE SUPPLY CO LLC,NO,Nonmetallic Mineral Product,Lead  And Lead Compounds,NO
2021,28138HMSBY508PA,110000348847.0,SCHULT ROCKWELL,508 PALMER RD,ROCKWELL,ROWAN,NC,28138,35.55722,-80.40439,BERKSHIRE HATHAWAY INC,NO,Wood Products,Diisocyanates,NO
2021,27525NVBCHSTATE,110000346849.0,NOVOZYMES NA INC,77 PERRY CHAPEL CHURCH RD,FRANKLINTON,FRANKLIN,NC,27525,36.098611,-78.410556,NOVOZYMES US INC,NO,Chemicals,Ammonia,NO
2021,28502DPNTKNCHIG,110043785909.0,DUPONT KINSTON PLANT,4693 HIGHWAY 11 N,GRIFTON,LENOIR,NC,28530,35.3306,-77.4772,DUPONT DE NEMOURS INC,NO,Chemicals,Allyl alcohol,NO
2021,27317THTMK3500T,110000346199.0,TIMKEN CO ASHEBORO BEARING PLANT,3500 TIMKEN PL,RANDLEMAN,RANDOLPH,NC,27317,35.79806,-79.81859,THE TIMKEN CO,NO,Fabricated Metals,Chromium,NO
2021,2812WCLRNT337TI,110039497336.0,AVIENT COLORANTS USA LLC - MOORESVILLE FACILITY,337 TIMBER ROAD,MOORESVILLE,IREDELL,NC,28115,35.55805,-80.81601,AVIENT CORP,NO,Chemicals,Zinc compounds,NO
2021,27261HGHPN255BE,110000751525.0,KAO SPECIALTIES AMERICAS LLC,243 WOODBINE ST,HIGH POINT,GUILFORD,NC,27260,35.92333,-80.02967,KAO CORP,NO,Chemicals,Styrene,YES
2021,27052DKNRGPINEH,110000604141.0,DUKE ENERGY CAROLINAS LLC - BELEWS CREEK STEAM STATION,3195 PINE HALL RD,WALNUT COVE,STOKES,NC,27052,36.281338,-80.059438,DUKE ENERGY CORP,NO,Electric Utilities,Barium compounds (except for barium sulfate (CAS No. 7727-43-7)),NO
2021,27260FFNCN1300P,110010293761.0,FUTURE FOAM INC,1300 PROSPECT,HIGH POINT,GUILFORD,NC,27260,35.926111,-80.023056,FUTURE FOAM INC,NO,Plastics and Rubber,Toluene diisocyanate (mixed isomers),YES
2021,28052FRGHT1400T,110000348124.0,DAIMLER TRUCKS NA LLC,1400 TULIP DR,GASTONIA,GASTON,NC,28052,35.28778,-81.20262,DAIMLER TRUCKS NORTH AMERICA LLC,NO,Transportation Equipment,Vanadium compounds,NO
2021,28269BNDLC4823N,110001497489.0,BENDEL TANK & HEAT EXCHANGER LLC,4823 N GRAHAM ST,CHARLOTTE,MECKLENBURG,NC,28269,35.280481,-80.805891,TRANSTECH ENERGY LLC,NO,Fabricated Metals,Chromium,NO
2021,28546MNSFT352WH,110001493759.0,MINE SAFETY APPLIANCES CO LLC,352 WHITE ST,JACKSONVILLE,ONSLOW,NC,28546,34.75785,-77.38905,MINE SAFETY APPLIANCES CO,NO,Miscellaneous Manufacturing,Diisocyanates,NO
2021,28120NWNGC1725D,110023154931.0,GOLD BOND BUILDING PRODUCTS  - MOUNT HOLLY,1725 DRYWALL DR,MOUNT HOLLY,GASTON,NC,28120,35.3245,-80.9996,GOLD BOND BUILDING PRODUCTS LLC,NO,Nonmetallic Mineral Product,Mercury compounds,NO
2021,28052FRGHT1400T,110000348124.0,DAIMLER TRUCKS NA LLC,1400 TULIP DR,GASTONIA,GASTON,NC,28052,35.28778,-81.20262,DAIMLER TRUCKS NORTH AMERICA LLC,NO,Transportation Equipment,Antimony,NO
2021,2752WNVNRD3611P,110070943424.0,NOVO NORDISK DAPI-US,3611 POWHATAN RD,CLAYTON,JOHNSTON,NC,27527,35.61703,-78.40426,NOVO NORDISK HOLDINGS INC,NO,Chemicals,Nitric acid,NO
2021,27559TRNGLUSHWY,110000346983.0,TRIANGLE BRICK - MERRY OAKS,294 KING RD,MONCURE,CHATHAM,NC,27559,35.64351,-79.00093,TRIANGLE BRICK CO,NO,Nonmetallic Mineral Product,Hydrogen fluoride,NO
2021,28458HSFRF3333H,110025331326.0,HOUSE OF RAEFORD FARMS INC,3333 US HWY 117 S,ROSE HILL,DUPLIN,NC,28458,34.859885,-78.027653,NASH JOHNSON & SONS FARMS INC,NO,Food,Ammonia,NO
2021,27360STHRN3440D,110000346439.0,SOUTHERN RESIN,3440 DENTON RD,THOMASVILLE,DAVIDSON,NC,27360,35.825849,-80.097031,NA,NO,Chemicals,Methanol,NO
2021,2850WSNDRS4985H,110043222964.0,SANDERSON FARMS INC,2081 SANDERSON WAY,KINSTON,LENOIR,NC,28504,35.258611,-77.670556,SANDERSON FARMS INC,NO,Food,Ammonia,NO
2021,28208SHLND3930G,110000349329.0,NEXEO SOLUTIONS LLC,3930 GLENWOOD DR,CHARLOTTE,MECKLENBURG,NC,28208,35.2511,-80.8855,UNIVAR SOLUTIONS USA INC,NO,Chemical Wholesalers,N-Methyl-2-pyrrolidone,NO
2021,28208CHRLT1335S,110000349267.0,CHARLOTTE PIPE & FOUNDRY CO,1335 S CLARKSON ST,CHARLOTTE,MECKLENBURG,NC,28208,35.224323,-80.861806,CHARLOTTE PIPE & FOUNDRY CO,NO,Primary Metals,Ammonia,NO
2021,2780WCRNRS13RED,110070864949.0,CORNERSTONE BUILDING BRANDS - VARIFORM INC.,130 RED IRON ROAD,ROCKY MOUNT,NASH,NC,27804,36.026886,-77.763302,CORNERSTONE BUILDING BRANDS,NO,Miscellaneous Manufacturing,Diisocyanates,NO
2021,28214STLFB8623O,110000349454.0,STEELFAB INC,8623 OLD DOWD RD,CHARLOTTE,MECKLENBURG,NC,28214,35.22948,-80.9771,STEELFAB INC,NO,Fabricated Metals,Propylene,NO
2021,28012DKNRG253PL,110000348008.0,DUKE ENERGY CAROLINAS LLC - ALLEN STEAM STATION,253 PLANT ALLEN RD,BELMONT,GASTON,NC,28012,35.190083,-81.008748,DUKE ENERGY CORP,NO,Electric Utilities,"Benzo[g,h,i]perylene",NO
2021,28716CHMPNMAINS,110009846480.0,BLUE RIDGE PAPER PRODUCTS LLC,175 MAIN ST,CANTON,HAYWOOD,NC,28716,35.5349,-82.8421,EVERGREEN PACKAGING GROUP,NO,Paper,Lead  And Lead Compounds,NO
2021,28739BLDNGHIGHW,110007658267.0,COATS NA HENDERSONVILLE PLANT,1710 BREVARD RD,HENDERSONVILLE,HENDERSON,NC,28791,35.319956,-82.479684,COATS NORTH AMERICA,NO,Textiles,Methanol,NO
2021,27849PRDNCHIGHW,110004027320.0,LEWISTON PROCESSING PLANT,3539 GOVERNORS RD,LEWISTON WOODVILLE,BERTIE,NC,27849,36.140066,-77.224466,PERDUE FARMS INC,NO,Food,Ammonia,NO
2021,28150FSCCN1100A,110042054889.0,KENDRION(SHELBY) IN,1100 AIRPORT RD,SHELBY,CLEVELAND,NC,28150,35.312369,-81.506564,NA,NO,Transportation Equipment,Copper,NO
2021,28214TRNSM7401O,110000492672.0,BLANCHARD TERMINAL CO - CHARLOTTE EAST NC TERMINAL,7401 OLD MT HOLLY RD,CHARLOTTE,MECKLENBURG,NC,28214,35.277522,-80.931366,MARATHON PETROLEUM CORP,NO,Petroleum Bulk Terminals,"Benzo[g,h,i]perylene",NO
2021,28024DKNRGDUKEP,110006424404.0,DUKE ENERGY CAROLINAS LLC - ROGERS ENERGY COMPLEX,573 DUKE POWER RD,MOORESBORO,RUTHERFORD,NC,28114,35.217222,-81.761111,DUKE ENERGY CORP,NO,Electric Utilities,Manganese compounds,NO
2021,2880WSTHRN8PNDR,110054251527.0,SOUTHERN CONCRETE MATERIALS-POND ROAD PLANT,80 POND RD,ASHEVILLE,BUNCOMBE,NC,28806,35.5458,-82.60318,HEDRICK INDUSTRIES,NO,Nonmetallic Mineral Product,Lead  And Lead Compounds,NO
2021,28621WYRHSRT3OF,110000740663.0,WEYERHAEUSER NR CO-ELKIN PLANT,524 PRIDE WAY,ELKIN,SURRY,NC,28621,36.26471,-80.78851,WEYERHAEUSER CO,NO,Wood Products,Methanol,NO
2021,28328DBSST906IN,110001493189.0,DUBOSE STRAPPING INC,906 INDUSTRIAL DR,CLINTON,SAMPSON,NC,28328,35.019539,-78.334228,DUBOSE STRAPPING INC,NO,Fabricated Metals,Lead,YES
2021,27513STNQLONEQU,110002098890.0,KELLOGG'S SNACKS - CARY BAKERY,ONE QUALITY LN,CARY,WAKE,NC,27513,35.81711,-78.80972,KELLOGG CO,NO,Food,Ammonia,NO
2021,27957RJRYNSTATE,110042039692.0,AVOCA LLC,841 AVOCA FARM ROAD,MERRY HILL,BERTIE,NC,27957,36.00056,-76.71005,ASHLAND LLC,NO,Food,Chloroform,YES
2021,28658GTRGG1848G,110001128271.0,GKN DRIVELINE LLC,1848 GKN WAY,NEWTON,CATAWBA,NC,28658,35.603162,-81.213351,GKN NORTH AMERICA INC,NO,Transportation Equipment,Chromium,NO
2021,27374MRSNN325WE,110006722029.0,ASCO POWER TECHNOLOGIES,325 WELCOME CENTER BLVD,WELCOME,DAVIDSON,NC,27374,35.9295,-80.2354,SCHNEIDER ELECTRIC USA INC,NO,Electrical Equipment,Chromium,NO
2021,27840PNCPR131PE,110025331264.0,PENCO PRODUCTS INC,1301 PENCO DR,HAMILTON,MARTIN,NC,27840,35.94318,-77.23498,IMC,NO,Furniture,Manganese,NO
2021,27525NVBCHSTATE,110000346849.0,NOVOZYMES NA INC,77 PERRY CHAPEL CHURCH RD,FRANKLINTON,FRANKLIN,NC,27525,36.098611,-78.410556,NOVOZYMES US INC,NO,Chemicals,Certain glycol ethers,NO
2021,28337CMPBL1106W,110000349891.0,CAMPBELL OIL & GAS CO.,1106 W BROAD ST,ELIZABETHTOWN,BLADEN,NC,28337,34.63212,-78.616874,CAMPBELL OIL & GAS CO,NO,Petroleum Bulk Terminals,Zinc (fume or dust),NO
2021,27261HGHPN255BE,110000751525.0,KAO SPECIALTIES AMERICAS LLC,243 WOODBINE ST,HIGH POINT,GUILFORD,NC,27260,35.92333,-80.02967,KAO CORP,NO,Chemicals,Propylene oxide,YES
2021,28306FCTPR3200N,110000349766.0,MANN + HUMMEL PUROLATOR FILTERS LLC,3200 NATAL RD,FAYETTEVILLE,CUMBERLAND,NC,28306,35.01388,-78.91885,MANN+HUMMEL USA INC,NO,Machinery,Lead,YES
2021,2858WTRYND182IN,110024441184.0,ROWMARK CUSTOM LAMINATIONS,182 INDUSTRIAL PARK DR,TRENTON,JONES,NC,28585,35.07059,-77.36531,ROWMARK LLC,NO,Plastics and Rubber,Toluene,NO
2021,28107CRNNG14556,110000724360.0,CORNING INC,14556 HWY 601,MIDLAND,CABARRUS,NC,28107,35.214624,-80.523233,CORNING INC,NO,Nonmetallic Mineral Product,1-Bromopropane,YES
2021,28337CMPBL1106W,110000349891.0,CAMPBELL OIL & GAS CO.,1106 W BROAD ST,ELIZABETHTOWN,BLADEN,NC,28337,34.63212,-78.616874,CAMPBELL OIL & GAS CO,NO,Petroleum Bulk Terminals,"1,2,4-Trimethylbenzene",NO
2021,27203TLRMP801PI,110056970434.0,STARPET INC,801 PINEVIEW RD,ASHEBORO,RANDOLPH,NC,27203,35.77262,-79.82243,INDORAMA VENTURES HOLDINGS LP,NO,Chemicals,Ethylene glycol,NO
2021,27886LCTLT2801A,110000347697.0,"LS CABLE & SYSTEM U.S.A., INC.",2901 ANACONDA RD,TARBORO,EDGECOMBE,NC,27886,35.91085,-77.5804,SUPERIOR ESSEX INC,NO,Primary Metals,Zinc compounds,NO
2021,27030NRTHC511CA,110000345172.0,BARNHARDT MANUFACTURING CO NCFI POLYURETHANES DIV,1515 CARTER ST,MOUNT AIRY,SURRY,NC,27030,36.472778,-80.608611,BARNHARDT MANUFACTURING CO,NO,Plastics and Rubber,Diethanolamine,NO
2021,27420GLBRC7300F,110000847601.0,GILBARCO INC,7300 W FRIENDLY AVE,GREENSBORO,GUILFORD,NC,27410,36.08764,-79.9272,VONTIER CORP,NO,Machinery,Nickel,YES
2021,27703CRRSR4600S,110000347321.0,WOLFSPEED INC.,4600 SILICON DR,DURHAM,DURHAM,NC,27703,35.899298,-78.840802,WOLFSPEED INC,NO,Computers and Electronic Products,Mercury,NO
2021,28031RVSBRHIGHW,110012474704.0,FXI INC. - CORNELIUS,18801 OLD STATESVILLE RD,CORNELIUS,MECKLENBURG,NC,28031,35.465681,-80.849781,FXI INC,NO,Plastics and Rubber,Toluene diisocyanate (mixed isomers),YES
2021,2810WNTRTP138BI,110070244584.0,INTERTAPE POLYMER GROUP,13800 BILL MCGEE RD,MIDLAND,CABARRUS,NC,28107,35.22763,-80.51585,INTERTAPE POLYMER GROUP,NO,Paper,Nitrate compounds (water dissociable; reportable only when in aqueous solution),NO
2021,27203TLRMP801PI,110056970434.0,STARPET INC,801 PINEVIEW RD,ASHEBORO,RANDOLPH,NC,27203,35.77262,-79.82243,INDORAMA VENTURES HOLDINGS LP,NO,Chemicals,Lead  And Lead Compounds,NO
2021,28603CRLNS22741,110000350619.0,CAROLINA SOLVENTS INC,2274 1ST ST SE,HICKORY,CATAWBA,NC,28602,35.69927,-81.34293,NA,NO,Chemicals,Methanol,NO
2021,28016LTHMCHWY16,110056969883.0,LIVENT USA CORP,HWY 161,BESSEMER CITY,GASTON,NC,28016,35.283468,-81.295636,LIVENT USA CORP,NO,Chemicals,Cyclohexane,NO
2021,2831WSWFYT139SU,110001485303.0,S&W FAYETTEVILLE PLANT,1309 SOUTH REILLY ROAD,FAYETTEVILLE,CUMBERLAND,NC,28314,35.04842,-79.02384,TITAN AMERICA LLC,NO,Nonmetallic Mineral Product,Lead,YES
2021,27406VNKST241DY,110067042122.0,EVONIK SUPERABSORBER LLC,2401 DOYLE ST,GREENSBORO,GUILFORD,NC,27406,36.0441,-79.78814,EVONIK CORP,NO,Chemicals,Acrylic acid,NO
2021,2838WSNDRS276NC,110069992280.0,SANDERSON FARMS ST. PAULS PROCESSING,2076 NC HIGHWAY 20 W,SAINT PAULS,ROBESON,NC,28384,34.827673,-79.015169,SANDERSON FARMS INC,NO,Food,Nitrate compounds (water dissociable; reportable only when in aqueous solution),NO
2021,27565CRTNT200CE,110000347018.0,CERTAINTEED CORP.,200 CERTAINTEED RD,OXFORD,GRANVILLE,NC,27565,36.293789,-78.615014,SAINT-GOBAIN CORP,NO,Petroleum,"Hydrochloric acid (acid aerosols including mists, vapors, gas, fog, and other airborne forms of any particle size)",NO
2021,28732RLPHWCANEC,110009856708.0,WILSONART LLC,80 LA WHITE DR,FLETCHER,HENDERSON,NC,28732,35.43584,-82.47971,CLAYTON DUBILIER & RICE LLC,NO,Plastics and Rubber,Formaldehyde,YES
2021,28716CHMPNMAINS,110009846480.0,BLUE RIDGE PAPER PRODUCTS LLC,175 MAIN ST,CANTON,HAYWOOD,NC,28716,35.5349,-82.8421,EVERGREEN PACKAGING GROUP,NO,Paper,Chlorine,NO
2021,28456HXNCM333NE,110000350352.0,BAKELITE SYNTHETICS,333 NEILS EDDY RD,RIEGELWOOD,COLUMBUS,NC,28456,34.32599,-78.19946,BAKELITE LLC,NO,Chemicals,Formic acid,NO
2021,28472CMPBL1476S,110000350398.0,CAMPBELL OIL & GAS CO.,1476 S JK POWELL BLVD,WHITEVILLE,COLUMBUS,NC,28472,34.30961,-78.71479,CAMPBELL OIL & GAS CO,NO,Petroleum Bulk Terminals,Benzene,YES
2021,28307DPTFRDIREC,110064176877.0,U.S. ARMY FORT BRAGG,DPW ENV COMPLIANCE BRANCH BLDG 3-1137 REILLY RD,FORT BRAGG,CUMBERLAND,NC,28310,35.15705,-79.00036,US DEPARTMENT OF DEFENSE,YES,Other,Lead  And Lead Compounds,NO
2021,28302CPFRF1309I,110000349748.0,VALLEY PROTEINS INC - FAYETTEVILLE FACILITY,1309 INDUSTRIAL DR,FAYETTEVILLE,CUMBERLAND,NC,28301,35.03104,-78.86301,VALLEY PROTEINS INC,NO,Food,Chlorine dioxide,NO
2021,28110PRNTW2011R,110000348543.0,OMNOVA SOLUTIONS INC.,2011 ROCKY RIVER RD,MONROE,UNION,NC,28110,35.02598,-80.60413,OMNOVA SOLUTIONS INC,NO,Printing,Methyl isobutyl ketone,YES
2021,28610CMMSC3642U,110000604329.0,COMMSCOPE INC-CLAREMONT NC FACILITY,3642 US HWY 70 E,CLAREMONT,CATAWBA,NC,28610,35.717917,-81.133929,COMMSCOPE INC,NO,Electrical Equipment,Antimony compounds,NO
2021,27406NTXCH520BR,110000346581.0,LANXESS CORP,520 BROOME RD,GREENSBORO,GUILFORD,NC,27406,36.03979,-79.77917,LANXESS CORP,NO,Chemicals,Methanol,NO
2021,27559WYRHSSTATE,110000346992.0,ARAUCO N.A. INC.,985 CORINTH RD,MONCURE,CHATHAM,NC,27559,35.60067,-79.04634,ARAUCO NORTH AMERICA INC,NO,Wood Products,Lead,YES
2021,27320BHMFLROUTE,110009856165.0,DYSTAR LP,209 WATLINGTON IND US TRIAL DR,REIDSVILLE,ROCKINGHAM,NC,27320,36.32093,-79.64907,DYSTAR LP,NO,Chemicals,Dimethyl sulfate,YES
2021,27261RLNCN1431P,110000345840.0,AKZONOBEL COATINGS INC,1431 PROGRESS AVE,HIGH POINT,GUILFORD,NC,27260,35.92387,-80.02214,AKZO NOBEL NV,NO,Chemicals,Methyl isobutyl ketone,YES
2021,28206KRZTR3200W,110005985737.0,KURZ TRANSFER PRODUCTS LP,3200 WOODPARK BLVD,CHARLOTTE,MECKLENBURG,NC,28206,35.2708,-80.8245,KURZ TRANSFER PRODUCTS LP,NO,Printing,Xylene (mixed isomers),NO
2021,27573MYLCT10660,110057382666.0,DUKE ENERGY PROGRESS LLC-MAYO ELECTRIC GENERATING PLANT,10660 BOSTON RD,ROXBORO,PERSON,NC,27574,36.5278,-78.8917,DUKE ENERGY CORP,NO,Electric Utilities,Ammonia,NO
2021,28213FLRDSHWY11,110012474697.0,GERDAU LONG STEEL NA-CHARLOTTE MILL,6601 LAKEVIEW RD,CHARLOTTE,MECKLENBURG,NC,28269,35.33902,-80.82926,GERDAU USA INC,NO,Primary Metals,Manganese  And Manganese Compounds,NO
2021,28302CMRCSPOBOX,110022439798.0,DAK AMERICAS LLC,3216 CEDAR CREEK RD,FAYETTEVILLE,CUMBERLAND,NC,28312,34.98305,-78.78722,DAK AMERICAS LLC,NO,Chemicals,Ethylene glycol,NO
2021,2880WDVSTL4MEAD,110004012452.0,DAVE STEEL CO INC,40 MEADOW RD,ASHEVILLE,BUNCOMBE,NC,28803,35.56675,-82.55259,DAVE STEEL CO INC,NO,Fabricated Metals,Manganese,NO
2021,28603HKRSR908LE,110000350628.0,HK RESEARCH CORP,908 OLD LENOIR RD,HICKORY,CATAWBA,NC,28601,35.74538,-81.36026,NA,NO,Plastics and Rubber,Styrene,YES
2021,27820GRGPCAMPAC,110000347544.0,GEORGIA-PACIFIC CHEMICALS LLC,200 AMPAC RD,CONWAY,NORTHAMPTON,NC,27820,36.429167,-77.223611,KOCH INDUSTRIES INC,NO,Chemicals,Ethylene glycol,NO
2021,2833WHNSNP451WE,110039204072.0,CONCRETE PIPE & PRECAST LLC-DUNN PRECAST PLANT,451 WEBB RD,DUNN,HARNETT,NC,28334,35.34635,-78.54638,CONCRETE PIPE & PRECAST LLC,NO,Nonmetallic Mineral Product,Lead,YES
2021,28110MDLVLAIRPO,110000348525.0,CIRCOR PUMPS N.A. LLC,1710 AIRPORT RD,MONROE,UNION,NC,28110,35.02691,-80.61957,CIRCOR INTERNATIONAL INC,NO,Machinery,Chromium compounds (except for chromite ore mined in the Transvaal Region),NO
2021,27536STRNMUS1SO,110010448836.0,EASTERN MINERALS INC,170 EASTERN MINERALS RD,HENDERSON,VANCE,NC,27537,36.27084,-78.40468,NA,NO,Food,Zinc compounds,NO
2021,27264SPRBR1350W,110000554533.0,DFA DAIRY BRANDS FLUID LLC DBA PET DAIRY,1350 W FAIRFIELD RD,HIGH POINT,GUILFORD,NC,27263,35.9217,-80.01229,DAIRY FARMERS OF AMERICA INC,NO,Food,Nitrate compounds (water dissociable; reportable only when in aqueous solution),NO
2021,2740WSSCTD1SUTH,110012339987.0,ASSOCIATED ASPHALT GREENSBORO LLC,100 S CHIMNEY ROCK RD,GREENSBORO,GUILFORD,NC,27409,36.075477,-79.920317,ASSOCIATED ASPHALT PARTNERS LLC,NO,Petroleum Bulk Terminals,"Benzo[g,h,i]perylene",NO
2021,28012DKNRG253PL,110000348008.0,DUKE ENERGY CAROLINAS LLC - ALLEN STEAM STATION,253 PLANT ALLEN RD,BELMONT,GASTON,NC,28012,35.190083,-81.008748,DUKE ENERGY CORP,NO,Electric Utilities,Mercury compounds,NO
2021,28659GRDNR600EL,110001482271.0,GARDNER GLASS PRODUCTS INC.,301 ELKIN HWY,NORTH WILKESBORO,WILKES,NC,28659,36.181897,-81.139876,GARDNER GLASS PRODUCTS INC,NO,Nonmetallic Mineral Product,Lead,YES
2021,27343RXBRS1700D,110000346386.0,DUKE ENERGY PROGRESS LLC - ROXBORO STEAM ELECTRIC PLANT,1700 DUNNAWAY RD,SEMORA,PERSON,NC,27343,36.4833,-79.0731,DUKE ENERGY CORP,NO,Electric Utilities,Barium compounds (except for barium sulfate (CAS No. 7727-43-7)),NO
2021,28716CHMPNMAINS,110009846480.0,BLUE RIDGE PAPER PRODUCTS LLC,175 MAIN ST,CANTON,HAYWOOD,NC,28716,35.5349,-82.8421,EVERGREEN PACKAGING GROUP,NO,Paper,"Benzo[g,h,i]perylene",NO
2021,27108WNSBROLDRO,110009716469.0,OWENS-BROCKWAY GLASS CONTAINER INC - PLANT #06,9698 OLD US HWY 52,LEXINGTON,DAVIDSON,NC,27295,35.95027,-80.21778,O-I GLASS INC,NO,Nonmetallic Mineral Product,Lead compounds,NO
2021,2850WSNDRS168PA,110045405076.0,SANDERSON FARMS INC,1680 PARROTT DICKERSON RD,KINSTON,LENOIR,NC,28504,35.270358,-77.659202,SANDERSON FARMS INC,NO,Food,Selenium compounds,NO
2021,28302BRDNN1411I,110009846471.0,HEXION INC-FAYETTEVILLE FACILITY,1411 INDUSTRIAL DR,FAYETTEVILLE,CUMBERLAND,NC,28301,35.0299,-78.86319,HEXION HOLDINGS CORP,NO,Chemicals,Methanol,NO
2021,27278WLMRL67US7,110030816534.0,WILMORE ELECTRONICS CO INC,607 US 70A E,HILLSBOROUGH,ORANGE,NC,27278,36.06614,-79.0881,WILMORE ELECTRONICS CO INC,NO,Electrical Equipment,Lead,YES
2021,28677SMNRT1804C,110000351333.0,DENSO MANUFACTURING NORTH CAROLINA INC. - STATESVILLE PLANT,470 CRAWFORD RD,STATESVILLE,IREDELL,NC,28625,35.83272,-80.85087,DENSO INTERNATIONAL AMERICA INC,NO,Transportation Equipment,Lead  And Lead Compounds,NO
2021,28278NXNTR182WI,110018854051.0,INX INTERNATIONAL INK CO.,10820 WITHERS PARK DR,CHARLOTTE,MECKLENBURG,NC,28278,35.13687,-80.98279,INX INTERNATIONAL INK CO,NO,Chemicals,Barium compounds (except for barium sulfate (CAS No. 7727-43-7)),NO
2021,27260PDMNT331BU,110000496491.0,PIEDMONT CHEMICAL INDUSTRIES I LLC,331 BURTON AVE,HIGH POINT,GUILFORD,NC,27262,35.93713,-80.03369,SYNTHA GROUP INC,NO,Chemicals,Dimethyl sulfate,YES
2021,28451GNRLWHIGHW,110000350307.0,CAROLINA POLE LELAND,1901 WOOD TREATMENT RD,LELAND,BRUNSWICK,NC,28451,34.2504,-78.07447,KOPPERS INC,NO,Wood Products,Hexachlorobenzene,YES
2021,27893FRSTNFIRES,110000745196.0,BRIDGESTONE AMERICAS TIRE OPERATIONS LLC,3001 FIRESTONE PKWY,WILSON,WILSON,NC,27893,35.75598,-77.86917,BRIDGESTONE AMERICAS INC,NO,Plastics and Rubber,Polycyclic aromatic compounds,YES
2021,28120GSTNCHWY27,110004015789.0,GASTON COUNTY DYEING MACHINE CO,1310 CHARLES RAPER JONAS HWY,MOUNT HOLLY,GASTON,NC,28120,35.315752,-81.043223,NA,NO,Fabricated Metals,Lead,YES
2021,28677THVLS1931S,110006719168.0,SHERWIN-WILLIAMS CO,188 SIDE TRACK DR,STATESVILLE,IREDELL,NC,28625,35.76391,-80.84241,THE SHERWIN-WILLIAMS CO,NO,Chemicals,Zinc compounds,NO
2021,27403DSTNC1025H,110000346518.0,SHERWIN-WILLIAMS CO,1025 HOWARD ST,GREENSBORO,GUILFORD,NC,27403,36.06238,-79.83395,THE SHERWIN-WILLIAMS CO,NO,Chemicals,Toluene,NO
2021,28402GCMPNCASTL,110000745230.0,GE CO,3901 CASTLE HAYNE RD NC HWY 133,WILMINGTON,NEW HANOVER,NC,28401,34.32184,-77.92815,GENERAL ELECTRIC CO (GE CO),NO,Chemicals,Chromium,NO
2021,28086CMMRC101CA,110012476329.0,PARKER HANNIFIN - GPD,101 CANTERBURY RD,KINGS MOUNTAIN,CLEVELAND,NC,28086,35.240556,-81.324722,PARKER HANNIFIN CORP,NO,Machinery,Manganese  And Manganese Compounds,NO
2021,27263THMSB715WF,110000345939.0,THOMAS BUILT BUSES INC,715 W FAIRFIELD RD,HIGH POINT,GUILFORD,NC,27263,35.92156,-79.99726,DAIMLER TRUCKS NORTH AMERICA LLC,NO,Transportation Equipment,Methyl methacrylate,NO
2021,28001RMNDS714MO,110000861924.0,MCKENZIE SPORTS PRODUCTS LLC DBA MARTIN INDUSTRIES,1135 MONTGOMERY DR,ALBEMARLE,STANLY,NC,28001,35.35537,-80.18022,MCKENZIE SPORTS PRODUCTS INC,NO,Plastics and Rubber,Diisocyanates,NO
2021,27894XPRTL2400S,110024422828.0,ALLIANCE ONE INTERNATIONAL INC,2400 STANTONSBURG RD,WILSON,WILSON,NC,27894,35.690995,-77.89079,PYXUS INTERNATIONAL INC,NO,Tobacco,Ammonia,NO
2021,27263THMSB715WF,110000345939.0,THOMAS BUILT BUSES INC,715 W FAIRFIELD RD,HIGH POINT,GUILFORD,NC,27263,35.92156,-79.99726,DAIMLER TRUCKS NORTH AMERICA LLC,NO,Transportation Equipment,Nickel,YES
2021,27828STHRNSOUTH,110007115371.0,BUTTERBALL FARMVILLE FEED MILL,3628 S. FIELDS ST.,FARMVILLE,PITT,NC,27828,35.597673,-77.592218,SEABOARD CORP,NO,Food,Manganese compounds,NO
2021,28080THTMK1TIMK,110009858243.0,TIMKEN CO LINCOLNTON BEARING PLANT,1000 TIMKEN PL,IRON STATION,LINCOLN,NC,28080,35.4511,-81.17118,THE TIMKEN CO,NO,Fabricated Metals,Manganese,NO
2021,27603LDCST92WIT,110001488863.0,OLDCASTLE PRECAST INC,920 WITHERS RD,RALEIGH,WAKE,NC,27603,35.7293,-78.6645,CRH AMERICAS INC,NO,Nonmetallic Mineral Product,Barium compounds (except for barium sulfate (CAS No. 7727-43-7)),NO
2021,28103CDDYFHIGHW,110009855932.0,PILGRIM'S PRIDE CORP MARSHVILLE PROCESSING FACILITY,5901 W MARSHVILLE BLVD,MARSHVILLE,UNION,NC,28103,34.993936,-80.169762,JBS USA FOOD CO,NO,Food,Nitrate compounds (water dissociable; reportable only when in aqueous solution),NO
2021,28016DLFRS22SRI,110028714014.0,DOLE FRESH VEGETABLES INC.,220 S RIDGE PKWY,BESSEMER CITY,GASTON,NC,28016,35.27192,-81.201112,DOLE FOOD CO INC,NO,Food,Chlorine,NO
2021,27244RGCMP100RE,110000800571.0,ENGINEERED CONTROLS INTERNATIONAL LLC,100 REGO DR,ELON,ALAMANCE,NC,27244,36.10174,-79.5184,ENGINEERED CONTROLS INTERNATIONAL,NO,Fabricated Metals,Copper,NO
2021,2814WDPNTS1335B,110071193197.0,DUPONT SALISBURY NC SITE,1335 LITTON DR,SALISBURY,ROWAN,NC,28147,35.61094,-80.55505,DUPONT DE NEMOURS INC,NO,Plastics and Rubber,Diisocyanates,NO
2021,27834SMGRN1125S,110004060453.0,DENSO MANUFACTURING NORTH CAROLINA INC. - GREENVILLE PLANT,1125 SUGG PKWY,GREENVILLE,PITT,NC,27834,35.65605,-77.34439,DENSO INTERNATIONAL AMERICA INC,NO,Transportation Equipment,Manganese compounds,NO
2021,27285DRHTC1000D,110000345984.0,JOHN DEERE KERNERSVILLE LLC,1000 DEERE-HITACHI RD,KERNERSVILLE,FORSYTH,NC,27284,36.1368,-80.0922,DEERE-HITACHI CONSTRUCTION MACHINERY CORP,NO,Machinery,Polycyclic aromatic compounds,YES
2021,2821WMTVNT6851F,110009719974.0,MOTIVA ENTERPRISES LLC CHARLOTTE NORTH & SOUTH TERMINALS,410 TOM SADLER RD,CHARLOTTE,MECKLENBURG,NC,28214,35.27994,-80.93817,MOTIVA ENTERPRISES LLC,NO,Petroleum Bulk Terminals,Toluene,NO
2021,27835GRDYWGREEN,110000347606.0,GRADY WHITE BOATS INC.,5121 MARTIN LUTHER KING JR HWY,GREENVILLE,PITT,NC,27834,35.649613,-77.34405,NA,NO,Transportation Equipment,Methyl isobutyl ketone,YES
2021,2740WNLSTL15WES,110043975062.0,O'NEAL MANUFACTURING SERVICES,105 E FLORIDA ST,GREENSBORO,GUILFORD,NC,27406,36.048816,-79.791365,O'NEAL MANUFACTURING SERVICES,NO,Fabricated Metals,Nickel,YES
2021,27410SHRWN113ST,110000346741.0,SHERWIN-WILLIAMS CO,113 STAGE COACH TRAIL,GREENSBORO,GUILFORD,NC,27409,36.07644,-79.91277,THE SHERWIN-WILLIAMS CO,NO,Chemicals,Zinc compounds,NO
2021,28610CMMSC3642U,110000604329.0,COMMSCOPE INC-CLAREMONT NC FACILITY,3642 US HWY 70 E,CLAREMONT,CATAWBA,NC,28610,35.717917,-81.133929,COMMSCOPE INC,NO,Electrical Equipment,Zinc compounds,NO
2021,27407TRCST1208R,110000346689.0,TRU-CAST INC.,1208 RAIL ST,GREENSBORO,GUILFORD,NC,27407,36.05255,-79.86328,NA,NO,Primary Metals,Copper,NO
2021,27261RLNCN1431P,110000345840.0,AKZONOBEL COATINGS INC,1431 PROGRESS AVE,HIGH POINT,GUILFORD,NC,27260,35.92387,-80.02214,AKZO NOBEL NV,NO,Chemicals,Phenol,NO
2021,27302CLLNC100MA,110006860708.0,LIGGETT GROUP LLC,100 MAPLE LN,MEBANE,ALAMANCE,NC,27302,36.07472,-79.30186,VECTOR GROUP LTD,NO,Tobacco,Nicotine and salts,NO
2021,28533SDDSMNCHWY,110000604301.0,U.S. MARINE CORPS CHERRY POINT AIR STATION,NC HWY 101 AT US 70 W,CHERRY POINT,CRAVEN,NC,285330006,34.905641,-76.893355,US DEPARTMENT OF DEFENSE,YES,Other,Xylene (mixed isomers),NO
2021,28262NGNRD11300,110014003595.0,SHERWIN-WILLIAMS CO,11300 CLAUDE FREEMAN DR,CHARLOTTE,MECKLENBURG,NC,28262,35.33474,-80.75854,THE SHERWIN-WILLIAMS CO,NO,Chemicals,"4,4'-Isopropylidenediphenol",NO
2021,28024DKNRGDUKEP,110006424404.0,DUKE ENERGY CAROLINAS LLC - ROGERS ENERGY COMPLEX,573 DUKE POWER RD,MOORESBORO,RUTHERFORD,NC,28114,35.217222,-81.761111,DUKE ENERGY CORP,NO,Electric Utilities,Barium compounds (except for barium sulfate (CAS No. 7727-43-7)),NO
2021,27330GLDNP6500Z,110000551493.0,PILGRIM'S PRIDE CORP SANFORD FACILITY,484 ZIMMERMAN RD,SANFORD,LEE,NC,27330,35.558038,-79.22948,JBS USA FOOD CO,NO,Food,Nitrate compounds (water dissociable; reportable only when in aqueous solution),NO
2021,27565CRTNT200CE,110000347018.0,CERTAINTEED CORP.,200 CERTAINTEED RD,OXFORD,GRANVILLE,NC,27565,36.293789,-78.615014,SAINT-GOBAIN CORP,NO,Petroleum,Polycyclic aromatic compounds,YES
2021,27835BRRGHINTER,110000586401.0,PATHEON MANUFACTURING SERVICES LLC PART OF THERMO FISHER SC,5900 MLK JR HWY,GREENVILLE,PITT,NC,27834,35.66016,-77.35802,THERMO FISHER SCIENTIFIC INC,NO,Chemicals,Lead,YES
2021,27261HGHPN255BE,110000751525.0,KAO SPECIALTIES AMERICAS LLC,243 WOODBINE ST,HIGH POINT,GUILFORD,NC,27260,35.92333,-80.02967,KAO CORP,NO,Chemicals,Ammonia,NO
2021,27870CHMPNNORTH,110037266990.0,WESTROCK KRAFT PAPER LLC,100 GASTON RD,ROANOKE RAPIDS,HALIFAX,NC,27870,36.476037,-77.643173,WESTROCK CO,NO,Paper,Hydrogen sulfide,NO
2021,27583VCTRT250CR,110012167742.0,US FLUE CURED TOBACCO GROWERS INC.,250 CROWN BLVD,TIMBERLAKE,PERSON,NC,27583,36.31185,-78.96495,NA,NO,Tobacco,Nicotine and salts,NO
2021,28016LTHMCHWY16,110056969883.0,LIVENT USA CORP,HWY 161,BESSEMER CITY,GASTON,NC,28016,35.283468,-81.295636,LIVENT USA CORP,NO,Chemicals,Chlorine,NO
2021,27317THTMK3500T,110000346199.0,TIMKEN CO ASHEBORO BEARING PLANT,3500 TIMKEN PL,RANDLEMAN,RANDOLPH,NC,27317,35.79806,-79.81859,THE TIMKEN CO,NO,Fabricated Metals,Methanol,NO
2021,28716CHMPNMAINS,110009846480.0,BLUE RIDGE PAPER PRODUCTS LLC,175 MAIN ST,CANTON,HAYWOOD,NC,28716,35.5349,-82.8421,EVERGREEN PACKAGING GROUP,NO,Paper,Formaldehyde,YES
2021,27409CMCMF121LA,110001496088.0,CAMCO MANUFACTURING INC,121 LANDMARK DR,GREENSBORO,GUILFORD,NC,27409,36.094723,-79.97583,CAMCO MANUFACTURING INC,NO,Plastics and Rubber,Copper,NO
2021,28560WYRHSSTREE,110000350478.0,INTERNATIONAL PAPER- NEW BERN MILL,1785 WEYERHAEUSER RD,VANCEBORO,CRAVEN,NC,28586,35.212247,-77.114823,INTERNATIONAL PAPER CO,NO,Paper,Methanol,NO
2021,2710WSTRTF1681S,110014354475.0,STRATFORD METAL FINISHING INC,1681 S MARTIN LUTHER KING JR DR,WINSTON SALEM,FORSYTH,NC,27107,36.075808,-80.220172,NA,NO,Fabricated Metals,Cyanide compounds,NO
2021,27052DKNRGPINEH,110000604141.0,DUKE ENERGY CAROLINAS LLC - BELEWS CREEK STEAM STATION,3195 PINE HALL RD,WALNUT COVE,STOKES,NC,27052,36.281338,-80.059438,DUKE ENERGY CORP,NO,Electric Utilities,Cobalt compounds,NO
2021,27565DLFSTPOBOX,110000740609.0,IDEAL FASTENER CORP,603 W INDUSTRY DR,OXFORD,GRANVILLE,NC,27565,36.298266,-78.609466,NA,NO,Miscellaneous Manufacturing,Copper,NO
2021,28456FDRLPRIEGE,110009719304.0,INTERNATIONAL PAPER RIEGELWOOD MILL,865 JOHN L.RIEGEL RD,RIEGELWOOD,COLUMBUS,NC,28456,34.3522,-78.2125,INTERNATIONAL PAPER CO,NO,Paper,Dioxin and dioxin-like compounds,YES
2021,28732TNCRPCANEC,110000740690.0,BORGWARNER THERMAL SYSTEMS INC,40 CANE CREEK INDUSTRIAL PARK,FLETCHER,HENDERSON,NC,28732,35.43584,-82.47971,BORGWARNER INC,NO,Fabricated Metals,Zinc compounds,NO
2021,28603HKRSR908LE,110000350628.0,HK RESEARCH CORP,908 OLD LENOIR RD,HICKORY,CATAWBA,NC,28601,35.74538,-81.36026,NA,NO,Plastics and Rubber,Methyl methacrylate,NO
2021,28024DKNRGDUKEP,110006424404.0,DUKE ENERGY CAROLINAS LLC - ROGERS ENERGY COMPLEX,573 DUKE POWER RD,MOORESBORO,RUTHERFORD,NC,28114,35.217222,-81.761111,DUKE ENERGY CORP,NO,Electric Utilities,Lead compounds,NO
2021,27360STHRN3440D,110000346439.0,SOUTHERN RESIN,3440 DENTON RD,THOMASVILLE,DAVIDSON,NC,27360,35.825849,-80.097031,NA,NO,Chemicals,Vinyl acetate,YES
2021,28402GCMPNCASTL,110000745230.0,GE CO,3901 CASTLE HAYNE RD NC HWY 133,WILMINGTON,NEW HANOVER,NC,28401,34.32184,-77.92815,GENERAL ELECTRIC CO (GE CO),NO,Chemicals,Nitric acid,NO
2021,28144NTNLSCEDAR,110056525835.0,HENKEL US OPERATIONS CORP,825 CEDAR SPRINGS RD,SALISBURY,ROWAN,NC,28147,35.63367,-80.53335,HENKEL OF AMERICA INC,NO,Chemicals,Toluene,NO
2021,27835GRDYWGREEN,110000347606.0,GRADY WHITE BOATS INC.,5121 MARTIN LUTHER KING JR HWY,GREENVILLE,PITT,NC,27834,35.649613,-77.34405,NA,NO,Transportation Equipment,Toluene,NO
2021,2759WCPTVR35NRT,110071284168.0,CAPTIVEAIRE SYSTEMS INC,305 NORTHBROOK DR,YOUNGSVILLE,FRANKLIN,NC,27596,36.049535,-78.483319,CAPTIVEAIRE SYSTEMS INC,NO,Fabricated Metals,Zinc compounds,NO
2021,28732RCKWL1000R,110000351538.0,MERITOR HEAVY VEHICLE SYSTEMS LLC,1000 ROCKWELL DR,FLETCHER,HENDERSON,NC,28732,35.4137,-82.5161,MERITOR INC,NO,Transportation Equipment,Manganese,NO
2021,28110MDLVLAIRPO,110000348525.0,CIRCOR PUMPS N.A. LLC,1710 AIRPORT RD,MONROE,UNION,NC,28110,35.02691,-80.61957,CIRCOR INTERNATIONAL INC,NO,Machinery,Zinc compounds,NO
2021,28241HNKLC3300W,110012474740.0,IGM RESINS USA INC,3300 WESTINGHOUSE BLVD,CHARLOTTE,MECKLENBURG,NC,28273,35.132595,-80.960855,IGM SPECIALTIES HOLDING INC,NO,Chemicals,Toluene,NO
2021,2720WFLKBR157AT,110000576859.0,FLAKEBOARD AMERICA LLC,157 ATC DR,BISCOE,MONTGOMERY,NC,27209,35.328611,-79.767778,ARAUCO NORTH AMERICA INC,NO,Paper,Formaldehyde,YES
2021,2811WTLLVC375AL,110018570688.0,ATI SPECIALTY MATERIALS - BAKERS SITE,3750 ALLOY WAY,MONROE,UNION,NC,28110,35.01803,-80.612762,ALLEGHENY TECHNOLOGIES INC,NO,Primary Metals,Copper,NO
2021,28655NVRNM1QUAL,110000351128.0,ENVIRONMENTAL INKS - A MEMBER OF THE SIEGWERK GROUP,1 QUALITY PRODUCTS RD,MORGANTON,BURKE,NC,28655,35.7104,-81.69627,SIEGWERK USA CO,NO,Chemicals,Ammonia,NO
2021,28451GNRLWHIGHW,110000350307.0,CAROLINA POLE LELAND,1901 WOOD TREATMENT RD,LELAND,BRUNSWICK,NC,28451,34.2504,-78.07447,KOPPERS INC,NO,Wood Products,Pentachlorophenol,YES
2021,28086FRSTN100FI,110001494874.0,FIRESTONE FIBERS & TEXTILES CO,100 FIRESTONE LN,KINGS MOUNTAIN,GASTON,NC,28086,35.23088,-81.31827,BRIDGESTONE AMERICAS INC,NO,Textiles,Toluene,NO
2021,28144NTNLSCEDAR,110056525835.0,HENKEL US OPERATIONS CORP,825 CEDAR SPRINGS RD,SALISBURY,ROWAN,NC,28147,35.63367,-80.53335,HENKEL OF AMERICA INC,NO,Chemicals,n-Hexane,NO
2021,28278NXNTR182WI,110018854051.0,INX INTERNATIONAL INK CO.,10820 WITHERS PARK DR,CHARLOTTE,MECKLENBURG,NC,28278,35.13687,-80.98279,INX INTERNATIONAL INK CO,NO,Chemicals,Chromium compounds (except for chromite ore mined in the Transvaal Region),NO
2021,28429CCDNTOFFST,110000350272.0,ELEMENTIS CHROMIUM INC,5408 HOLLY SHELTER RD,CASTLE HAYNE,NEW HANOVER,NC,28429,34.372516,-77.859466,ELEMENTIS,NO,Chemicals,Manganese  And Manganese Compounds,NO
2021,28402CPNDSHIGHW,110007116101.0,STEPAN CO,4600 HWY 421 N,WILMINGTON,NEW HANOVER,NC,28401,34.31065,-77.98461,STEPAN CO,NO,Chemicals,"1,4-Dioxane",YES
2021,27260PDMNT331BU,110000496491.0,PIEDMONT CHEMICAL INDUSTRIES I LLC,331 BURTON AVE,HIGH POINT,GUILFORD,NC,27262,35.93713,-80.03369,SYNTHA GROUP INC,NO,Chemicals,Phthalic anhydride,NO
2021,28206CNCRT3823R,110001479775.0,CONCRETE SUPPLY CO NORTH PLANT,3823 RALEIGH ST,CHARLOTTE,MECKLENBURG,NC,28206,35.25301,-80.79763,CONCRETE SUPPLY CO LLC,NO,Nonmetallic Mineral Product,Lead  And Lead Compounds,NO
2021,28682DKNRG8320E,110000351397.0,DUKE ENERGY CAROLINAS LLC - MARSHALL STEAM STATION,8320 E NC 150 HWY,TERRELL,CATAWBA,NC,28682,35.5983,-80.9636,DUKE ENERGY CORP,NO,Electric Utilities,Lead compounds,NO
2021,2733WSDNTC5618C,110005971779.0,STI POLYMER INC,5618 CLYDE RHYNE DRIVE,SANFORD,LEE,NC,27330,35.549708,-79.181971,NA,NO,Chemicals,Acrylic acid,NO
2021,27712WNRTH4112L,110006625651.0,AISIN NORTH CAROLINA CORP,4112 OLD OXFORD HWY,DURHAM,DURHAM,NC,27712,36.08981,-78.84198,AISIN HOLDINGS OF AMERICA INC,NO,Transportation Equipment,Manganese,NO
2021,28315CRLNGSR207,110000349793.0,ERICO INTERNATIONAL CORP,188 CAROLINA RD,ABERDEEN,MOORE,NC,28315,35.11347,-79.38958,NVENT ELECTRIC PLC,NO,Primary Metals,Copper,NO
2021,27870MLLCNWEST1,110009719144.0,CULPEPER OF ROANOKE RAPIDS LLC,2262 W 10TH ST,ROANOKE RAPIDS,HALIFAX,NC,27870,36.4634,-77.6892,JEFFERSON HOMEBUILDERS INC,NO,Wood Products,Chromium compounds (except for chromite ore mined in the Transvaal Region),NO
2021,27052DKNRGPINEH,110000604141.0,DUKE ENERGY CAROLINAS LLC - BELEWS CREEK STEAM STATION,3195 PINE HALL RD,WALNUT COVE,STOKES,NC,27052,36.281338,-80.059438,DUKE ENERGY CORP,NO,Electric Utilities,Selenium compounds,NO
2021,28214TRNSM7401O,110000492672.0,BLANCHARD TERMINAL CO - CHARLOTTE EAST NC TERMINAL,7401 OLD MT HOLLY RD,CHARLOTTE,MECKLENBURG,NC,28214,35.277522,-80.931366,MARATHON PETROLEUM CORP,NO,Petroleum Bulk Terminals,Toluene,NO
2021,27559CHMBNSTATE,110000346965.0,ARCLIN USA LLC,790 CORINTH RD,MONCURE,CHATHAM,NC,27559,35.603333,-79.048889,ARCLIN INC,NO,Chemicals,Formic acid,NO
2021,2873WSTHRN484HE,110039071330.0,SOUTHERN CONCRETE MATERIALS-FLETCHER PLANT,4840 HENDERSONVILLE RD,FLETCHER,HENDERSON,NC,28732,35.41666,-82.50666,HEDRICK INDUSTRIES,NO,Nonmetallic Mineral Product,Mercury  And Mercury Compounds,NO
2021,28716CHMPNMAINS,110009846480.0,BLUE RIDGE PAPER PRODUCTS LLC,175 MAIN ST,CANTON,HAYWOOD,NC,28716,35.5349,-82.8421,EVERGREEN PACKAGING GROUP,NO,Paper,Hydrogen sulfide,NO
2021,28602HTCHF41519,110025331353.0,ABB INSTALLATIONS PRODUCTS INC.,415 19TH ST DR SE,HICKORY,CATAWBA,NC,28602,35.726,-81.30657,ABB INC,NO,Electrical Equipment,Lead,YES
2021,27835HNDRX1101I,110002348638.0,TRIEST AG GROUP INC,1101 INDUSTRIAL BLVD,GREENVILLE,PITT,NC,27834,35.645,-77.34877,TRIEST AG GROUP INC,NO,Chemicals,Metham sodium,NO
2021,27526RYCHMROUTE,110000740592.0,TE CONNECTIVITY,8000 PURFOY RD,FUQUAY-VARINA,WAKE,NC,27526,35.57986,-78.77185,TE CONNECTIVITY LTD,NO,Plastics and Rubber,Zinc compounds,NO
2021,28208SHLND3930G,110000349329.0,NEXEO SOLUTIONS LLC,3930 GLENWOOD DR,CHARLOTTE,MECKLENBURG,NC,28208,35.2511,-80.8855,UNIVAR SOLUTIONS USA INC,NO,Chemical Wholesalers,Methyl isobutyl ketone,YES
2021,27962WYRHSTROWB,110013794000.0,DOMTAR PAPER CO LLC-PLYMOUTH MILL,TROWBRIDGE RD,PLYMOUTH,MARTIN,NC,27962,35.861716,-76.779683,DOMTAR CORP,NO,Paper,Manganese compounds,NO
2021,2830WSTLFB95CUN,110071263564.0,STEELFAB OF FAYETTEVILLE,950 COUNTRY CLUB DR,FAYETTEVILLE,CUMBERLAND,NC,28301,35.09883,-78.914385,STEELFAB INC,NO,Fabricated Metals,Chromium,NO
2021,28732CNTNN1QUAL,110004057706.0,CONTINENTAL AUTOMOTIVE SYSTEMS INC.,1 QUALITY WAY,FLETCHER,HENDERSON,NC,28732,35.41946,-82.54713,CONTINENTAL AUTOMOTIVE SYSTEMS INC,NO,Transportation Equipment,Nitrate compounds (water dissociable; reportable only when in aqueous solution),NO
2021,2758WCRLNS543UN,110001499977.0,CAROLINA SUNROCK LLC - NORTH RALEIGH,5043 UNICON DRIVE,WAKE FOREST,WAKE,NC,27587,35.92231,-78.53867,THE SUNROCK GROUP INC,NO,Nonmetallic Mineral Product,Lead  And Lead Compounds,NO
2021,2803WCNCRT21NHA,110069234876.0,CONCRETE SUPPLY CO.  LLC - DALLAS,201 N HARTMAN RD,DALLAS,GASTON,NC,28034,35.2961,-81.18492,CONCRETE SUPPLY CO LLC,NO,Nonmetallic Mineral Product,Lead  And Lead Compounds,NO
2021,28655LVTNS113IN,110000351100.0,LEVITON MANUFACTURING CO INC,113 INDUSTRIAL BLVD,MORGANTON,BURKE,NC,28655,35.72992,-81.74971,LEVITON MANUFACTURING CO INC,NO,Electrical Equipment,Antimony compounds,NO
2021,27870CHMPNNORTH,110037266990.0,WESTROCK KRAFT PAPER LLC,100 GASTON RD,ROANOKE RAPIDS,HALIFAX,NC,27870,36.476037,-77.643173,WESTROCK CO,NO,Paper,Polycyclic aromatic compounds,YES
2021,27703CRRSR4600S,110000347321.0,WOLFSPEED INC.,4600 SILICON DR,DURHAM,DURHAM,NC,27703,35.899298,-78.840802,WOLFSPEED INC,NO,Computers and Electronic Products,Ammonia,NO
2021,2865WTRBTC242FA,110043430962.0,TURBOTEC PRODUCTS INC,2042 FAIRGROVE CHURCH ROAD S.E.,NEWTON,CATAWBA,NC,28658,35.69214,-81.26196,MUELLER INDUSTRIES INC,NO,Fabricated Metals,Copper,NO
2021,28144PRGRS5755N,110020516486.0,SOUTHERN CO ROWAN COUNTY POWER PLANT,5755 NC 801 HWY,SALISBURY,ROWAN,NC,28144,35.7306,-80.6017,SOUTHERN CO,NO,Electric Utilities,Ammonia,NO
2021,27261MRSHF1001S,110011733963.0,MARSH FURNITURE CO,1001 S CENTENNIAL ST,HIGH POINT,GUILFORD,NC,27260,35.943189,-79.999779,MARSH,NO,Furniture,Methanol,NO
2021,27565CRTNT200CE,110000347018.0,CERTAINTEED CORP.,200 CERTAINTEED RD,OXFORD,GRANVILLE,NC,27565,36.293789,-78.615014,SAINT-GOBAIN CORP,NO,Petroleum,Copper  And Copper Compounds,NO
2021,2813WCLNLC18NAT,110070126578.0,COLONIAL CHEMICAL SOLUTIONS INC.,10800 NATIONS FORD ROAD,PINEVILLE,MECKLENBURG,NC,28134,35.11502,-80.91098,COLONIAL GROUP INC,NO,Chemical Wholesalers,Diethanolamine,NO
2021,28307DPTFRDIREC,110064176877.0,U.S. ARMY FORT BRAGG,DPW ENV COMPLIANCE BRANCH BLDG 3-1137 REILLY RD,FORT BRAGG,CUMBERLAND,NC,28310,35.15705,-79.00036,US DEPARTMENT OF DEFENSE,YES,Other,Aluminum (fume or dust),NO
2021,2725WNDLRX932EA,110056968456.0,INDULOR AMERICA LP,932 E ELM ST,GRAHAM,ALAMANCE,NC,27253,36.08125,-79.38037,NA,NO,Chemicals,Methyl methacrylate,NO
2021,2850WSNDRS4985H,110043222964.0,SANDERSON FARMS INC,2081 SANDERSON WAY,KINSTON,LENOIR,NC,28504,35.258611,-77.670556,SANDERSON FARMS INC,NO,Food,Hydrogen sulfide,NO
2021,27042HLSTDHWY31,110009844865.0,WIELAND COPPER PRODUCTS LLC,3990 US 311 HWY N,PINE HALL,STOKES,NC,27042,36.342778,-80.044166,WIELAND HOLDINGS INC,NO,Primary Metals,Selenium,NO
2021,27560DMSPR5701M,110018517924.0,ADAMS AN OLDCASTLE CO - MORRISVILLE,5701 MCCRIMMON PKWY,MORRISVILLE,WAKE,NC,27560,35.84563,-78.83716,CRH AMERICAS INC,NO,Nonmetallic Mineral Product,Lead,YES
2021,2758WCRLNS543UN,110001499977.0,CAROLINA SUNROCK LLC - NORTH RALEIGH,5043 UNICON DRIVE,WAKE FOREST,WAKE,NC,27587,35.92231,-78.53867,THE SUNROCK GROUP INC,NO,Nonmetallic Mineral Product,Mercury  And Mercury Compounds,NO
2021,28012DKNRG253PL,110000348008.0,DUKE ENERGY CAROLINAS LLC - ALLEN STEAM STATION,253 PLANT ALLEN RD,BELMONT,GASTON,NC,28012,35.190083,-81.008748,DUKE ENERGY CORP,NO,Electric Utilities,Polycyclic aromatic compounds,YES
2021,28334MCPGN1600S,110009855914.0,BRAINERD CHEMICAL CO LLC OF NORTH CAROLINA,1600 S WILSON AVENUES,DUNN,HARNETT,NC,28334,35.294444,-78.621111,BRAINERD CHEMICAL CO INC,NO,Chemical Wholesalers,Methanol,NO
2021,27407BRLNG6008H,110012656697.0,ALBERDINGK BOLEY INC,6008 WEST GATE CITY BOULEVARD,GREENSBORO,GUILFORD,NC,27407,36.00477,-79.90461,NA,NO,Chemicals,Triethylamine,NO
2021,2811WHRSHD484HI,110055619399.0,AMERICAN ZINC PRODUCTS LLC,484 HICKS GROVE RD,MOORESBORO,RUTHERFORD,NC,28114,35.191023,-81.849132,METALS RECOVERY HOLDINGS LLC,NO,Primary Metals,Cadmium compounds,YES
2021,28043RQPCRROUTE,110000348099.0,DANFOSS POWER SOLUTIONS,240 DANIEL RD,FOREST CITY,RUTHERFORD,NC,28043,35.34058,-81.90191,DANFOSS POWER SOLUTIONS (US) CO,NO,Plastics and Rubber,Zinc compounds,NO
2021,27891CNSLDUSHWY,110007659471.0,CONSOLIDATED DIESEL CO,9377 US HWY 301 N,WHITAKERS,NASH,NC,27891,36.0953,-77.72715,CUMMINS INC,NO,Machinery,Ethylene glycol,NO
2021,28625CCMCR133FA,110013288156.0,ACCUMA CORP,133 FANJOY RD,STATESVILLE,IREDELL,NC,28625,35.76104,-80.82403,ACCUMA CORP,NO,Plastics and Rubber,Antimony,NO
2021,28128BFGDRSOUTH,110000348730.0,MICHELIN AIRCRAFT TIRE CO MICHELIN NORTH DIV,40589 S STANLY SCHOOL RD,NORWOOD,STANLY,NC,28128,35.23264,-80.1623,MICHELIN NORTH AMERICA INC,NO,Plastics and Rubber,Zinc compounds,NO
2021,27835HNDRX1101I,110002348638.0,TRIEST AG GROUP INC,1101 INDUSTRIAL BLVD,GREENVILLE,PITT,NC,27834,35.645,-77.34877,TRIEST AG GROUP INC,NO,Chemicals,Bromomethane,NO
2021,27565CRTNT200CE,110000347018.0,CERTAINTEED CORP.,200 CERTAINTEED RD,OXFORD,GRANVILLE,NC,27565,36.293789,-78.615014,SAINT-GOBAIN CORP,NO,Petroleum,Dioxin and dioxin-like compounds,YES
2021,28682DKNRG8320E,110000351397.0,DUKE ENERGY CAROLINAS LLC - MARSHALL STEAM STATION,8320 E NC 150 HWY,TERRELL,CATAWBA,NC,28682,35.5983,-80.9636,DUKE ENERGY CORP,NO,Electric Utilities,Hydrogen fluoride,NO
2021,2870WLNMRX2169B,110070121475.0,LINAMAR NC,2169 HENDERSONVILLE RD,ARDEN,BUNCOMBE,NC,28704,35.48056,-82.52453,LINAMAR CORP,NO,Transportation Equipment,Chromium,NO
2021,28111TLDYN2020A,110000348589.0,ATI SPECIALTY MATERIALS - MONROE PLANT,2020 ASHCRAFT AVE,MONROE,UNION,NC,28110,34.984,-80.51337,ALLEGHENY TECHNOLOGIES INC,NO,Primary Metals,Manganese,NO
2021,2869WMRDNS312CL,110018516159.0,MERIDIAN SPECIALTY YARN GROUP,312 COLUMBO ST,VALDESE,BURKE,NC,28690,35.7431,-81.5692,MERIDIAN INDUSTRIES INC,NO,Textiles,Hydrazine,YES
2021,27536STRNMUS1SO,110010448836.0,EASTERN MINERALS INC,170 EASTERN MINERALS RD,HENDERSON,VANCE,NC,27537,36.27084,-78.40468,NA,NO,Food,Selenium compounds,NO
2021,27102JHNSN2701W,110000345270.0,CLARIOS LLC,2701 JOHNSON CONTROLS DR,KERNERSVILLE,FORSYTH,NC,27284,36.11901,-80.16126,CLARIOS LLC,NO,Electrical Equipment,Lead  And Lead Compounds,NO
2021,28451CTNGSRTE74,110004045701.0,COATINGS & ADHESIVES CORP,1901 POPULAR ST NE,LELAND,BRUNSWICK,NC,28451,34.251633,-78.070816,NA,NO,Chemicals,Methyl methacrylate,NO
2021,27870CHMPNNORTH,110037266990.0,WESTROCK KRAFT PAPER LLC,100 GASTON RD,ROANOKE RAPIDS,HALIFAX,NC,27870,36.476037,-77.643173,WESTROCK CO,NO,Paper,Manganese compounds,NO
2021,27804LCNCN400JE,110000347492.0,KABA ILCO CORP,400 JEFFERYS RD,ROCKY MOUNT,NASH,NC,27801,35.98742,-77.78704,KABA ILCO CORP,NO,Fabricated Metals,Zinc compounds,NO
2021,27403DSTNC1025H,110000346518.0,SHERWIN-WILLIAMS CO,1025 HOWARD ST,GREENSBORO,GUILFORD,NC,27403,36.06238,-79.83395,THE SHERWIN-WILLIAMS CO,NO,Chemicals,Cobalt compounds,NO
2021,27008STHRNHWY70,110000345074.0,CARGILL FEED & NUTRITION BARBER,9150 STATESVILLE BLVD,CLEVELAND,ROWAN,NC,27013,35.71845,-80.6452,CARGILL INC,NO,Food,Zinc compounds,NO
2021,28086CYPRSJCT18,110000348393.0,ALBEMARLE,348 HOLIDAY INN DR,KINGS MOUNTAIN,CLEVELAND,NC,28086,35.217,-81.34904,ALBEMARLE CORP,NO,Chemicals,n-Hexane,NO
2021,28241HNKLC3300W,110012474740.0,IGM RESINS USA INC,3300 WESTINGHOUSE BLVD,CHARLOTTE,MECKLENBURG,NC,28273,35.132595,-80.960855,IGM SPECIALTIES HOLDING INC,NO,Chemicals,Acrylic acid,NO
2021,27820GRGPCAMPAC,110000347544.0,GEORGIA-PACIFIC CHEMICALS LLC,200 AMPAC RD,CONWAY,NORTHAMPTON,NC,27820,36.429167,-77.223611,KOCH INDUSTRIES INC,NO,Chemicals,Formaldehyde,YES
2021,28704SHVLL200CP,110000587071.0,DUKE ENERGY PROGRESS LLC-ASHEVILLE STEAM ELECTRIC PLANT,46 DUKE ENERGY LANE,ARDEN,BUNCOMBE,NC,28704,35.471596,-82.542194,DUKE ENERGY CORP,NO,Electric Utilities,Polycyclic aromatic compounds,YES
2021,27702STHCH2000E,110000347303.0,BRENNTAG MID-SOUTH,2000 E PETTIGREW ST,DURHAM,DURHAM,NC,27703,35.979401,-78.880293,BRENNTAG NORTH AMERICA INC,NO,Chemical Wholesalers,Triethylamine,NO
2021,27565BNDGN505WI,110000347009.0,BRIDGESTONE BANDAG LLC OXFORD PLANT,505 W INDUSTRY DR,OXFORD,GRANVILLE,NC,27565,36.29566,-78.60859,BRIDGESTONE AMERICAS INC,NO,Plastics and Rubber,2-Mercaptobenzothiazole,YES
2021,28358LNDSY612E1,110000350021.0,LINDSEY CAMPBELL OIL CO,612 E 17TH ST,LUMBERTON,ROBESON,NC,28358,34.62886,-79.0003,CAMPBELL OIL & GAS CO,NO,Petroleum Bulk Terminals,n-Hexane,NO
2021,28164DSMDS111HW,110057518066.0,SAMOS POLYMERS CORP,1101 HWY 27 S,STANLEY,GASTON,NC,28164,35.373426,-81.099156,NA,NO,Chemicals,Di(2-ethylhexyl) phthalate,YES
2021,2735WCNCRT6819U,110069235269.0,CONCRETE SUPPLY CO.  LLC - STOKESDALE,6819 US HIGHWAY 158,STOKESDALE,GUILFORD,NC,27357,36.23997,-79.93297,CONCRETE SUPPLY CO LLC,NO,Nonmetallic Mineral Product,Lead  And Lead Compounds,NO
2021,2808WCLVLN24BAT,110039620292.0,CLEVELAND COUNTY GENERATING FACILITY,240 BATTLEGROUND ROAD,KINGS MOUNTAIN,CLEVELAND,NC,28086,35.17031,-81.416525,SOUTHERN CO,NO,Electric Utilities,Naphthalene,YES
2021,2814WBRLCM175CI,110067605782.0,WESTLAKE ROYAL BUILDING PRODUCTS INC - PLANT 2,175 CIRCLE M DR,SALISBURY,ROWAN,NC,28147,35.63252,-80.5305,WESTLAKE CHEMICAL CORP,NO,Plastics and Rubber,Lead compounds,NO
2021,27530PPRTS300DI,110000346876.0,AP EMISSIONS TECHNOLOGIES INC,300 DIXIE TRAIL,GOLDSBORO,WAYNE,NC,27530,35.3577,-78.00213,NA,NO,Transportation Equipment,Copper compounds,NO
2021,2871WRSSLL1561G,110070244719.0,RUSSELL STANDARD CORP,1561 GROVESTONE RD,BLACK MOUNTAIN,BUNCOMBE,NC,28711,35.606326,-82.362298,RUSSELL STANDARD CORP,NO,Petroleum Bulk Terminals,"Benzo[g,h,i]perylene",NO
2021,2873WGFLNM49FER,110069993050.0,LINAMAR LIGHT METALS-MR,490 FERNCLIFF PARK DRIVE,MILLS RIVER,HENDERSON,NC,28732,35.427569,-82.542922,NA,NO,Primary Metals,Zinc (fume or dust),NO
2021,27709SCMMT2601W,110000347401.0,SCM METAL PRODUCTS INC,2601 WECK DR,RESEARCH TRIANGLE PARK,DURHAM,NC,27709,35.93214,-78.84981,NA,NO,Primary Metals,Ethylene glycol,NO
2021,2821WMTVNT6851F,110009719974.0,MOTIVA ENTERPRISES LLC CHARLOTTE NORTH & SOUTH TERMINALS,410 TOM SADLER RD,CHARLOTTE,MECKLENBURG,NC,28214,35.27994,-80.93817,MOTIVA ENTERPRISES LLC,NO,Petroleum Bulk Terminals,"1,2,4-Trimethylbenzene",NO
2021,28716CHMPNMAINS,110009846480.0,BLUE RIDGE PAPER PRODUCTS LLC,175 MAIN ST,CANTON,HAYWOOD,NC,28716,35.5349,-82.8421,EVERGREEN PACKAGING GROUP,NO,Paper,Cresol (mixed isomers),NO
2021,27343RXBRS1700D,110000346386.0,DUKE ENERGY PROGRESS LLC - ROXBORO STEAM ELECTRIC PLANT,1700 DUNNAWAY RD,SEMORA,PERSON,NC,27343,36.4833,-79.0731,DUKE ENERGY CORP,NO,Electric Utilities,Cobalt compounds,NO
2021,27229PRDNCSTATE,110007376865.0,PERDUE AGRIBUSINESS LLC-COFIELD NC,242 PERDUE RD,COFIELD,HERTFORD,NC,27922,36.36325,-76.89573,PERDUE FARMS INC,NO,Food,Zinc compounds,NO
2021,2794WHRVYP2835C,110039003271.0,HARVEY POINT DEFENSE TESTING ACTIVITY,2835 HARVEY POINT RD,HERTFORD,PERQUIMANS,NC,27944,36.102338,-76.348193,US DEPARTMENT OF DEFENSE,YES,Other,Lead,YES
2021,2750WPLLTN126TH,110007377114.0,PALLET ONE OF BUTNER,10 26TH ST,BUTNER,GRANVILLE,NC,27509,36.138533,-78.740629,PALLETONE INC,NO,Wood Products,Lead compounds,NO
2021,28456FDRLPRIEGE,110009719304.0,INTERNATIONAL PAPER RIEGELWOOD MILL,865 JOHN L.RIEGEL RD,RIEGELWOOD,COLUMBUS,NC,28456,34.3522,-78.2125,INTERNATIONAL PAPER CO,NO,Paper,Formic acid,NO
2021,28601STRCT1115L,110025331344.0,STRUCTURAL STEEL OF CAROLINA,1115 OLD LENIOR RD NW,HICKORY,CATAWBA,NC,28601,35.746608,-81.362464,STRUCTURAL STEEL OF CAROLINA,NO,Fabricated Metals,Manganese,NO
2021,28716CHMPNMAINS,110009846480.0,BLUE RIDGE PAPER PRODUCTS LLC,175 MAIN ST,CANTON,HAYWOOD,NC,28716,35.5349,-82.8421,EVERGREEN PACKAGING GROUP,NO,Paper,"Sulfuric acid (acid aerosols including mists, vapors, gas, fog, and other airborne forms of any particle size)",NO
2021,2873WSTHRN484HE,110039071330.0,SOUTHERN CONCRETE MATERIALS-FLETCHER PLANT,4840 HENDERSONVILLE RD,FLETCHER,HENDERSON,NC,28732,35.41666,-82.50666,HEDRICK INDUSTRIES,NO,Nonmetallic Mineral Product,Lead  And Lead Compounds,NO
2021,28127HWCLP44091,110009857146.0,H W CULP LUMBER CO,44091 OLD US HWY 52,NEW LONDON,STANLY,NC,28127,35.451389,-80.225556,NA,NO,Wood Products,Lead,YES
2021,27559CHMBNSTATE,110000346965.0,ARCLIN USA LLC,790 CORINTH RD,MONCURE,CHATHAM,NC,27559,35.603333,-79.048889,ARCLIN INC,NO,Chemicals,Phenol,NO
2021,28139RVSBRRAILR,110000586624.0,TRELLEBORG COATED SYSTEMS US INC,715 RAILROAD AVE & HWY 74,RUTHERFORDTON,RUTHERFORD,NC,28139,35.37798,-81.94629,TRELLEBORG INDUSTRIES,NO,Textiles,Toluene,NO
2021,28352MNVLLPOBOX,110000349980.0,RAILROAD FRICTION PRODUCTS CORP,13601 AIRPORT RD,MAXTON,SCOTLAND,NC,28364,34.762788,-79.370238,WABTEC CORP,NO,Transportation Equipment,2-Mercaptobenzothiazole,YES
2021,2702WPLLTN165TU,110001491341.0,PALLET ONE OF MOCKSVILLE,165 TURKEYFOOT RD,MOCKSVILLE,DAVIE,NC,27028,35.968523,-80.68027,PALLETONE INC,NO,Wood Products,Lead compounds,NO
2021,2729WRRPLS18WEL,110069246872.0,AURORA PLASTICS - WELCOME PLANT,180 WELCOME CENTER BLVD,LEXINGTON,DAVIDSON,NC,27295,35.93484,-80.23533,AURORA PLASTICS,NO,Chemicals,Chromium compounds (except for chromite ore mined in the Transvaal Region),NO
2021,28429CCDNTOFFST,110000350272.0,ELEMENTIS CHROMIUM INC,5408 HOLLY SHELTER RD,CASTLE HAYNE,NEW HANOVER,NC,28429,34.372516,-77.859466,ELEMENTIS,NO,Chemicals,Vanadium compounds,NO
2021,28610FBRPT2512B,110067042113.0,PRYSMIAN CABLES & SYSTEMS USA LLC,2512 PENNY RD,CLAREMONT,CATAWBA,NC,28610,35.7028,-81.15423,PRYSMIAN CABLES & SYSTEMS (US) INC,NO,Nonmetallic Mineral Product,Hydrogen fluoride,NO
2021,28402GCMPNCASTL,110000745230.0,GE CO,3901 CASTLE HAYNE RD NC HWY 133,WILMINGTON,NEW HANOVER,NC,28401,34.32184,-77.92815,GENERAL ELECTRIC CO (GE CO),NO,Chemicals,Nitrate compounds (water dissociable; reportable only when in aqueous solution),NO
2021,28302DPNTFHIGHW,110000559609.0,CHEMOURS CO - FAYETTEVILLE WORKS,22828 NC HWY 87 W,FAYETTEVILLE,BLADEN,NC,28306,34.8419,-78.8388,THE CHEMOURS CO,NO,Plastics and Rubber,Toluene,NO
2021,28159FNTXNI85AN,110000349114.0,INNOSPEC ACTIVE CHEMICALS,500 HINKLE LANE,SALISBURY,ROWAN,NC,28144,35.7037,-80.41267,INNOSPEC INC,NO,Chemicals,Maleic anhydride,NO
2021,27410SHRWN113ST,110000346741.0,SHERWIN-WILLIAMS CO,113 STAGE COACH TRAIL,GREENSBORO,GUILFORD,NC,27409,36.07644,-79.91277,THE SHERWIN-WILLIAMS CO,NO,Chemicals,Methanol,NO
2021,2850WSNDRS168PA,110045405076.0,SANDERSON FARMS INC,1680 PARROTT DICKERSON RD,KINSTON,LENOIR,NC,28504,35.270358,-77.659202,SANDERSON FARMS INC,NO,Food,Copper compounds,NO
2021,28120HCHSTPOBOX,110000348687.0,CLARIANT CORP-MOUNT HOLLY WEST PLANT,625 E CATAWBA AVE,MOUNT HOLLY,GASTON,NC,28120,35.295833,-81.006667,CLARIANT CORP,NO,Chemicals,Certain glycol ethers,NO
2021,28610CMMSC3642U,110000604329.0,COMMSCOPE INC-CLAREMONT NC FACILITY,3642 US HWY 70 E,CLAREMONT,CATAWBA,NC,28610,35.717917,-81.133929,COMMSCOPE INC,NO,Electrical Equipment,Barium compounds (except for barium sulfate (CAS No. 7727-43-7)),NO
2021,28302BRDNN1411I,110009846471.0,HEXION INC-FAYETTEVILLE FACILITY,1411 INDUSTRIAL DR,FAYETTEVILLE,CUMBERLAND,NC,28301,35.0299,-78.86319,HEXION HOLDINGS CORP,NO,Chemicals,Phenol,NO
2021,28358LNDSY612E1,110000350021.0,LINDSEY CAMPBELL OIL CO,612 E 17TH ST,LUMBERTON,ROBESON,NC,28358,34.62886,-79.0003,CAMPBELL OIL & GAS CO,NO,Petroleum Bulk Terminals,Methyl tert-butyl ether,NO
2021,27702STHCH2000E,110000347303.0,BRENNTAG MID-SOUTH,2000 E PETTIGREW ST,DURHAM,DURHAM,NC,27703,35.979401,-78.880293,BRENNTAG NORTH AMERICA INC,NO,Chemical Wholesalers,n-Butyl alcohol,NO
2021,28241HRPRL11626,110000349622.0,HARPER/LOVE ADHESIVES CORP,11101 WESTLAKE DR,CHARLOTTE,MECKLENBURG,NC,28273,35.13733,-80.97155,NA,NO,Chemicals,Formaldehyde,YES
2021,2827WNCHMC12345,110059762653.0,INOLEX,12345 STEELE CREEK RD,CHARLOTTE,MECKLENBURG,NC,28273,35.1236,-80.9802,NA,NO,Chemicals,Ethylene glycol,NO
2021,28352MRPHY19600,110001499183.0,MURPHY-BROWN LLC LAURINBURG FEED MILL,19600 ANDREW JACKSON HWY BUSINESS 74 E,LAURINBURG,SCOTLAND,NC,28352,34.761382,-79.417153,MURPHY BROWN LLC,NO,Food,Copper  And Copper Compounds,NO
2021,28560WYRHSSTREE,110000350478.0,INTERNATIONAL PAPER- NEW BERN MILL,1785 WEYERHAEUSER RD,VANCEBORO,CRAVEN,NC,28586,35.212247,-77.114823,INTERNATIONAL PAPER CO,NO,Paper,Phenol,NO
2021,28080THTMK1TIMK,110009858243.0,TIMKEN CO LINCOLNTON BEARING PLANT,1000 TIMKEN PL,IRON STATION,LINCOLN,NC,28080,35.4511,-81.17118,THE TIMKEN CO,NO,Fabricated Metals,Sodium nitrite,NO
2021,28120NWNGC1725D,110023154931.0,GOLD BOND BUILDING PRODUCTS  - MOUNT HOLLY,1725 DRYWALL DR,MOUNT HOLLY,GASTON,NC,28120,35.3245,-80.9996,GOLD BOND BUILDING PRODUCTS LLC,NO,Nonmetallic Mineral Product,Lead compounds,NO
2021,27052DKNRGPINEH,110000604141.0,DUKE ENERGY CAROLINAS LLC - BELEWS CREEK STEAM STATION,3195 PINE HALL RD,WALNUT COVE,STOKES,NC,27052,36.281338,-80.059438,DUKE ENERGY CORP,NO,Electric Utilities,Copper compounds,NO
2021,27028NGRSL501SA,110000345145.0,INGERSOLL-RAND CO-MOCKSVILLE OPERATIONS,501 SANFORD AVE,MOCKSVILLE,DAVIE,NC,27028,35.89166,-80.56909,INGERSOLL-RAND CO,NO,Machinery,Copper,NO
2021,27559CHRKSSTATE,110006670138.0,GENERAL SHALE BRICK INC MONCURE FACILITY PLANTS 24 & 25,300 BRICK PLANT RD,MONCURE,CHATHAM,NC,27559,35.57242,-79.03562,GENERAL SHALE BRICK INC,NO,Nonmetallic Mineral Product,Manganese compounds,NO
2021,28054NRYLC214WE,110000348259.0,LANXESS SOLUTIONS US INC,214 W RUBY AVE,GASTONIA,GASTON,NC,28054,35.243611,-81.1875,LANXESS CORP,NO,Chemicals,Diisocyanates,NO
2021,27253NWSTH448MT,110040987144.0,CANFOR SOUTHERN PINE - GRAHAM PLANT,4408 MT. HERMON-ROCK CREEK RD,GRAHAM,ALAMANCE,NC,27253,36.000833,-79.405,CANFOR SOUTHERN PINE INC,NO,Wood Products,Dioxin and dioxin-like compounds,YES
2021,2770WCRLNS153CA,110001497425.0,CAROLINA SUNROCK LLC - MDC,1503 CAMDEN AVENUE,DURHAM,DURHAM,NC,27704,36.01592,-78.87222,THE SUNROCK GROUP INC,NO,Nonmetallic Mineral Product,Lead  And Lead Compounds,NO
2021,2710WSTRTF1681S,110014354475.0,STRATFORD METAL FINISHING INC,1681 S MARTIN LUTHER KING JR DR,WINSTON SALEM,FORSYTH,NC,27107,36.075808,-80.220172,NA,NO,Fabricated Metals,Copper  And Copper Compounds,NO
2021,28677CLRKQI77I4,110010283996.0,CLARK EQUIPMENT DBA DOOSAN INFRACORE CONSTRUCTION EQUIPMENT,1293 GLENWAY DR,STATESVILLE,IREDELL,NC,28625,35.81027,-80.86413,NA,NO,Machinery,Copper,NO
2021,2802WCNCRD47MCG,110001484144.0,CONCRETE SUPPLY CO. LLC - CONCORD,470 MCGILL AVE,CONCORD,CABARRUS,NC,28027,35.415716,-80.612466,CONCRETE SUPPLY CO LLC,NO,Nonmetallic Mineral Product,Nitrate compounds (water dissociable; reportable only when in aqueous solution),NO
2021,28752CRNRSOLDRO,110000847665.0,CRANE CHEMPHARMA & ENERGY CORP.,1 QUALITY WAY OFF HWY 70 W,MARION,MCDOWELL,NC,28752,35.68218,-82.06489,NA,NO,Fabricated Metals,Nickel,YES
2021,28213NCLCH14700,110059780198.0,MALLARD CREEK POLYMERS,2800 MOREHEAD RD,CHARLOTTE,MECKLENBURG,NC,28262,35.350334,-80.714847,NA,NO,Chemicals,N-Methylolacrylamide,NO
2021,28307DPTFRDIREC,110064176877.0,U.S. ARMY FORT BRAGG,DPW ENV COMPLIANCE BRANCH BLDG 3-1137 REILLY RD,FORT BRAGG,CUMBERLAND,NC,28310,35.15705,-79.00036,US DEPARTMENT OF DEFENSE,YES,Other,Nitroglycerin,NO
2021,28012DKNRG253PL,110000348008.0,DUKE ENERGY CAROLINAS LLC - ALLEN STEAM STATION,253 PLANT ALLEN RD,BELMONT,GASTON,NC,28012,35.190083,-81.008748,DUKE ENERGY CORP,NO,Electric Utilities,"Sulfuric acid (acid aerosols including mists, vapors, gas, fog, and other airborne forms of any particle size)",NO
2021,28302BRDNN1411I,110009846471.0,HEXION INC-FAYETTEVILLE FACILITY,1411 INDUSTRIAL DR,FAYETTEVILLE,CUMBERLAND,NC,28301,35.0299,-78.86319,HEXION HOLDINGS CORP,NO,Chemicals,Formic acid,NO
2021,2752WNVNRD3611P,110070943424.0,NOVO NORDISK DAPI-US,3611 POWHATAN RD,CLAYTON,JOHNSTON,NC,27527,35.61703,-78.40426,NOVO NORDISK HOLDINGS INC,NO,Chemicals,Formic acid,NO
2021,2821WMTVNT6851F,110009719974.0,MOTIVA ENTERPRISES LLC CHARLOTTE NORTH & SOUTH TERMINALS,410 TOM SADLER RD,CHARLOTTE,MECKLENBURG,NC,28214,35.27994,-80.93817,MOTIVA ENTERPRISES LLC,NO,Petroleum Bulk Terminals,Ethylbenzene,YES
2021,27886KHNCR4047M,110012707419.0,HITACHI ASTEMO GREENFIELD LLC,4047 MCNAIR RD,TARBORO,EDGECOMBE,NC,27886,35.878283,-77.585133,HITACHI ASTEMO AMERICAS INC,NO,Transportation Equipment,Lead,YES
2021,27025PNHLLLINDS,110000345118.0,PINE HALL BRICK CO INC,634 LINDSAY BRIDGE RD,MADISON,ROCKINGHAM,NC,27025,36.37608,-79.99042,PINE HALL BRICK CO INC,NO,Nonmetallic Mineral Product,Formaldehyde,YES
2021,2814WKZNBL485CE,110000348936.0,NOURYON SURFACE CHEMISTRY LLC,485 CEDAR SPRINGS RD,SALISBURY,ROWAN,NC,28147,35.62962,-80.53595,NOURYON CHEMICALS LLC,NO,Chemicals,Maleic anhydride,NO
2021,27709GMCRL3026C,110002357985.0,WOLFSPEED INC. (RTP),3026 CORNWALLIS RD,RESEARCH TRIANGLE PARK,DURHAM,NC,27709,35.9192,-78.8728,WOLFSPEED INC,NO,Computers and Electronic Products,N-Methyl-2-pyrrolidone,NO
2021,27261RLNCN1431P,110000345840.0,AKZONOBEL COATINGS INC,1431 PROGRESS AVE,HIGH POINT,GUILFORD,NC,27260,35.92387,-80.02214,AKZO NOBEL NV,NO,Chemicals,Xylene (mixed isomers),NO
2021,27261CLSSC31BRE,110011619481.0,CLASSIC DYESTUFFS INC,301 BRENTWOOD ST,HIGH POINT,GUILFORD,NC,27260,35.96313,-79.9781,NA,NO,Chemical Wholesalers,Chromium compounds (except for chromite ore mined in the Transvaal Region),NO
2021,27932LBMRL14MID,110004025108.0,EDENTON BOATWORKS LLC,140 MIDWAY DR,EDENTON,CHOWAN,NC,27932,36.01137,-76.56461,NA,NO,Transportation Equipment,Styrene,YES
2021,28542CMPLJATTNA,110041995151.0,MCIEAST-MCB CAMLEJ MAIN FACILITY,12 POST LN,CAMP LEJEUNE,ONSLOW,NC,28547,34.669402,-77.322574,US DEPARTMENT OF DEFENSE,YES,Other,Ethylene glycol,NO
2021,28144NTNLSCEDAR,110056525835.0,HENKEL US OPERATIONS CORP,825 CEDAR SPRINGS RD,SALISBURY,ROWAN,NC,28147,35.63367,-80.53335,HENKEL OF AMERICA INC,NO,Chemicals,Dibutyl phthalate,NO
2021,28704WSTNGHEYWO,110000351477.0,EATON - ARDEN NC ASHEVILLE,221 HEYWOOD RD,ARDEN,BUNCOMBE,NC,28704,35.46985,-82.53233,EATON CORP,NO,Electrical Equipment,Copper,NO
2021,2771WPLYGM252ST,110070244705.0,FOUNDATION LABS BY PLY GEM LLC,2520 S TRICENTER BLVD,DURHAM,DURHAM,NC,27713,35.92028,-78.88503,CORNERSTONE BUILDING BRANDS,NO,Miscellaneous Manufacturing,Diisocyanates,NO
2021,28307DPTFRDIREC,110064176877.0,U.S. ARMY FORT BRAGG,DPW ENV COMPLIANCE BRANCH BLDG 3-1137 REILLY RD,FORT BRAGG,CUMBERLAND,NC,28310,35.15705,-79.00036,US DEPARTMENT OF DEFENSE,YES,Other,Chromium,NO
2021,27261HGHPN255BE,110000751525.0,KAO SPECIALTIES AMERICAS LLC,243 WOODBINE ST,HIGH POINT,GUILFORD,NC,27260,35.92333,-80.02967,KAO CORP,NO,Chemicals,Allyl alcohol,NO
2021,28307DPTFRDIREC,110064176877.0,U.S. ARMY FORT BRAGG,DPW ENV COMPLIANCE BRANCH BLDG 3-1137 REILLY RD,FORT BRAGG,CUMBERLAND,NC,28310,35.15705,-79.00036,US DEPARTMENT OF DEFENSE,YES,Other,Naphthalene,YES
2021,2710WCTRPL295TE,110044979306.0,PROGRESS RAIL,2950 TEMPLE SCHOOL RD,WINSTON SALEM,FORSYTH,NC,27107,36.05773,-80.12248,CATERPILLAR INC,NO,Transportation Equipment,Manganese,NO
2021,28458MRPHY210TH,110017385079.0,MURPHY-BROWN LLC CHIEF FEED MILL,210 THE CHIEF LN,ROSE HILL,DUPLIN,NC,28458,34.813976,-78.021241,MURPHY BROWN LLC,NO,Food,Copper  And Copper Compounds,NO
2021,28164BLMNC7733L,110009857994.0,BLUM INC,7733 OLD PLANK RD,STANLEY,LINCOLN,NC,28164,35.41719,-81.01301,NA,NO,Fabricated Metals,Chromium,NO
2021,2728WDNCST328SU,110024419814.0,EDEN CUSTOM PROCESSING LLC,328 SUMMIT RD,EDEN,ROCKINGHAM,NC,27288,36.5153,-79.72354,NA,NO,Chemicals,N-Methyl-2-pyrrolidone,NO
2021,27922NCRST1505R,110024423131.0,NUCOR STEEL HERTFORD COUNTY,1505 RIVER RD,COFIELD,HERTFORD,NC,27922,36.355216,-76.81115,NUCOR CORP,NO,Primary Metals,Sodium nitrite,NO
2021,28638CHMCLPOBOX,110000350913.0,RPM WOOD FINISHES GROUP INC,3194 HICKORY BLVD,HUDSON,CALDWELL,NC,28638,35.84148,-81.46758,RPM INTERNATIONAL INC,NO,Chemicals,Ethylbenzene,YES
2021,27406STCKH2408D,110000346607.0,SOLENIS LLC,2401 DOYLE ST,GREENSBORO,GUILFORD,NC,27406,36.0441,-79.78814,PLATINUM EQUITY ADVISORS LLC,NO,Chemicals,Acrylic acid,NO
2021,27536KNNMTSTATE,110000346910.0,KENNAMETAL INC,139 WAREHO US E RD,HENDERSON,VANCE,NC,27537,36.292666,-78.4015,KENNAMETAL INC,NO,Primary Metals,Cobalt,YES
2021,28054NRYLC214WE,110000348259.0,LANXESS SOLUTIONS US INC,214 W RUBY AVE,GASTONIA,GASTON,NC,28054,35.243611,-81.1875,LANXESS CORP,NO,Chemicals,"4,4'-Methylenedianiline",YES
2021,28075MNRLRHWY49,110057679739.0,VENATOR CHEMICALS LLC,5910 PHARR MILL RD,HARRISBURG,CABARRUS,NC,28075,35.33417,-80.6177,VENATOR AMERICAS LLC,NO,Chemicals,Lithium carbonate,NO
2021,27806TXSGLHIGHW,110000586376.0,PCS PHOSPHATE CO INC,1530 NC HWY 306 S,AURORA,BEAUFORT,NC,27806,35.37745,-76.778816,POTASH HOLDING CO INC,NO,Chemicals,Cadmium  And Cadmium Compounds,YES
2021,27513STNQLONEQU,110002098890.0,KELLOGG'S SNACKS - CARY BAKERY,ONE QUALITY LN,CARY,WAKE,NC,27513,35.81711,-78.80972,KELLOGG CO,NO,Food,Acetaldehyde,YES
2021,2789WSPRRS1613W,110004044052.0,SEPRO RESEARCH & TECHNOLOGY CAMPUS,16013 WATSON SEED FARM ROAD,WHITAKERS,NASH,NC,27891,36.126753,-77.735711,SEPRO CORP,NO,Chemicals,Copper compounds,NO
2021,27530PPRTS300DI,110000346876.0,AP EMISSIONS TECHNOLOGIES INC,300 DIXIE TRAIL,GOLDSBORO,WAYNE,NC,27530,35.3577,-78.00213,NA,NO,Transportation Equipment,Chromium compounds (except for chromite ore mined in the Transvaal Region),NO
2021,2780WPNCLL542EN,110060260621.0,HUBBELL LENOIR CITY ROCKY MOUNT,546 ENGLISH RD,ROCKY MOUNT,NASH,NC,27804,35.979988,-77.852888,HUBBELL INC,NO,Plastics and Rubber,Lead compounds,NO
2021,2728WDNCST328SU,110024419814.0,EDEN CUSTOM PROCESSING LLC,328 SUMMIT RD,EDEN,ROCKINGHAM,NC,27288,36.5153,-79.72354,NA,NO,Chemicals,Ethylene glycol,NO
2021,28134RTLND9635I,110000348801.0,MEXICHEM SPECIALTY COMPOUNDS,9635 INDUSTRIAL DR,PINEVILLE,MECKLENBURG,NC,28134,35.10231,-80.88803,MEXICHEM SPECIALTY COMPOUNDS INC,NO,Chemicals,Antimony compounds,NO
2021,2827WHBRNR325EH,110013395165.0,ARGOS HEBRON RD CONCRETE PLANT,325 E HEBRON ST,CHARLOTTE,MECKLENBURG,NC,28273,35.12796,-80.88714,ARGOS USA CORP,NO,Nonmetallic Mineral Product,Lead,YES
2021,28107CRNNG14556,110000724360.0,CORNING INC,14556 HWY 601,MIDLAND,CABARRUS,NC,28107,35.214624,-80.523233,CORNING INC,NO,Nonmetallic Mineral Product,Chlorine,NO
2021,27052DKNRGPINEH,110000604141.0,DUKE ENERGY CAROLINAS LLC - BELEWS CREEK STEAM STATION,3195 PINE HALL RD,WALNUT COVE,STOKES,NC,27052,36.281338,-80.059438,DUKE ENERGY CORP,NO,Electric Utilities,Lead  And Lead Compounds,NO
2021,2862WMSBRY23FAN,110070814243.0,AMESBURYTRUTH,125 AMESBURY TRUTH DR,STATESVILLE,IREDELL,NC,28625,35.76479,-80.82044,AMESBURY GROUP,NO,Plastics and Rubber,Diisocyanates,NO
2021,28365CRLNTPOBOX,110000562221.0,BUTTERBALL LLC,1628 GARNER'S CHAPEL,MOUNT OLIVE,DUPLIN,NC,28365,35.142744,-77.912512,SEABOARD CORP,NO,Food,Peracetic acid,NO
2021,27261CNCPT2631E,110000345813.0,CONCEPT PLASTICS INC.,1218 HICKORY CHAPEL RD,HIGH POINT,GUILFORD,NC,27260,35.953146,-79.969818,NA,NO,Plastics and Rubber,Styrene,YES
2021,28601HCKRY379TH,110000764959.0,HICKORY CHAIR LLC,37 9TH ST PL SE,HICKORY,CATAWBA,NC,28602,35.73756,-81.31945,NA,NO,Furniture,Dioxin and dioxin-like compounds,YES
2021,2814WCRLNC1E17T,110012476043.0,CHROMA COLOR CORP,100 E 17TH ST,SALISBURY,ROWAN,NC,28144,35.680857,-80.44874,CHROMA COLOR CORP,NO,Plastics and Rubber,Zinc compounds,NO
2021,28560WYRHSSTREE,110000350478.0,INTERNATIONAL PAPER- NEW BERN MILL,1785 WEYERHAEUSER RD,VANCEBORO,CRAVEN,NC,28586,35.212247,-77.114823,INTERNATIONAL PAPER CO,NO,Paper,Barium compounds (except for barium sulfate (CAS No. 7727-43-7)),NO
2021,28787RLNCLREEMS,110000351681.0,DODGE MECHANICAL POWER TRANSMISSION CO,70 REEMS CREEK RD,WEAVERVILLE,BUNCOMBE,NC,28787,35.68472,-82.56483,RBC BEARINGS INC,NO,Machinery,Nickel,YES
2021,28213NCLCH14700,110059780198.0,MALLARD CREEK POLYMERS,2800 MOREHEAD RD,CHARLOTTE,MECKLENBURG,NC,28262,35.350334,-80.714847,NA,NO,Chemicals,Acrylic acid,NO
2021,28208SHLND3930G,110000349329.0,NEXEO SOLUTIONS LLC,3930 GLENWOOD DR,CHARLOTTE,MECKLENBURG,NC,28208,35.2511,-80.8855,UNIVAR SOLUTIONS USA INC,NO,Chemical Wholesalers,Xylene (mixed isomers),NO
2021,28115NGKCR119MA,110030816605.0,NGK CERAMICS USA INC,119 MAZEPPA RD,MOORESVILLE,IREDELL,NC,28115,35.614,-80.81605,NGK NORTH AMERICA,NO,Nonmetallic Mineral Product,Nitrate compounds (water dissociable; reportable only when in aqueous solution),NO
2021,2710WWVRFR444NC,110071340144.0,WEAVER FERTILIZER INC.,4440 N CHERRY ST,WINSTON SALEM,FORSYTH,NC,27105,36.14964,-80.2642,,NO,Chemicals,Zinc compounds,NO
2021,27282CHMCN108OA,110000345957.0,UNIVAR SOLUTIONS USA INC,108 OAKDALE RD,JAMESTOWN,GUILFORD,NC,27282,35.99347,-79.93371,UNIVAR SOLUTIONS USA INC,NO,Chemical Wholesalers,Toluene,NO
2021,2814WCNCRT1833J,110009853211.0,CONCRETE SUPPLY CO - SALISBURY,1833 JAKE ALEXANDER BLVD,SALISBURY,ROWAN,NC,28144,35.712742,-80.404732,CONCRETE SUPPLY CO LLC,NO,Nonmetallic Mineral Product,Lead  And Lead Compounds,NO
2021,28360LKYST88CAT,110001493090.0,ELKAY PLUMBING PRODUCTS CO,880 CATON ROAD,LUMBERTON,ROBESON,NC,28360,34.64175,-79.07481,ELKAY MANUFACTURING CO,NO,Fabricated Metals,Chromium,NO
2021,27410SHRWN113ST,110000346741.0,SHERWIN-WILLIAMS CO,113 STAGE COACH TRAIL,GREENSBORO,GUILFORD,NC,27409,36.07644,-79.91277,THE SHERWIN-WILLIAMS CO,NO,Chemicals,Ethylbenzene,YES
2021,28610FBRPT2512B,110067042113.0,PRYSMIAN CABLES & SYSTEMS USA LLC,2512 PENNY RD,CLAREMONT,CATAWBA,NC,28610,35.7028,-81.15423,PRYSMIAN CABLES & SYSTEMS (US) INC,NO,Nonmetallic Mineral Product,Certain glycol ethers,NO
2021,27203PLSTCHWY49,110007120748.0,CHROMA COLOR CORP (FORMERLY PLASTIC COLOR CORP,1134 HIGHWAY 49 SOUTH,ASHEBORO,RANDOLPH,NC,27205,35.673437,-79.865324,CHROMA COLOR CORP,NO,Chemicals,Zinc compounds,NO
2021,2789WBLCKC252WI,110043968418.0,ERGON ASPHALT & EMULSIONS INC. - WILSON,2520 WILCO BLVD S,WILSON,WILSON,NC,27893,35.689881,-77.917223,ERGON INC,NO,Petroleum,"Benzo[g,h,i]perylene",NO
2021,28278NXNTR182WI,110018854051.0,INX INTERNATIONAL INK CO.,10820 WITHERS PARK DR,CHARLOTTE,MECKLENBURG,NC,28278,35.13687,-80.98279,INX INTERNATIONAL INK CO,NO,Chemicals,Copper compounds,NO
2021,28052FRGHT1400T,110000348124.0,DAIMLER TRUCKS NA LLC,1400 TULIP DR,GASTONIA,GASTON,NC,28052,35.28778,-81.20262,DAIMLER TRUCKS NORTH AMERICA LLC,NO,Transportation Equipment,Chromium,NO
2021,27403DSTNC1025H,110000346518.0,SHERWIN-WILLIAMS CO,1025 HOWARD ST,GREENSBORO,GUILFORD,NC,27403,36.06238,-79.83395,THE SHERWIN-WILLIAMS CO,NO,Chemicals,Manganese compounds,NO
2021,27359HNDPWHONDA,110056965020.0,NORTH CAROLINA MANUFACTURING,3721 NC HWY 119,SWEPSONVILLE,ALAMANCE,NC,27359,36.030792,-79.342882,AMERICAN HONDA MOTOR CO INC,NO,Machinery,Lead,YES
2021,28054WLSHC207TE,110041964201.0,LUBRIZOL,207 TELEGRAPH DR,GASTONIA,GASTON,NC,28056,35.20176,-81.20877,BERKSHIRE HATHAWAY INC,NO,Chemicals,Styrene,YES
2021,27549TNYLM309BU,110007376044.0,TONEY LUMBER CO,309 BUNN RD,LOUISBURG,FRANKLIN,NC,27549,36.08797,-78.30422,NA,NO,Wood Products,Lead compounds,NO
2021,2870WLNMRX2169B,110070121475.0,LINAMAR NC,2169 HENDERSONVILLE RD,ARDEN,BUNCOMBE,NC,28704,35.48056,-82.52453,LINAMAR CORP,NO,Transportation Equipment,Lead,YES
2021,28210FRTLY2911N,110000349383.0,FRITO-LAY,2911 NEVADA BLVD,CHARLOTTE,MECKLENBURG,NC,28273,35.11746,-80.94108,PEPSICO INC,NO,Food,Peracetic acid,NO
2021,2725WNDLRX932EA,110056968456.0,INDULOR AMERICA LP,932 E ELM ST,GRAHAM,ALAMANCE,NC,27253,36.08125,-79.38037,NA,NO,Chemicals,Ammonia,NO
2021,28164BLMNC7733L,110009857994.0,BLUM INC,7733 OLD PLANK RD,STANLEY,LINCOLN,NC,28164,35.41719,-81.01301,NA,NO,Fabricated Metals,Lead,YES
2021,2865WMRCNR37BUR,110004038194.0,AMERICAN ROLLER BEARING CO,307 BURKE DR,MORGANTON,BURKE,NC,28655,35.74948,-81.66411,AMERICAN ROLLER BEARING CO,NO,Fabricated Metals,Lead,YES
2021,28402GLDBN838SU,110001480415.0,GOLD BOND BUILDING PRODUCTS - WILMINGTON,838 SUNNYVALE DR,WILMINGTON,NEW HANOVER,NC,28412,34.17217,-77.94675,GOLD BOND BUILDING PRODUCTS LLC,NO,Nonmetallic Mineral Product,Lead,YES
2021,27565CRTNT200CE,110000347018.0,CERTAINTEED CORP.,200 CERTAINTEED RD,OXFORD,GRANVILLE,NC,27565,36.293789,-78.615014,SAINT-GOBAIN CORP,NO,Petroleum,Lead  And Lead Compounds,NO
2021,27886LCTLT2801A,110000347697.0,"LS CABLE & SYSTEM U.S.A., INC.",2901 ANACONDA RD,TARBORO,EDGECOMBE,NC,27886,35.91085,-77.5804,SUPERIOR ESSEX INC,NO,Primary Metals,Copper,NO
2021,2802WDNPMS4524E,110001493492.0,DNP IMAGINGCOMM AMERICA CORP,4524 ENTERPRISE DR NW,CONCORD,CABARRUS,NC,28027,35.42222,-80.65922,DNP IMAGINGCOMM AMERICA CORP,NO,Miscellaneous Manufacturing,Toluene,NO
2021,2752WFQYXX243PR,110071042164.0,CONCRETE SUPPLY CO. LLC - FUQUAY,243 PROGRESS DR,FUQUAY VARINA,HARNETT,NC,27526,35.56566,-78.86686,CONCRETE SUPPLY CO LLC,NO,Nonmetallic Mineral Product,Lead  And Lead Compounds,NO
2021,2803WLNXSS1225G,110046599285.0,LANXESS CORP,1225 GASTONIA TECHNOLOGY PKWY,DALLAS,GASTON,NC,28034,35.30598,-81.20974,LANXESS CORP,NO,Chemicals,Zinc compounds,NO
2021,2821WLFHTT411SA,110043670373.0,BRADDOCK METALLURGICAL - CHARLOTTE INC.,4110 SAM WILSON ROAD,CHARLOTTE,MECKLENBURG,NC,28214,35.238638,-80.983244,BRADDOCK METALLURGICAL,NO,Fabricated Metals,Ammonia,NO
2021,28273WRTHC11750,110000349711.0,BRENNTAG MID-SOUTH,11750 FRUEHAUF DR,CHARLOTTE,MECKLENBURG,NC,28273,35.12582,-80.95812,BRENNTAG NORTH AMERICA INC,NO,Chemical Wholesalers,Ethylbenzene,YES
2021,2827WSFTYK124GD,110009717128.0,SAFETY-KLEEN SYSTEMS INC,12040 GOODRICH DR,CHARLOTTE,MECKLENBURG,NC,28273,35.12617,-80.96417,CLEAN HARBORS INC,NO,Hazardous Waste,Zinc compounds,NO
2021,2710WWVRFR444NC,110071340144.0,WEAVER FERTILIZER INC.,4440 N CHERRY ST,WINSTON SALEM,FORSYTH,NC,27105,36.14964,-80.2642,,NO,Chemicals,Manganese compounds,NO
2021,28053WNSTL2528N,110000348231.0,CMC REBAR,2528 N CHESTER ST,GASTONIA,GASTON,NC,28052,35.29441,-81.1879,COMMERCIAL METALS CO,NO,Fabricated Metals,Nickel compounds,YES
2021,28120HCHSTPOBOX,110000348687.0,CLARIANT CORP-MOUNT HOLLY WEST PLANT,625 E CATAWBA AVE,MOUNT HOLLY,GASTON,NC,28120,35.295833,-81.006667,CLARIANT CORP,NO,Chemicals,n-Butyl alcohol,NO
2021,28458VLLYPHWY11,110000604294.0,VALLEY PROTEINS INC-ROSE HILL FACILITY,469 YELLOW CUT RD,ROSE HILL,DUPLIN,NC,28458,34.838207,-78.035053,VALLEY PROTEINS INC,NO,Food,Ammonia,NO
2021,2862WPTTSB3PGWD,110055586101.0,PITTSBURGH GLASS WORKS - ELKIN PLANT,300 PGW DRIVE,ELKIN,SURRY,NC,28621,36.273581,-80.833979,VITRO ASSETS CORP TEXAS,NO,Nonmetallic Mineral Product,Zinc compounds,NO
2021,28328DBSST906IN,110001493189.0,DUBOSE STRAPPING INC,906 INDUSTRIAL DR,CLINTON,SAMPSON,NC,28328,35.019539,-78.334228,DUBOSE STRAPPING INC,NO,Fabricated Metals,Nickel,YES
2021,28024DKNRGDUKEP,110006424404.0,DUKE ENERGY CAROLINAS LLC - ROGERS ENERGY COMPLEX,573 DUKE POWER RD,MOORESBORO,RUTHERFORD,NC,28114,35.217222,-81.761111,DUKE ENERGY CORP,NO,Electric Utilities,Mercury compounds,NO
2021,27828STHRNSOUTH,110007115371.0,BUTTERBALL FARMVILLE FEED MILL,3628 S. FIELDS ST.,FARMVILLE,PITT,NC,27828,35.597673,-77.592218,SEABOARD CORP,NO,Food,Formaldehyde,YES
2021,2878WSTHRN254LL,110070068097.0,SOUTHERN CONCRETE MATERIALS-WEAVERVILLE PLANT,254 OLLIE WEAVER RD,WEAVERVILLE,BUNCOMBE,NC,28787,35.720529,-82.572216,HEDRICK INDUSTRIES,NO,Nonmetallic Mineral Product,Lead  And Lead Compounds,NO
2021,28557BLLYR135LI,110009858038.0,BALLY REFRIGERATED BOXES INC.,135 LITTLE NINE ROAD,MOREHEAD CITY,CARTERET,NC,28557,34.739493,-76.808982,BALLY REFRIGERATED BOXES INC,NO,Machinery,Diisocyanates,NO
2021,27103TYLRB2415S,110001477526.0,AMERICAN SNUFF CO LLC TAYLOR BROTHERS DIV,2415 S STRATFORD RD,WINSTON SALEM,FORSYTH,NC,27103,36.052422,-80.320419,REYNOLDS AMERICAN INC,NO,Tobacco,Nicotine and salts,NO
2021,28352LBBYWHWY74,110064226868.0,PILKINGTON NA,13121 ROCKY FORD RD,LAURINBURG,SCOTLAND,NC,28352,34.748702,-79.405889,PILKINGTON NORTH AMERICA INC,NO,Nonmetallic Mineral Product,"Sulfuric acid (acid aerosols including mists, vapors, gas, fog, and other airborne forms of any particle size)",NO
2021,28551CRSHNOLDUS,110001492028.0,EATON'S CROUSE-HINDS LLC,4758 E  WASHINGTON ST,LA GRANGE,LENOIR,NC,28551,35.2906,-77.76157,EATON CORP,NO,Electrical Equipment,Lead compounds,NO
2021,28533SDDSMNCHWY,110000604301.0,U.S. MARINE CORPS CHERRY POINT AIR STATION,NC HWY 101 AT US 70 W,CHERRY POINT,CRAVEN,NC,285330006,34.905641,-76.893355,US DEPARTMENT OF DEFENSE,YES,Other,Lead,YES
2021,27530HFLST1677O,110000496552.0,DUKE ENERGY PROGRESS LLC - H F LEE ENERGY COMPLEX,1199 BLACK JACK CHURCH RD,GOLDSBORO,WAYNE,NC,27530,35.37991,-78.087688,DUKE ENERGY CORP,NO,Electric Utilities,Lead compounds,NO
2021,2832WDBSNT9INDU,110070669640.0,DUBOSE NATIONAL ENERGY SERVICES INC.,900 INDUSTRIAL DR,CLINTON,SAMPSON,NC,28328,35.023,-78.33492,RELIANCE STEEL & ALUMINUM CO,NO,Fabricated Metals,Chromium,NO
2021,28139LLDDC18IND,110018748140.0,AALLIED DIE CASTING OF N.C.,401 AALLIED DR,RUTHERFORDTON,RUTHERFORD,NC,28139,35.35602,-81.95744,RCM INDUSTRIES,NO,Primary Metals,Nickel,YES
2021,28804RVCSC275AI,110009296699.0,THERMO FISHER SCIENTIFIC,275 AIKEN RD,ASHEVILLE,BUNCOMBE,NC,28804,35.6849,-82.57636,THERMO FISHER SCIENTIFIC INC,NO,Machinery,Copper,NO
2021,2810WCNCRT44SEA,110028915761.0,CONCRETE SUPPLY CO - MATTHEWS,440 SEABOARD DR,MATTHEWS,UNION,NC,28104,35.095283,-80.690883,CONCRETE SUPPLY CO LLC,NO,Nonmetallic Mineral Product,Lead  And Lead Compounds,NO
2021,28273WRTHC11750,110000349711.0,BRENNTAG MID-SOUTH,11750 FRUEHAUF DR,CHARLOTTE,MECKLENBURG,NC,28273,35.12582,-80.95812,BRENNTAG NORTH AMERICA INC,NO,Chemical Wholesalers,Cyclohexane,NO
2021,28901TBRDM1000H,110000351789.0,TEAM INDUSTRIES ANDREWS INC.,3750 AIRPORT RD,ANDREWS,CHEROKEE,NC,28901,35.186,-83.895944,TEAM INDUSTRIES,NO,Machinery,Propylene,NO
2021,28054WLSHC207TE,110041964201.0,LUBRIZOL,207 TELEGRAPH DR,GASTONIA,GASTON,NC,28056,35.20176,-81.20877,BERKSHIRE HATHAWAY INC,NO,Chemicals,Antimony compounds,NO
2021,27886HCCMP19WSA,110007659033.0,HC COMPOSITES LLC,1090 W ST JAMES ST,TARBORO,EDGECOMBE,NC,27886,35.8876,-77.55041,NA,NO,Transportation Equipment,Styrene,YES
2021,2813WCNSTR1221N,110043550092.0,CONTROLS SOUTHEAST INC.,12201 NATIONS FORD RD,PINEVILLE,MECKLENBURG,NC,28134,35.099108,-80.915766,AMETEK INC,NO,Fabricated Metals,Manganese,NO
2021,28609CMMSCPOBOX,110009855237.0,COMMSCOPE INC (CATAWBA FACILITY),6519 COMM SCOPE RD,CATAWBA,CATAWBA,NC,28609,35.65418,-81.03429,COMMSCOPE INC,NO,Electrical Equipment,Antimony compounds,NO
2021,28379PRDNC416SO,110000350156.0,ROCKINGHAM PROCESSING PLANT,416 S LONG DR,ROCKINGHAM,RICHMOND,NC,28379,34.934167,-79.753611,PERDUE FARMS INC,NO,Food,Ammonia,NO
2021,2814WSTHRN235PE,110070068092.0,SWS CONCRETE-SALISBURY PLANT,235 PEELER RD,SALISBURY,ROWAN,NC,28147,35.61856,-80.52807,STEVENSON-WEIR/SOUTHERN LLC,NO,Nonmetallic Mineral Product,Lead  And Lead Compounds,NO
2021,28208SHLND3930G,110000349329.0,NEXEO SOLUTIONS LLC,3930 GLENWOOD DR,CHARLOTTE,MECKLENBURG,NC,28208,35.2511,-80.8855,UNIVAR SOLUTIONS USA INC,NO,Chemical Wholesalers,Toluene,NO
2021,2873WSTHRN493WE,110069249094.0,SOUTHERN CONCRETE MATERIALS-FRANKLIN PLANT,493 WELLS GROVE RD,FRANKLIN,MACON,NC,28734,35.17129,-83.36704,HEDRICK INDUSTRIES,NO,Nonmetallic Mineral Product,Lead  And Lead Compounds,NO
2021,27962WYRHSTROWB,110013794000.0,DOMTAR PAPER CO LLC-PLYMOUTH MILL,TROWBRIDGE RD,PLYMOUTH,MARTIN,NC,27962,35.861716,-76.779683,DOMTAR CORP,NO,Paper,Zinc compounds,NO
2021,27371TRYLM110LE,110009857397.0,TROY LUMBER CO,110 LESLIE ST,TROY,MONTGOMERY,NC,27371,35.367295,-79.893595,NA,NO,Wood Products,Lead,YES
2021,28086NVLKN304LI,110001476714.0,CORMETECH INC.,304 LINWOOD RD,KINGS MOUNTAIN,CLEVELAND,NC,28086,35.25198,-81.3338,CORMETECH INC,NO,Machinery,Arsenic,YES
2021,28636MRCNRINTER,110007663876.0,AMERICAN ROLLER BEARING & MANUFACTURING INC,1095 MCCLAIN RD,HIDDENITE,ALEXANDER,NC,28636,35.88375,-81.09311,AMERICAN ROLLER BEARING CO,NO,Fabricated Metals,Chromium,NO
2021,2740WGRNSB1124S,110070070851.0,GREENSBORO PLANT,1124 S HOLDEN RD,GREENSBORO,GUILFORD,NC,27407,36.05822,-79.84236,RUSSELL STANDARD CORP,NO,Petroleum,"Benzo[g,h,i]perylene",NO
2021,2830WMRCNP318BL,110001476992.0,AMERICAN PHOENIX INC.,318 BLOUNT STREET,FAYETTEVILLE,CUMBERLAND,NC,28301,35.04731,-78.88473,AMERICAN PHOENIX INC,NO,Chemicals,Cobalt  And Cobalt Compounds,NO
2021,28214TRNSM7401O,110000492672.0,BLANCHARD TERMINAL CO - CHARLOTTE EAST NC TERMINAL,7401 OLD MT HOLLY RD,CHARLOTTE,MECKLENBURG,NC,28214,35.277522,-80.931366,MARATHON PETROLEUM CORP,NO,Petroleum Bulk Terminals,Cumene,YES
2021,2845WNSHJH3362H,110039019433.0,NASH JOHNSON & SONS FARMS INC ROSE HILL FEED MILL,3362 HWY 117 N,ROSE HILL,DUPLIN,NC,28458,34.855527,-78.036865,HOUSE OF RAEFORD,NO,Food,Manganese compounds,NO
2021,28208SHLND3930G,110000349329.0,NEXEO SOLUTIONS LLC,3930 GLENWOOD DR,CHARLOTTE,MECKLENBURG,NC,28208,35.2511,-80.8855,UNIVAR SOLUTIONS USA INC,NO,Chemical Wholesalers,n-Butyl alcohol,NO
